run_id,method_id,scenario_id,seed,git_commit,config_hash,record_type,series_index,environment_steps,episode_index,environment_seed,completed_boundary,transition_count,reward,reward_mean,reward_positive,penalty_total,completion_component,expiration_penalty,workload_penalty,energy_penalty,completed_task_count,expired_task_count,update_index,ppo_epoch_index,policy_version_before,policy_version_after,alpha,critic_learning_rate,ppo_clip_epsilon,loss,loss_type,actor_loss,critic_loss,entropy,total_loss,ratio,actor_grad_norm_before_clip,critic_grad_norm_before_clip,signal_gate_status
ca_gat_mappo__small__seed-42__cfg-6f2181b8e38c__git-e469ac5d152b,ca_gat_mappo,small,42,e469ac5d152b50c21427eecb0c098f60c618f9f3,6f2181b8e38c9454f0e5c0e44c3d52a8d1e1e11d7c4abe30331f6c5c8ef4e824,episode,1,500,0,11465652750463011511,True,500,-114.3409471271098,-0.2286818942542196,0.0,114.34094712710979,0.0,99.0,15.337979677852339,0.002967449257444664,0.0,99.0,,,,,,,,,,,,,,,,,signal-watch
ca_gat_mappo__small__seed-42__cfg-6f2181b8e38c__git-e469ac5d152b,ca_gat_mappo,small,42,e469ac5d152b50c21427eecb0c098f60c618f9f3,6f2181b8e38c9454f0e5c0e44c3d52a8d1e1e11d7c4abe30331f6c5c8ef4e824,episode,2,1000,1,15658369528003122356,True,500,-93.77499318132226,-0.18754998636264453,6.0,99.77499318132217,6.0,86.0,13.7711408296497,0.00385235167246578,6.0,86.0,,,,,,,,,,,,,,,,,signal-watch
ca_gat_mappo__small__seed-42__cfg-6f2181b8e38c__git-e469ac5d152b,ca_gat_mappo,small,42,e469ac5d152b50c21427eecb0c098f60c618f9f3,6f2181b8e38c9454f0e5c0e44c3d52a8d1e1e11d7c4abe30331f6c5c8ef4e824,episode,3,1500,2,11821647455969306524,True,500,-114.66589370023125,-0.2293317874004625,2.0,116.66589370023122,2.0,101.0,15.66230586866705,0.0035878315641687097,2.0,101.0,,,,,,,,,,,,,,,,,signal-watch
ca_gat_mappo__small__seed-42__cfg-6f2181b8e38c__git-e469ac5d152b,ca_gat_mappo,small,42,e469ac5d152b50c21427eecb0c098f60c618f9f3,6f2181b8e38c9454f0e5c0e44c3d52a8d1e1e11d7c4abe30331f6c5c8ef4e824,episode,4,2000,3,18141372322412330060,True,500,-76.64126712016058,-0.15328253424032115,9.0,85.64126712016062,9.0,75.0,10.637799853389042,0.003467266771575007,9.0,75.0,,,,,,,,,,,,,,,,,signal-watch
ca_gat_mappo__small__seed-42__cfg-6f2181b8e38c__git-e469ac5d152b,ca_gat_mappo,small,42,e469ac5d152b50c21427eecb0c098f60c618f9f3,6f2181b8e38c9454f0e5c0e44c3d52a8d1e1e11d7c4abe30331f6c5c8ef4e824,episode,5,2500,4,12942005313116043004,True,500,-109.05358455177246,-0.2181071691035449,4.0,113.05358455177243,4.0,98.0,15.049748093058726,0.003836458713708669,4.0,98.0,,,,,,,,,,,,,,,,,signal-watch
ca_gat_mappo__small__seed-42__cfg-6f2181b8e38c__git-e469ac5d152b,ca_gat_mappo,small,42,e469ac5d152b50c21427eecb0c098f60c618f9f3,6f2181b8e38c9454f0e5c0e44c3d52a8d1e1e11d7c4abe30331f6c5c8ef4e824,episode,6,3000,5,83509503666147837,True,500,-105.8653962794744,-0.2117307925589488,2.0,107.86539627947437,2.0,94.0,13.862736607439459,0.0026596720349137035,2.0,94.0,,,,,,,,,,,,,,,,,signal-watch
ca_gat_mappo__small__seed-42__cfg-6f2181b8e38c__git-e469ac5d152b,ca_gat_mappo,small,42,e469ac5d152b50c21427eecb0c098f60c618f9f3,6f2181b8e38c9454f0e5c0e44c3d52a8d1e1e11d7c4abe30331f6c5c8ef4e824,episode,7,3500,6,8791827420312658877,True,500,-83.32190213550197,-0.16664380427100395,4.0,87.32190213550194,4.0,77.0,10.31954824280248,0.0023538926994700164,4.0,77.0,,,,,,,,,,,,,,,,,signal-watch
ca_gat_mappo__small__seed-42__cfg-6f2181b8e38c__git-e469ac5d152b,ca_gat_mappo,small,42,e469ac5d152b50c21427eecb0c098f60c618f9f3,6f2181b8e38c9454f0e5c0e44c3d52a8d1e1e11d7c4abe30331f6c5c8ef4e824,episode,8,4000,7,10473664704035447458,True,500,-107.35426449239968,-0.21470852898479936,2.0,109.35426449239976,2.0,93.0,16.351906237110356,0.0023582552894070292,2.0,93.0,,,,,,,,,,,,,,,,,signal-watch
ca_gat_mappo__small__seed-42__cfg-6f2181b8e38c__git-e469ac5d152b,ca_gat_mappo,small,42,e469ac5d152b50c21427eecb0c098f60c618f9f3,6f2181b8e38c9454f0e5c0e44c3d52a8d1e1e11d7c4abe30331f6c5c8ef4e824,episode,9,4500,8,7385000503980522420,True,500,-108.7139216628557,-0.21742784332571138,2.0,110.7139216628557,2.0,95.0,15.711709155831887,0.002212507023811153,2.0,95.0,,,,,,,,,,,,,,,,,signal-watch
ca_gat_mappo__small__seed-42__cfg-6f2181b8e38c__git-e469ac5d152b,ca_gat_mappo,small,42,e469ac5d152b50c21427eecb0c098f60c618f9f3,6f2181b8e38c9454f0e5c0e44c3d52a8d1e1e11d7c4abe30331f6c5c8ef4e824,episode,10,5000,9,8061443053443875443,True,500,-87.5480997292857,-0.17509619945857138,1.0,88.54809972928567,1.0,77.0,11.546263137652558,0.0018365916331153458,1.0,77.0,,,,,,,,,,,,,,,,,signal-watch
ca_gat_mappo__small__seed-42__cfg-6f2181b8e38c__git-e469ac5d152b,ca_gat_mappo,small,42,e469ac5d152b50c21427eecb0c098f60c618f9f3,6f2181b8e38c9454f0e5c0e44c3d52a8d1e1e11d7c4abe30331f6c5c8ef4e824,episode,11,5500,10,3000636453440181237,True,500,-92.95689389698545,-0.18591378779397089,7.0,99.95689389698553,7.0,84.0,15.953004743076395,0.003889153909133784,7.0,84.0,,,,,,,,,,,,,,,,,signal-watch
ca_gat_mappo__small__seed-42__cfg-6f2181b8e38c__git-e469ac5d152b,ca_gat_mappo,small,42,e469ac5d152b50c21427eecb0c098f60c618f9f3,6f2181b8e38c9454f0e5c0e44c3d52a8d1e1e11d7c4abe30331f6c5c8ef4e824,episode,12,6000,11,1836629433376927409,True,500,-71.20738889214188,-0.14241477778428377,15.0,86.2073888921419,15.0,73.0,13.20356313642932,0.0038257557125804687,15.0,73.0,,,,,,,,,,,,,,,,,signal-watch
ca_gat_mappo__small__seed-42__cfg-6f2181b8e38c__git-e469ac5d152b,ca_gat_mappo,small,42,e469ac5d152b50c21427eecb0c098f60c618f9f3,6f2181b8e38c9454f0e5c0e44c3d52a8d1e1e11d7c4abe30331f6c5c8ef4e824,episode,13,6500,12,12764375309156168509,True,500,-71.50931763443336,-0.1430186352688667,12.0,83.50931763443336,12.0,71.0,12.5063924437668,0.0029251906665649116,12.0,71.0,,,,,,,,,,,,,,,,,signal-watch
ca_gat_mappo__small__seed-42__cfg-6f2181b8e38c__git-e469ac5d152b,ca_gat_mappo,small,42,e469ac5d152b50c21427eecb0c098f60c618f9f3,6f2181b8e38c9454f0e5c0e44c3d52a8d1e1e11d7c4abe30331f6c5c8ef4e824,episode,14,7000,13,6687531385899574914,True,500,-117.4526469951738,-0.2349052939903476,1.0,118.4526469951738,1.0,101.0,17.451242549570193,0.0014044456036043658,1.0,101.0,,,,,,,,,,,,,,,,,signal-watch
ca_gat_mappo__small__seed-42__cfg-6f2181b8e38c__git-e469ac5d152b,ca_gat_mappo,small,42,e469ac5d152b50c21427eecb0c098f60c618f9f3,6f2181b8e38c9454f0e5c0e44c3d52a8d1e1e11d7c4abe30331f6c5c8ef4e824,episode,15,7500,14,12325896752067391801,True,500,-122.84206232210005,-0.24568412464420009,1.0,123.84206232209996,1.0,106.0,17.840625117935875,0.0014372041640946483,1.0,106.0,,,,,,,,,,,,,,,,,signal-watch
ca_gat_mappo__small__seed-42__cfg-6f2181b8e38c__git-e469ac5d152b,ca_gat_mappo,small,42,e469ac5d152b50c21427eecb0c098f60c618f9f3,6f2181b8e38c9454f0e5c0e44c3d52a8d1e1e11d7c4abe30331f6c5c8ef4e824,episode,16,8000,15,6268624617681093759,True,500,-121.2225027486979,-0.2424450054973958,0.0,121.22250274869782,0.0,103.0,18.220882405411444,0.0016203432863778492,0.0,103.0,,,,,,,,,,,,,,,,,signal-watch
ca_gat_mappo__small__seed-42__cfg-6f2181b8e38c__git-e469ac5d152b,ca_gat_mappo,small,42,e469ac5d152b50c21427eecb0c098f60c618f9f3,6f2181b8e38c9454f0e5c0e44c3d52a8d1e1e11d7c4abe30331f6c5c8ef4e824,episode,17,8500,16,4613060145578951867,True,500,-99.59287725270673,-0.19918575450541345,0.0,99.59287725270674,0.0,85.0,14.590958054613324,0.001919198093417786,0.0,85.0,,,,,,,,,,,,,,,,,signal-watch
ca_gat_mappo__small__seed-42__cfg-6f2181b8e38c__git-e469ac5d152b,ca_gat_mappo,small,42,e469ac5d152b50c21427eecb0c098f60c618f9f3,6f2181b8e38c9454f0e5c0e44c3d52a8d1e1e11d7c4abe30331f6c5c8ef4e824,episode,18,9000,17,16590819629083839184,True,500,-113.96020541701346,-0.22792041083402692,4.0,117.96020541701357,4.0,101.0,16.958524106218746,0.0016813107948174177,4.0,101.0,,,,,,,,,,,,,,,,,signal-watch
ca_gat_mappo__small__seed-42__cfg-6f2181b8e38c__git-e469ac5d152b,ca_gat_mappo,small,42,e469ac5d152b50c21427eecb0c098f60c618f9f3,6f2181b8e38c9454f0e5c0e44c3d52a8d1e1e11d7c4abe30331f6c5c8ef4e824,episode,19,9500,18,6015862112229537797,True,500,-129.05841406038886,-0.2581168281207777,1.0,130.05841406038886,1.0,111.0,19.056774677372076,0.0016393830167914978,1.0,111.0,,,,,,,,,,,,,,,,,signal-watch
ca_gat_mappo__small__seed-42__cfg-6f2181b8e38c__git-e469ac5d152b,ca_gat_mappo,small,42,e469ac5d152b50c21427eecb0c098f60c618f9f3,6f2181b8e38c9454f0e5c0e44c3d52a8d1e1e11d7c4abe30331f6c5c8ef4e824,episode,20,10000,19,1726380645918996821,True,500,-72.64040898828881,-0.14528081797657763,13.0,85.64040898828881,13.0,73.0,12.638324172453956,0.0020848158348564265,13.0,73.0,,,,,,,,,,,,,,,,,signal-watch
ca_gat_mappo__small__seed-42__cfg-6f2181b8e38c__git-e469ac5d152b,ca_gat_mappo,small,42,e469ac5d152b50c21427eecb0c098f60c618f9f3,6f2181b8e38c9454f0e5c0e44c3d52a8d1e1e11d7c4abe30331f6c5c8ef4e824,episode,21,10500,20,11327701547635627201,True,500,-129.60949848230726,-0.25921899696461453,0.0,129.60949848230726,0.0,111.0,18.608373140998633,0.001125341308612288,0.0,111.0,,,,,,,,,,,,,,,,,signal-watch
ca_gat_mappo__small__seed-42__cfg-6f2181b8e38c__git-e469ac5d152b,ca_gat_mappo,small,42,e469ac5d152b50c21427eecb0c098f60c618f9f3,6f2181b8e38c9454f0e5c0e44c3d52a8d1e1e11d7c4abe30331f6c5c8ef4e824,episode,22,11000,21,1483872008752602299,True,500,-107.62743978230888,-0.21525487956461778,6.0,113.6274397823089,6.0,98.0,15.625618357312256,0.0018214249966360693,6.0,98.0,,,,,,,,,,,,,,,,,signal-watch
ca_gat_mappo__small__seed-42__cfg-6f2181b8e38c__git-e469ac5d152b,ca_gat_mappo,small,42,e469ac5d152b50c21427eecb0c098f60c618f9f3,6f2181b8e38c9454f0e5c0e44c3d52a8d1e1e11d7c4abe30331f6c5c8ef4e824,episode,23,11500,22,5521568693234236954,True,500,-114.90133317002828,-0.22980266634005656,0.0,114.90133317002831,0.0,98.0,16.900240450480307,0.0010927195479957079,0.0,98.0,,,,,,,,,,,,,,,,,signal-watch
ca_gat_mappo__small__seed-42__cfg-6f2181b8e38c__git-e469ac5d152b,ca_gat_mappo,small,42,e469ac5d152b50c21427eecb0c098f60c618f9f3,6f2181b8e38c9454f0e5c0e44c3d52a8d1e1e11d7c4abe30331f6c5c8ef4e824,episode,24,12000,23,13432762685628854554,True,500,-92.6768978556148,-0.1853537957112296,0.0,92.67689785561487,0.0,79.0,13.676101855788962,0.0007959998258995574,0.0,79.0,,,,,,,,,,,,,,,,,signal-watch
ca_gat_mappo__small__seed-42__cfg-6f2181b8e38c__git-e469ac5d152b,ca_gat_mappo,small,42,e469ac5d152b50c21427eecb0c098f60c618f9f3,6f2181b8e38c9454f0e5c0e44c3d52a8d1e1e11d7c4abe30331f6c5c8ef4e824,episode,25,12500,24,6392554820605964434,True,500,-112.04526820747537,-0.22409053641495075,2.0,114.04526820747553,2.0,96.0,18.04410223215093,0.0011659753245953628,2.0,96.0,,,,,,,,,,,,,,,,,signal-watch
ca_gat_mappo__small__seed-42__cfg-6f2181b8e38c__git-e469ac5d152b,ca_gat_mappo,small,42,e469ac5d152b50c21427eecb0c098f60c618f9f3,6f2181b8e38c9454f0e5c0e44c3d52a8d1e1e11d7c4abe30331f6c5c8ef4e824,episode,26,13000,25,9308808172739498032,True,500,-133.63625329779603,-0.26727250659559204,1.0,134.636253297796,1.0,114.0,20.634571149434027,0.0016821483619759276,1.0,114.0,,,,,,,,,,,,,,,,,signal-watch
ca_gat_mappo__small__seed-42__cfg-6f2181b8e38c__git-e469ac5d152b,ca_gat_mappo,small,42,e469ac5d152b50c21427eecb0c098f60c618f9f3,6f2181b8e38c9454f0e5c0e44c3d52a8d1e1e11d7c4abe30331f6c5c8ef4e824,episode,27,13500,26,3555679840980675666,True,500,-82.16141335697327,-0.16432282671394655,12.0,94.16141335697318,12.0,81.0,13.15921905692483,0.0021943000483582572,12.0,81.0,,,,,,,,,,,,,,,,,signal-watch
ca_gat_mappo__small__seed-42__cfg-6f2181b8e38c__git-e469ac5d152b,ca_gat_mappo,small,42,e469ac5d152b50c21427eecb0c098f60c618f9f3,6f2181b8e38c9454f0e5c0e44c3d52a8d1e1e11d7c4abe30331f6c5c8ef4e824,episode,28,14000,27,8461852042247483737,True,500,-81.7343226093451,-0.1634686452186902,15.0,96.7343226093451,15.0,83.0,13.731981353572523,0.002341255772574501,15.0,83.0,,,,,,,,,,,,,,,,,signal-watch
ca_gat_mappo__small__seed-42__cfg-6f2181b8e38c__git-e469ac5d152b,ca_gat_mappo,small,42,e469ac5d152b50c21427eecb0c098f60c618f9f3,6f2181b8e38c9454f0e5c0e44c3d52a8d1e1e11d7c4abe30331f6c5c8ef4e824,episode,29,14500,28,18207512517869741386,True,500,-94.6625539959601,-0.1893251079919202,18.0,112.66255399596002,18.0,95.0,17.659575507649752,0.0029784883102717077,18.0,95.0,,,,,,,,,,,,,,,,,signal-watch
ca_gat_mappo__small__seed-42__cfg-6f2181b8e38c__git-e469ac5d152b,ca_gat_mappo,small,42,e469ac5d152b50c21427eecb0c098f60c618f9f3,6f2181b8e38c9454f0e5c0e44c3d52a8d1e1e11d7c4abe30331f6c5c8ef4e824,episode,30,15000,29,13916432220715004778,True,500,-121.69580465003247,-0.24339160930006495,1.0,122.69580465003251,1.0,105.0,17.69425337714289,0.0015512728896206252,1.0,105.0,,,,,,,,,,,,,,,,,signal-watch
ca_gat_mappo__small__seed-42__cfg-6f2181b8e38c__git-e469ac5d152b,ca_gat_mappo,small,42,e469ac5d152b50c21427eecb0c098f60c618f9f3,6f2181b8e38c9454f0e5c0e44c3d52a8d1e1e11d7c4abe30331f6c5c8ef4e824,episode,31,15500,30,7018879060195312234,True,500,-131.47073899396904,-0.2629414779879381,4.0,135.470738993969,4.0,115.0,20.46872219056991,0.0020168033990990266,4.0,115.0,,,,,,,,,,,,,,,,,signal-watch
ca_gat_mappo__small__seed-42__cfg-6f2181b8e38c__git-e469ac5d152b,ca_gat_mappo,small,42,e469ac5d152b50c21427eecb0c098f60c618f9f3,6f2181b8e38c9454f0e5c0e44c3d52a8d1e1e11d7c4abe30331f6c5c8ef4e824,episode,32,16000,31,12931851829617332386,True,500,-92.63886937607609,-0.18527773875215217,8.0,100.63886937607606,8.0,86.0,14.636453090270019,0.0024162858060355124,8.0,86.0,,,,,,,,,,,,,,,,,signal-watch
ca_gat_mappo__small__seed-42__cfg-6f2181b8e38c__git-e469ac5d152b,ca_gat_mappo,small,42,e469ac5d152b50c21427eecb0c098f60c618f9f3,6f2181b8e38c9454f0e5c0e44c3d52a8d1e1e11d7c4abe30331f6c5c8ef4e824,episode,33,16500,32,7665506390297530032,True,500,-84.32225364281015,-0.1686445072856203,4.0,88.32225364281013,4.0,74.0,14.319963062781113,0.002290580029013591,4.0,74.0,,,,,,,,,,,,,,,,,signal-watch
ca_gat_mappo__small__seed-42__cfg-6f2181b8e38c__git-e469ac5d152b,ca_gat_mappo,small,42,e469ac5d152b50c21427eecb0c098f60c618f9f3,6f2181b8e38c9454f0e5c0e44c3d52a8d1e1e11d7c4abe30331f6c5c8ef4e824,episode,34,17000,33,8537336002245122915,True,500,-84.62030763788866,-0.16924061527577733,11.0,95.62030763788871,11.0,83.0,12.618334398385832,0.0019732395028822258,11.0,83.0,,,,,,,,,,,,,,,,,signal-watch
ca_gat_mappo__small__seed-42__cfg-6f2181b8e38c__git-e469ac5d152b,ca_gat_mappo,small,42,e469ac5d152b50c21427eecb0c098f60c618f9f3,6f2181b8e38c9454f0e5c0e44c3d52a8d1e1e11d7c4abe30331f6c5c8ef4e824,episode,35,17500,34,8551720370184818824,True,500,-68.21995749401779,-0.1364399149880356,6.0,74.21995749401779,6.0,64.0,10.217571771411356,0.002385722606433854,6.0,64.0,,,,,,,,,,,,,,,,,signal-watch
ca_gat_mappo__small__seed-42__cfg-6f2181b8e38c__git-e469ac5d152b,ca_gat_mappo,small,42,e469ac5d152b50c21427eecb0c098f60c618f9f3,6f2181b8e38c9454f0e5c0e44c3d52a8d1e1e11d7c4abe30331f6c5c8ef4e824,episode,36,18000,35,8747665313398813369,True,500,-90.44200976138359,-0.18088401952276717,2.0,92.44200976138364,2.0,79.0,13.44047395751543,0.0015358038682154946,2.0,79.0,,,,,,,,,,,,,,,,,signal-watch
ca_gat_mappo__small__seed-42__cfg-6f2181b8e38c__git-e469ac5d152b,ca_gat_mappo,small,42,e469ac5d152b50c21427eecb0c098f60c618f9f3,6f2181b8e38c9454f0e5c0e44c3d52a8d1e1e11d7c4abe30331f6c5c8ef4e824,episode,37,18500,36,10156644412631599833,True,500,-91.696323163759,-0.183392646327518,2.0,93.69632316375899,2.0,80.0,13.694921590965828,0.0014015727931629782,2.0,80.0,,,,,,,,,,,,,,,,,signal-watch
ca_gat_mappo__small__seed-42__cfg-6f2181b8e38c__git-e469ac5d152b,ca_gat_mappo,small,42,e469ac5d152b50c21427eecb0c098f60c618f9f3,6f2181b8e38c9454f0e5c0e44c3d52a8d1e1e11d7c4abe30331f6c5c8ef4e824,episode,38,19000,37,11680675438743145883,True,500,-96.9484508048116,-0.1938969016096232,1.0,97.94845080481157,1.0,85.0,12.946895460646335,0.0015553441652349925,1.0,85.0,,,,,,,,,,,,,,,,,signal-watch
ca_gat_mappo__small__seed-42__cfg-6f2181b8e38c__git-e469ac5d152b,ca_gat_mappo,small,42,e469ac5d152b50c21427eecb0c098f60c618f9f3,6f2181b8e38c9454f0e5c0e44c3d52a8d1e1e11d7c4abe30331f6c5c8ef4e824,episode,39,19500,38,4458833133742554020,True,500,-109.29712597955016,-0.21859425195910032,3.0,112.2971259795502,3.0,94.0,18.295899238221097,0.0012267413291001787,3.0,94.0,,,,,,,,,,,,,,,,,signal-watch
ca_gat_mappo__small__seed-42__cfg-6f2181b8e38c__git-e469ac5d152b,ca_gat_mappo,small,42,e469ac5d152b50c21427eecb0c098f60c618f9f3,6f2181b8e38c9454f0e5c0e44c3d52a8d1e1e11d7c4abe30331f6c5c8ef4e824,episode,40,20000,39,1802778301317725912,True,500,-144.9639877536683,-0.2899279755073366,0.0,144.96398775366833,0.0,122.0,22.9628169988765,0.0011707547918419071,0.0,122.0,,,,,,,,,,,,,,,,,signal-watch
ca_gat_mappo__small__seed-42__cfg-6f2181b8e38c__git-e469ac5d152b,ca_gat_mappo,small,42,e469ac5d152b50c21427eecb0c098f60c618f9f3,6f2181b8e38c9454f0e5c0e44c3d52a8d1e1e11d7c4abe30331f6c5c8ef4e824,episode,41,20500,40,772962124644224780,True,500,-118.18151959871759,-0.23636303919743518,0.0,118.18151959871757,0.0,101.0,17.180295201699444,0.0012243970181299683,0.0,101.0,,,,,,,,,,,,,,,,,signal-watch
ca_gat_mappo__small__seed-42__cfg-6f2181b8e38c__git-e469ac5d152b,ca_gat_mappo,small,42,e469ac5d152b50c21427eecb0c098f60c618f9f3,6f2181b8e38c9454f0e5c0e44c3d52a8d1e1e11d7c4abe30331f6c5c8ef4e824,episode,42,21000,41,177535815773112587,True,500,-77.0778776073166,-0.15415575521463318,7.0,84.07787760731655,7.0,71.0,13.076183372277827,0.0016942350387246863,7.0,71.0,,,,,,,,,,,,,,,,,signal-watch
ca_gat_mappo__small__seed-42__cfg-6f2181b8e38c__git-e469ac5d152b,ca_gat_mappo,small,42,e469ac5d152b50c21427eecb0c098f60c618f9f3,6f2181b8e38c9454f0e5c0e44c3d52a8d1e1e11d7c4abe30331f6c5c8ef4e824,episode,43,21500,42,16444948518629612169,True,500,-52.41242632606721,-0.10482485265213443,21.0,73.41242632606716,21.0,62.0,11.409165021970887,0.0032613040962779388,21.0,62.0,,,,,,,,,,,,,,,,,signal-watch
ca_gat_mappo__small__seed-42__cfg-6f2181b8e38c__git-e469ac5d152b,ca_gat_mappo,small,42,e469ac5d152b50c21427eecb0c098f60c618f9f3,6f2181b8e38c9454f0e5c0e44c3d52a8d1e1e11d7c4abe30331f6c5c8ef4e824,episode,44,22000,43,12467326156656147116,True,500,-94.49261469798638,-0.18898522939597276,8.0,102.49261469798633,8.0,87.0,15.491333265878204,0.0012814321081219009,8.0,87.0,,,,,,,,,,,,,,,,,signal-watch
ca_gat_mappo__small__seed-42__cfg-6f2181b8e38c__git-e469ac5d152b,ca_gat_mappo,small,42,e469ac5d152b50c21427eecb0c098f60c618f9f3,6f2181b8e38c9454f0e5c0e44c3d52a8d1e1e11d7c4abe30331f6c5c8ef4e824,episode,45,22500,44,6846737888117842198,True,500,-117.05193068717882,-0.23410386137435765,4.0,121.05193068717878,4.0,102.0,19.05009338625758,0.0018373009212093977,4.0,102.0,,,,,,,,,,,,,,,,,signal-watch
ca_gat_mappo__small__seed-42__cfg-6f2181b8e38c__git-e469ac5d152b,ca_gat_mappo,small,42,e469ac5d152b50c21427eecb0c098f60c618f9f3,6f2181b8e38c9454f0e5c0e44c3d52a8d1e1e11d7c4abe30331f6c5c8ef4e824,episode,46,23000,45,8588859371591691088,True,500,-98.04974017470055,-0.19609948034940108,11.0,109.04974017470064,11.0,93.0,16.047261595495023,0.002478579205625057,11.0,93.0,,,,,,,,,,,,,,,,,signal-watch
ca_gat_mappo__small__seed-42__cfg-6f2181b8e38c__git-e469ac5d152b,ca_gat_mappo,small,42,e469ac5d152b50c21427eecb0c098f60c618f9f3,6f2181b8e38c9454f0e5c0e44c3d52a8d1e1e11d7c4abe30331f6c5c8ef4e824,episode,47,23500,46,5894469972531877610,True,500,-106.72983645602328,-0.21345967291204657,1.0,107.72983645602324,1.0,92.0,15.728650375125797,0.0011860808974422771,1.0,92.0,,,,,,,,,,,,,,,,,signal-watch
ca_gat_mappo__small__seed-42__cfg-6f2181b8e38c__git-e469ac5d152b,ca_gat_mappo,small,42,e469ac5d152b50c21427eecb0c098f60c618f9f3,6f2181b8e38c9454f0e5c0e44c3d52a8d1e1e11d7c4abe30331f6c5c8ef4e824,episode,48,24000,47,14730027133955774958,True,500,-119.50159125639954,-0.23900318251279906,3.0,122.50159125639938,3.0,103.0,19.500455260646177,0.0011359957531953812,3.0,103.0,,,,,,,,,,,,,,,,,signal-watch
ca_gat_mappo__small__seed-42__cfg-6f2181b8e38c__git-e469ac5d152b,ca_gat_mappo,small,42,e469ac5d152b50c21427eecb0c098f60c618f9f3,6f2181b8e38c9454f0e5c0e44c3d52a8d1e1e11d7c4abe30331f6c5c8ef4e824,episode,49,24500,48,11086930541553334037,True,500,-96.96187032889156,-0.19392374065778312,2.0,98.96187032889155,2.0,84.0,14.960580961388063,0.0012893675034862224,2.0,84.0,,,,,,,,,,,,,,,,,signal-watch
ca_gat_mappo__small__seed-42__cfg-6f2181b8e38c__git-e469ac5d152b,ca_gat_mappo,small,42,e469ac5d152b50c21427eecb0c098f60c618f9f3,6f2181b8e38c9454f0e5c0e44c3d52a8d1e1e11d7c4abe30331f6c5c8ef4e824,episode,50,25000,49,4572704378655367955,True,500,-79.22151755941555,-0.1584430351188311,11.0,90.22151755941564,11.0,77.0,13.219660269589918,0.0018572898257251853,11.0,77.0,,,,,,,,,,,,,,,,,signal-watch
ca_gat_mappo__small__seed-42__cfg-6f2181b8e38c__git-e469ac5d152b,ca_gat_mappo,small,42,e469ac5d152b50c21427eecb0c098f60c618f9f3,6f2181b8e38c9454f0e5c0e44c3d52a8d1e1e11d7c4abe30331f6c5c8ef4e824,episode,51,25500,50,8893405668104957287,True,500,-101.78462154585327,-0.20356924309170654,2.0,103.7846215458533,2.0,87.0,16.782148902531368,0.0024726433219248263,2.0,87.0,,,,,,,,,,,,,,,,,signal-watch
ca_gat_mappo__small__seed-42__cfg-6f2181b8e38c__git-e469ac5d152b,ca_gat_mappo,small,42,e469ac5d152b50c21427eecb0c098f60c618f9f3,6f2181b8e38c9454f0e5c0e44c3d52a8d1e1e11d7c4abe30331f6c5c8ef4e824,episode,52,26000,51,12274346190210286138,True,500,-99.40585747713561,-0.19881171495427122,3.0,102.40585747713575,3.0,89.0,13.403666517679762,0.0021909594559948596,3.0,89.0,,,,,,,,,,,,,,,,,signal-watch
ca_gat_mappo__small__seed-42__cfg-6f2181b8e38c__git-e469ac5d152b,ca_gat_mappo,small,42,e469ac5d152b50c21427eecb0c098f60c618f9f3,6f2181b8e38c9454f0e5c0e44c3d52a8d1e1e11d7c4abe30331f6c5c8ef4e824,episode,53,26500,52,4927501998995787681,True,500,-90.90673235932738,-0.18181346471865475,7.0,97.90673235932734,7.0,83.0,14.904139467906361,0.0025928914209810226,7.0,83.0,,,,,,,,,,,,,,,,,signal-watch
ca_gat_mappo__small__seed-42__cfg-6f2181b8e38c__git-e469ac5d152b,ca_gat_mappo,small,42,e469ac5d152b50c21427eecb0c098f60c618f9f3,6f2181b8e38c9454f0e5c0e44c3d52a8d1e1e11d7c4abe30331f6c5c8ef4e824,episode,54,27000,53,2040916532871428181,True,500,-91.17870999224823,-0.18235741998449645,9.0,100.17870999224816,9.0,86.0,14.175237245938629,0.003472746309528619,9.0,86.0,,,,,,,,,,,,,,,,,signal-watch
ca_gat_mappo__small__seed-42__cfg-6f2181b8e38c__git-e469ac5d152b,ca_gat_mappo,small,42,e469ac5d152b50c21427eecb0c098f60c618f9f3,6f2181b8e38c9454f0e5c0e44c3d52a8d1e1e11d7c4abe30331f6c5c8ef4e824,episode,55,27500,54,2677246229242646335,True,500,-56.0105685993977,-0.1120211371987954,22.0,78.01056859939766,22.0,67.0,11.007904983586895,0.002663615810768636,22.0,67.0,,,,,,,,,,,,,,,,,signal-watch
ca_gat_mappo__small__seed-42__cfg-6f2181b8e38c__git-e469ac5d152b,ca_gat_mappo,small,42,e469ac5d152b50c21427eecb0c098f60c618f9f3,6f2181b8e38c9454f0e5c0e44c3d52a8d1e1e11d7c4abe30331f6c5c8ef4e824,episode,56,28000,55,7620089630674334433,True,500,-90.3617047323369,-0.1807234094646738,7.0,97.36170473233692,7.0,84.0,13.358886441174727,0.0028182911621864484,7.0,84.0,,,,,,,,,,,,,,,,,signal-watch
ca_gat_mappo__small__seed-42__cfg-6f2181b8e38c__git-e469ac5d152b,ca_gat_mappo,small,42,e469ac5d152b50c21427eecb0c098f60c618f9f3,6f2181b8e38c9454f0e5c0e44c3d52a8d1e1e11d7c4abe30331f6c5c8ef4e824,episode,57,28500,56,3878855767964082258,True,500,-52.97271964126425,-0.1059454392825285,24.0,76.97271964126422,24.0,65.0,11.968933908886822,0.003785732377401629,24.0,65.0,,,,,,,,,,,,,,,,,signal-watch
ca_gat_mappo__small__seed-42__cfg-6f2181b8e38c__git-e469ac5d152b,ca_gat_mappo,small,42,e469ac5d152b50c21427eecb0c098f60c618f9f3,6f2181b8e38c9454f0e5c0e44c3d52a8d1e1e11d7c4abe30331f6c5c8ef4e824,episode,58,29000,57,6543244500085755148,True,500,-84.53945486000886,-0.1690789097200177,20.0,104.53945486000886,20.0,89.0,15.535614068065918,0.0038407919429353085,20.0,89.0,,,,,,,,,,,,,,,,,signal-watch
ca_gat_mappo__small__seed-42__cfg-6f2181b8e38c__git-e469ac5d152b,ca_gat_mappo,small,42,e469ac5d152b50c21427eecb0c098f60c618f9f3,6f2181b8e38c9454f0e5c0e44c3d52a8d1e1e11d7c4abe30331f6c5c8ef4e824,episode,59,29500,58,9725013722546099430,True,500,-42.59524563977868,-0.08519049127955737,22.0,64.59524563977871,22.0,55.0,9.591412219805708,0.003833419973005411,22.0,55.0,,,,,,,,,,,,,,,,,signal-watch
ca_gat_mappo__small__seed-42__cfg-6f2181b8e38c__git-e469ac5d152b,ca_gat_mappo,small,42,e469ac5d152b50c21427eecb0c098f60c618f9f3,6f2181b8e38c9454f0e5c0e44c3d52a8d1e1e11d7c4abe30331f6c5c8ef4e824,episode,60,30000,59,7547912001225358989,True,500,-47.10311214460103,-0.09420622428920206,24.0,71.10311214460103,24.0,61.0,10.098355920422348,0.004756224178686629,24.0,61.0,,,,,,,,,,,,,,,,,signal-watch
ca_gat_mappo__small__seed-42__cfg-6f2181b8e38c__git-e469ac5d152b,ca_gat_mappo,small,42,e469ac5d152b50c21427eecb0c098f60c618f9f3,6f2181b8e38c9454f0e5c0e44c3d52a8d1e1e11d7c4abe30331f6c5c8ef4e824,episode,61,30500,60,11422351569276490872,True,500,-42.17533963922063,-0.08435067927844127,34.0,76.17533963922061,34.0,65.0,11.171073032475286,0.004266606745322656,34.0,65.0,,,,,,,,,,,,,,,,,signal-watch
ca_gat_mappo__small__seed-42__cfg-6f2181b8e38c__git-e469ac5d152b,ca_gat_mappo,small,42,e469ac5d152b50c21427eecb0c098f60c618f9f3,6f2181b8e38c9454f0e5c0e44c3d52a8d1e1e11d7c4abe30331f6c5c8ef4e824,episode,62,31000,61,8587797837472918572,True,500,-46.69894990056804,-0.09339789980113608,23.0,69.69894990056807,23.0,59.0,10.694875008672826,0.004074891895234272,23.0,59.0,,,,,,,,,,,,,,,,,signal-watch
ca_gat_mappo__small__seed-42__cfg-6f2181b8e38c__git-e469ac5d152b,ca_gat_mappo,small,42,e469ac5d152b50c21427eecb0c098f60c618f9f3,6f2181b8e38c9454f0e5c0e44c3d52a8d1e1e11d7c4abe30331f6c5c8ef4e824,episode,63,31500,62,5062890722189706646,True,500,-74.54551751466222,-0.14909103502932444,15.0,89.54551751466225,15.0,78.0,11.541054403014854,0.0044631116474027396,15.0,78.0,,,,,,,,,,,,,,,,,signal-watch
ca_gat_mappo__small__seed-42__cfg-6f2181b8e38c__git-e469ac5d152b,ca_gat_mappo,small,42,e469ac5d152b50c21427eecb0c098f60c618f9f3,6f2181b8e38c9454f0e5c0e44c3d52a8d1e1e11d7c4abe30331f6c5c8ef4e824,episode,64,32000,63,15611956412003762129,True,500,-54.14826300479396,-0.10829652600958792,21.0,75.14826300479388,21.0,64.0,11.144436752561733,0.0038262522321467506,21.0,64.0,,,,,,,,,,,,,,,,,signal-watch
ca_gat_mappo__small__seed-42__cfg-6f2181b8e38c__git-e469ac5d152b,ca_gat_mappo,small,42,e469ac5d152b50c21427eecb0c098f60c618f9f3,6f2181b8e38c9454f0e5c0e44c3d52a8d1e1e11d7c4abe30331f6c5c8ef4e824,episode,65,32500,64,3165452085495254738,True,500,-44.34144120467071,-0.08868288240934141,26.0,70.34144120467067,26.0,59.0,11.337528031181726,0.003913173488948301,26.0,59.0,,,,,,,,,,,,,,,,,signal-watch
ca_gat_mappo__small__seed-42__cfg-6f2181b8e38c__git-e469ac5d152b,ca_gat_mappo,small,42,e469ac5d152b50c21427eecb0c098f60c618f9f3,6f2181b8e38c9454f0e5c0e44c3d52a8d1e1e11d7c4abe30331f6c5c8ef4e824,episode,66,33000,65,8156575258254197516,True,500,-45.9544823159112,-0.0919089646318224,34.0,79.95448231591118,34.0,70.0,9.948528373938903,0.005953941972270519,34.0,70.0,,,,,,,,,,,,,,,,,signal-watch
ca_gat_mappo__small__seed-42__cfg-6f2181b8e38c__git-e469ac5d152b,ca_gat_mappo,small,42,e469ac5d152b50c21427eecb0c098f60c618f9f3,6f2181b8e38c9454f0e5c0e44c3d52a8d1e1e11d7c4abe30331f6c5c8ef4e824,episode,67,33500,66,14044262585070248189,True,500,-24.690213439697978,-0.04938042687939596,31.0,55.69021343969798,31.0,47.0,8.686551080305856,0.003662359392120475,31.0,47.0,,,,,,,,,,,,,,,,,signal-watch
ca_gat_mappo__small__seed-42__cfg-6f2181b8e38c__git-e469ac5d152b,ca_gat_mappo,small,42,e469ac5d152b50c21427eecb0c098f60c618f9f3,6f2181b8e38c9454f0e5c0e44c3d52a8d1e1e11d7c4abe30331f6c5c8ef4e824,episode,68,34000,67,3157270770710481330,True,500,-32.78749509333968,-0.06557499018667935,32.0,64.78749509333967,32.0,56.0,8.781138606084323,0.0063564872553554495,32.0,56.0,,,,,,,,,,,,,,,,,signal-watch
ca_gat_mappo__small__seed-42__cfg-6f2181b8e38c__git-e469ac5d152b,ca_gat_mappo,small,42,e469ac5d152b50c21427eecb0c098f60c618f9f3,6f2181b8e38c9454f0e5c0e44c3d52a8d1e1e11d7c4abe30331f6c5c8ef4e824,episode,69,34500,68,7826020187099532129,True,500,-30.973041597068566,-0.06194608319413713,30.0,60.97304159706857,30.0,53.0,7.968913292642002,0.004128304426569975,30.0,53.0,,,,,,,,,,,,,,,,,signal-watch
ca_gat_mappo__small__seed-42__cfg-6f2181b8e38c__git-e469ac5d152b,ca_gat_mappo,small,42,e469ac5d152b50c21427eecb0c098f60c618f9f3,6f2181b8e38c9454f0e5c0e44c3d52a8d1e1e11d7c4abe30331f6c5c8ef4e824,episode,70,35000,69,14151273604737600714,True,500,-16.840400319841518,-0.03368080063968303,42.0,58.84040031984151,42.0,51.0,7.835462189579624,0.0049381302618836925,42.0,51.0,,,,,,,,,,,,,,,,,signal-watch
ca_gat_mappo__small__seed-42__cfg-6f2181b8e38c__git-e469ac5d152b,ca_gat_mappo,small,42,e469ac5d152b50c21427eecb0c098f60c618f9f3,6f2181b8e38c9454f0e5c0e44c3d52a8d1e1e11d7c4abe30331f6c5c8ef4e824,episode,71,35500,70,1165406557466595903,True,500,-25.29506039770459,-0.05059012079540918,39.0,64.29506039770457,39.0,56.0,8.288689559061535,0.006370838643046478,39.0,56.0,,,,,,,,,,,,,,,,,signal-watch
ca_gat_mappo__small__seed-42__cfg-6f2181b8e38c__git-e469ac5d152b,ca_gat_mappo,small,42,e469ac5d152b50c21427eecb0c098f60c618f9f3,6f2181b8e38c9454f0e5c0e44c3d52a8d1e1e11d7c4abe30331f6c5c8ef4e824,episode,72,36000,71,4370536194413936739,True,500,-37.77376202706753,-0.07554752405413505,27.0,64.77376202706756,27.0,57.0,7.769373368404745,0.004388658662811398,27.0,57.0,,,,,,,,,,,,,,,,,signal-watch
ca_gat_mappo__small__seed-42__cfg-6f2181b8e38c__git-e469ac5d152b,ca_gat_mappo,small,42,e469ac5d152b50c21427eecb0c098f60c618f9f3,6f2181b8e38c9454f0e5c0e44c3d52a8d1e1e11d7c4abe30331f6c5c8ef4e824,episode,73,36500,72,11176196514178856526,True,500,-34.42462236726727,-0.06884924473453453,36.0,70.42462236726725,36.0,59.0,11.41874047232027,0.005881894946979537,36.0,59.0,,,,,,,,,,,,,,,,,signal-watch
ca_gat_mappo__small__seed-42__cfg-6f2181b8e38c__git-e469ac5d152b,ca_gat_mappo,small,42,e469ac5d152b50c21427eecb0c098f60c618f9f3,6f2181b8e38c9454f0e5c0e44c3d52a8d1e1e11d7c4abe30331f6c5c8ef4e824,episode,74,37000,73,18062576291571753978,True,500,-1.624467552601284,-0.0032489351052025677,45.0,46.624467552601295,45.0,39.0,7.61895233939577,0.005515213205523223,45.0,39.0,,,,,,,,,,,,,,,,,signal-watch
ca_gat_mappo__small__seed-42__cfg-6f2181b8e38c__git-e469ac5d152b,ca_gat_mappo,small,42,e469ac5d152b50c21427eecb0c098f60c618f9f3,6f2181b8e38c9454f0e5c0e44c3d52a8d1e1e11d7c4abe30331f6c5c8ef4e824,episode,75,37500,74,13932150021344218672,True,500,-43.35680499541921,-0.08671360999083842,37.0,80.35680499541918,37.0,68.0,12.350433311172084,0.0063716842470908685,37.0,68.0,,,,,,,,,,,,,,,,,signal-watch
ca_gat_mappo__small__seed-42__cfg-6f2181b8e38c__git-e469ac5d152b,ca_gat_mappo,small,42,e469ac5d152b50c21427eecb0c098f60c618f9f3,6f2181b8e38c9454f0e5c0e44c3d52a8d1e1e11d7c4abe30331f6c5c8ef4e824,episode,76,38000,75,3318356358135717325,True,500,-6.632498131058301,-0.013264996262116602,45.0,51.63249813105829,45.0,43.0,8.626487010912733,0.006011120145559245,45.0,43.0,,,,,,,,,,,,,,,,,signal-watch
ca_gat_mappo__small__seed-42__cfg-6f2181b8e38c__git-e469ac5d152b,ca_gat_mappo,small,42,e469ac5d152b50c21427eecb0c098f60c618f9f3,6f2181b8e38c9454f0e5c0e44c3d52a8d1e1e11d7c4abe30331f6c5c8ef4e824,episode,77,38500,76,12028146126490463509,True,500,-6.378740523684823,-0.012757481047369646,48.0,54.37874052368482,48.0,47.0,7.372533970806938,0.0062065528778815675,48.0,47.0,,,,,,,,,,,,,,,,,signal-watch
ca_gat_mappo__small__seed-42__cfg-6f2181b8e38c__git-e469ac5d152b,ca_gat_mappo,small,42,e469ac5d152b50c21427eecb0c098f60c618f9f3,6f2181b8e38c9454f0e5c0e44c3d52a8d1e1e11d7c4abe30331f6c5c8ef4e824,episode,78,39000,77,12082148388797882789,True,500,-4.049648513528153,-0.008099297027056305,45.0,49.04964851352816,45.0,42.0,7.043117446727143,0.006531066801016747,45.0,42.0,,,,,,,,,,,,,,,,,signal-watch
ca_gat_mappo__small__seed-42__cfg-6f2181b8e38c__git-e469ac5d152b,ca_gat_mappo,small,42,e469ac5d152b50c21427eecb0c098f60c618f9f3,6f2181b8e38c9454f0e5c0e44c3d52a8d1e1e11d7c4abe30331f6c5c8ef4e824,episode,79,39500,78,14509905564335786832,True,500,20.016928048546237,0.04003385609709247,55.0,34.98307195145378,55.0,29.0,5.976854984758816,0.0062169666949612665,55.0,29.0,,,,,,,,,,,,,,,,,signal-watch
ca_gat_mappo__small__seed-42__cfg-6f2181b8e38c__git-e469ac5d152b,ca_gat_mappo,small,42,e469ac5d152b50c21427eecb0c098f60c618f9f3,6f2181b8e38c9454f0e5c0e44c3d52a8d1e1e11d7c4abe30331f6c5c8ef4e824,episode,80,40000,79,9443425420463944961,True,500,-30.73394053497716,-0.06146788106995432,52.0,82.73394053497715,52.0,69.0,13.726113113148033,0.007827421829121385,52.0,69.0,,,,,,,,,,,,,,,,,signal-watch
ca_gat_mappo__small__seed-42__cfg-6f2181b8e38c__git-e469ac5d152b,ca_gat_mappo,small,42,e469ac5d152b50c21427eecb0c098f60c618f9f3,6f2181b8e38c9454f0e5c0e44c3d52a8d1e1e11d7c4abe30331f6c5c8ef4e824,episode,81,40500,80,6676771481803290677,True,500,-0.5468564871184926,-0.001093712974236985,49.0,49.54685648711849,49.0,41.0,8.541045863082275,0.005810624036212946,49.0,41.0,,,,,,,,,,,,,,,,,signal-watch
ca_gat_mappo__small__seed-42__cfg-6f2181b8e38c__git-e469ac5d152b,ca_gat_mappo,small,42,e469ac5d152b50c21427eecb0c098f60c618f9f3,6f2181b8e38c9454f0e5c0e44c3d52a8d1e1e11d7c4abe30331f6c5c8ef4e824,episode,82,41000,81,3583229489236138527,True,500,6.7617776302754695,0.01352355526055094,53.0,46.238222369724525,53.0,39.0,7.230574961046511,0.00764740867801259,53.0,39.0,,,,,,,,,,,,,,,,,signal-watch
ca_gat_mappo__small__seed-42__cfg-6f2181b8e38c__git-e469ac5d152b,ca_gat_mappo,small,42,e469ac5d152b50c21427eecb0c098f60c618f9f3,6f2181b8e38c9454f0e5c0e44c3d52a8d1e1e11d7c4abe30331f6c5c8ef4e824,episode,83,41500,82,9295189802016995805,True,500,-6.960197653237901,-0.013920395306475802,48.0,54.9601976532379,48.0,46.0,8.95164747432727,0.008550178910629319,48.0,46.0,,,,,,,,,,,,,,,,,signal-watch
ca_gat_mappo__small__seed-42__cfg-6f2181b8e38c__git-e469ac5d152b,ca_gat_mappo,small,42,e469ac5d152b50c21427eecb0c098f60c618f9f3,6f2181b8e38c9454f0e5c0e44c3d52a8d1e1e11d7c4abe30331f6c5c8ef4e824,episode,84,42000,83,17789618903785223541,True,500,-7.164319274575489,-0.01432863854915098,51.0,58.16431927457549,51.0,48.0,10.155321263183765,0.008998011391724143,51.0,48.0,,,,,,,,,,,,,,,,,signal-watch
ca_gat_mappo__small__seed-42__cfg-6f2181b8e38c__git-e469ac5d152b,ca_gat_mappo,small,42,e469ac5d152b50c21427eecb0c098f60c618f9f3,6f2181b8e38c9454f0e5c0e44c3d52a8d1e1e11d7c4abe30331f6c5c8ef4e824,episode,85,42500,84,7844204579598541441,True,500,17.31267764772153,0.034625355295443055,59.0,41.68732235227848,59.0,35.0,6.67790828110203,0.009414071176450243,59.0,35.0,,,,,,,,,,,,,,,,,signal-watch
ca_gat_mappo__small__seed-42__cfg-6f2181b8e38c__git-e469ac5d152b,ca_gat_mappo,small,42,e469ac5d152b50c21427eecb0c098f60c618f9f3,6f2181b8e38c9454f0e5c0e44c3d52a8d1e1e11d7c4abe30331f6c5c8ef4e824,episode,86,43000,85,8639395217769575802,True,500,25.89564472566094,0.05179128945132188,66.0,40.10435527433905,66.0,33.0,7.095912727065695,0.008442547273351303,66.0,33.0,,,,,,,,,,,,,,,,,signal-watch
ca_gat_mappo__small__seed-42__cfg-6f2181b8e38c__git-e469ac5d152b,ca_gat_mappo,small,42,e469ac5d152b50c21427eecb0c098f60c618f9f3,6f2181b8e38c9454f0e5c0e44c3d52a8d1e1e11d7c4abe30331f6c5c8ef4e824,episode,87,43500,86,5469647486160144611,True,500,6.272898929823576,0.012545797859647151,55.0,48.72710107017641,55.0,41.0,7.717921165106675,0.009179905069733735,55.0,41.0,,,,,,,,,,,,,,,,,signal-watch
ca_gat_mappo__small__seed-42__cfg-6f2181b8e38c__git-e469ac5d152b,ca_gat_mappo,small,42,e469ac5d152b50c21427eecb0c098f60c618f9f3,6f2181b8e38c9454f0e5c0e44c3d52a8d1e1e11d7c4abe30331f6c5c8ef4e824,episode,88,44000,87,13211056979920882990,True,500,5.693927898524092,0.011387855797048183,55.0,49.3060721014759,55.0,41.0,8.296309533468218,0.009762568007683808,55.0,41.0,,,,,,,,,,,,,,,,,signal-watch
ca_gat_mappo__small__seed-42__cfg-6f2181b8e38c__git-e469ac5d152b,ca_gat_mappo,small,42,e469ac5d152b50c21427eecb0c098f60c618f9f3,6f2181b8e38c9454f0e5c0e44c3d52a8d1e1e11d7c4abe30331f6c5c8ef4e824,episode,89,44500,88,15419596903409826393,True,500,32.75190244259387,0.06550380488518773,64.0,31.24809755740615,64.0,26.0,5.236486256444769,0.011611300961383294,64.0,26.0,,,,,,,,,,,,,,,,,signal-watch
ca_gat_mappo__small__seed-42__cfg-6f2181b8e38c__git-e469ac5d152b,ca_gat_mappo,small,42,e469ac5d152b50c21427eecb0c098f60c618f9f3,6f2181b8e38c9454f0e5c0e44c3d52a8d1e1e11d7c4abe30331f6c5c8ef4e824,episode,90,45000,89,6247092618311864671,True,500,11.392922062450376,0.022785844124900752,62.0,50.60707793754962,62.0,41.0,9.5962285094961,0.010849428053521454,62.0,41.0,,,,,,,,,,,,,,,,,signal-watch
ca_gat_mappo__small__seed-42__cfg-6f2181b8e38c__git-e469ac5d152b,ca_gat_mappo,small,42,e469ac5d152b50c21427eecb0c098f60c618f9f3,6f2181b8e38c9454f0e5c0e44c3d52a8d1e1e11d7c4abe30331f6c5c8ef4e824,episode,91,45500,90,8449574470712638172,True,500,4.726467039691282,0.009452934079382564,51.0,46.273532960308714,51.0,39.0,7.264538843573691,0.008994116735025641,51.0,39.0,,,,,,,,,,,,,,,,,signal-watch
ca_gat_mappo__small__seed-42__cfg-6f2181b8e38c__git-e469ac5d152b,ca_gat_mappo,small,42,e469ac5d152b50c21427eecb0c098f60c618f9f3,6f2181b8e38c9454f0e5c0e44c3d52a8d1e1e11d7c4abe30331f6c5c8ef4e824,episode,92,46000,91,4384878362598529566,True,500,-3.0359878534627076,-0.006071975706925415,51.0,54.035987853462714,51.0,46.0,8.025574160604256,0.010413692858459741,51.0,46.0,,,,,,,,,,,,,,,,,signal-watch
ca_gat_mappo__small__seed-42__cfg-6f2181b8e38c__git-e469ac5d152b,ca_gat_mappo,small,42,e469ac5d152b50c21427eecb0c098f60c618f9f3,6f2181b8e38c9454f0e5c0e44c3d52a8d1e1e11d7c4abe30331f6c5c8ef4e824,episode,93,46500,92,7981871494197378958,True,500,22.563133482416603,0.045126266964833205,61.0,38.4368665175834,61.0,32.0,6.426485457429418,0.010381060153979927,61.0,32.0,,,,,,,,,,,,,,,,,signal-watch
ca_gat_mappo__small__seed-42__cfg-6f2181b8e38c__git-e469ac5d152b,ca_gat_mappo,small,42,e469ac5d152b50c21427eecb0c098f60c618f9f3,6f2181b8e38c9454f0e5c0e44c3d52a8d1e1e11d7c4abe30331f6c5c8ef4e824,episode,94,47000,93,634392991884571084,True,500,12.152238422563572,0.024304476845127144,59.0,46.84776157743643,59.0,38.0,8.837037702788841,0.010723874647588226,59.0,38.0,,,,,,,,,,,,,,,,,signal-watch
ca_gat_mappo__small__seed-42__cfg-6f2181b8e38c__git-e469ac5d152b,ca_gat_mappo,small,42,e469ac5d152b50c21427eecb0c098f60c618f9f3,6f2181b8e38c9454f0e5c0e44c3d52a8d1e1e11d7c4abe30331f6c5c8ef4e824,episode,95,47500,94,10632851531799441689,True,500,47.69014461096023,0.09538028922192046,77.0,29.30985538903974,77.0,23.0,6.29712817951912,0.012727209520617847,77.0,23.0,,,,,,,,,,,,,,,,,signal-watch
ca_gat_mappo__small__seed-42__cfg-6f2181b8e38c__git-e469ac5d152b,ca_gat_mappo,small,42,e469ac5d152b50c21427eecb0c098f60c618f9f3,6f2181b8e38c9454f0e5c0e44c3d52a8d1e1e11d7c4abe30331f6c5c8ef4e824,episode,96,48000,95,13320388753170357112,True,500,27.118741911889437,0.054237483823778875,68.0,40.88125808811055,68.0,33.0,7.868721714321576,0.012536373788973277,68.0,33.0,,,,,,,,,,,,,,,,,signal-watch
ca_gat_mappo__small__seed-42__cfg-6f2181b8e38c__git-e469ac5d152b,ca_gat_mappo,small,42,e469ac5d152b50c21427eecb0c098f60c618f9f3,6f2181b8e38c9454f0e5c0e44c3d52a8d1e1e11d7c4abe30331f6c5c8ef4e824,episode,97,48500,96,16698064604076050169,True,500,43.97240024282257,0.08794480048564515,70.0,26.027599757177445,70.0,22.0,4.017169632361608,0.01043012481583576,70.0,22.0,,,,,,,,,,,,,,,,,signal-watch
ca_gat_mappo__small__seed-42__cfg-6f2181b8e38c__git-e469ac5d152b,ca_gat_mappo,small,42,e469ac5d152b50c21427eecb0c098f60c618f9f3,6f2181b8e38c9454f0e5c0e44c3d52a8d1e1e11d7c4abe30331f6c5c8ef4e824,episode,98,49000,97,722963741135284019,True,500,25.52659480684153,0.05105318961368306,61.0,35.47340519315847,61.0,29.0,6.462505598494419,0.010899594664055007,61.0,29.0,,,,,,,,,,,,,,,,,signal-watch
ca_gat_mappo__small__seed-42__cfg-6f2181b8e38c__git-e469ac5d152b,ca_gat_mappo,small,42,e469ac5d152b50c21427eecb0c098f60c618f9f3,6f2181b8e38c9454f0e5c0e44c3d52a8d1e1e11d7c4abe30331f6c5c8ef4e824,episode,99,49500,98,12146408948962964502,True,500,34.18618517768559,0.06837237035537118,71.0,36.81381482231443,71.0,31.0,5.80220569846753,0.011609123846899976,71.0,31.0,,,,,,,,,,,,,,,,,signal-watch
ca_gat_mappo__small__seed-42__cfg-6f2181b8e38c__git-e469ac5d152b,ca_gat_mappo,small,42,e469ac5d152b50c21427eecb0c098f60c618f9f3,6f2181b8e38c9454f0e5c0e44c3d52a8d1e1e11d7c4abe30331f6c5c8ef4e824,episode,100,50000,99,7621192474801747654,True,500,32.24264626456648,0.06448529252913296,62.0,29.757353735433554,62.0,24.0,5.748097793822716,0.00925594161083798,62.0,24.0,,,,,,,,,,,,,,,,,signal-watch
ca_gat_mappo__small__seed-42__cfg-6f2181b8e38c__git-e469ac5d152b,ca_gat_mappo,small,42,e469ac5d152b50c21427eecb0c098f60c618f9f3,6f2181b8e38c9454f0e5c0e44c3d52a8d1e1e11d7c4abe30331f6c5c8ef4e824,ppo_epoch,1,256,,,,,,,,,,,,,,,0,0,0,1,0.0003,0.0003,0.2,8.565095901489258,PPO clipped-surrogate actor + half-MSE critic,3.916813611984253,9.338086128234863,2.0760910511016846,8.565095901489258,1.0,4.787014961242676,78.33399963378906,signal-watch
ca_gat_mappo__small__seed-42__cfg-6f2181b8e38c__git-e469ac5d152b,ca_gat_mappo,small,42,e469ac5d152b50c21427eecb0c098f60c618f9f3,6f2181b8e38c9454f0e5c0e44c3d52a8d1e1e11d7c4abe30331f6c5c8ef4e824,ppo_epoch,2,256,,,,,,,,,,,,,,,0,1,0,1,0.0003,0.0003,0.2,7.419902324676514,PPO clipped-surrogate actor + half-MSE critic,3.8346269130706787,7.211995601654053,2.072230815887451,7.419902324676514,0.9822767972946167,5.361231803894043,62.77121353149414,signal-watch
ca_gat_mappo__small__seed-42__cfg-6f2181b8e38c__git-e469ac5d152b,ca_gat_mappo,small,42,e469ac5d152b50c21427eecb0c098f60c618f9f3,6f2181b8e38c9454f0e5c0e44c3d52a8d1e1e11d7c4abe30331f6c5c8ef4e824,ppo_epoch,3,256,,,,,,,,,,,,,,,0,2,0,1,0.0003,0.0003,0.2,6.541254997253418,PPO clipped-surrogate actor + half-MSE critic,3.7783687114715576,5.567117691040039,2.0672571659088135,6.541254997253418,0.966736912727356,1.6199476718902588,48.76695251464844,signal-watch
ca_gat_mappo__small__seed-42__cfg-6f2181b8e38c__git-e469ac5d152b,ca_gat_mappo,small,42,e469ac5d152b50c21427eecb0c098f60c618f9f3,6f2181b8e38c9454f0e5c0e44c3d52a8d1e1e11d7c4abe30331f6c5c8ef4e824,ppo_epoch,4,256,,,,,,,,,,,,,,,0,3,0,1,0.0003,0.0003,0.2,5.873802185058594,PPO clipped-surrogate actor + half-MSE critic,3.732232093811035,4.324402332305908,2.063089370727539,5.873802185058594,0.9535092115402222,15.048524856567383,37.28433609008789,signal-watch
ca_gat_mappo__small__seed-42__cfg-6f2181b8e38c__git-e469ac5d152b,ca_gat_mappo,small,42,e469ac5d152b50c21427eecb0c098f60c618f9f3,6f2181b8e38c9454f0e5c0e44c3d52a8d1e1e11d7c4abe30331f6c5c8ef4e824,ppo_epoch,5,512,,,,,,,,,,,,,,,1,0,1,2,0.0003,0.0003,0.2,4.537941932678223,PPO clipped-surrogate actor + half-MSE critic,2.524308681488037,4.057679176330566,1.5206347703933716,4.537941932678223,1.0,4.167041778564453,35.52539825439453,signal-watch
ca_gat_mappo__small__seed-42__cfg-6f2181b8e38c__git-e469ac5d152b,ca_gat_mappo,small,42,e469ac5d152b50c21427eecb0c098f60c618f9f3,6f2181b8e38c9454f0e5c0e44c3d52a8d1e1e11d7c4abe30331f6c5c8ef4e824,ppo_epoch,6,512,,,,,,,,,,,,,,,1,1,1,2,0.0003,0.0003,0.2,4.104426383972168,PPO clipped-surrogate actor + half-MSE critic,2.512458324432373,3.214296579360962,1.51802659034729,4.104426383972168,0.9963761568069458,2.6233627796173096,27.418716430664062,signal-watch
ca_gat_mappo__small__seed-42__cfg-6f2181b8e38c__git-e469ac5d152b,ca_gat_mappo,small,42,e469ac5d152b50c21427eecb0c098f60c618f9f3,6f2181b8e38c9454f0e5c0e44c3d52a8d1e1e11d7c4abe30331f6c5c8ef4e824,ppo_epoch,7,512,,,,,,,,,,,,,,,1,2,1,2,0.0003,0.0003,0.2,3.7731473445892334,PPO clipped-surrogate actor + half-MSE critic,2.496202230453491,2.584216356277466,1.5163248777389526,3.7731473445892334,0.9913984537124634,1.8960161209106445,21.449750900268555,signal-watch
ca_gat_mappo__small__seed-42__cfg-6f2181b8e38c__git-e469ac5d152b,ca_gat_mappo,small,42,e469ac5d152b50c21427eecb0c098f60c618f9f3,6f2181b8e38c9454f0e5c0e44c3d52a8d1e1e11d7c4abe30331f6c5c8ef4e824,ppo_epoch,8,512,,,,,,,,,,,,,,,1,3,1,2,0.0003,0.0003,0.2,3.5160882472991943,PPO clipped-surrogate actor + half-MSE critic,2.4748096466064453,2.112852096557617,1.5147414207458496,3.5160882472991943,0.9842934608459473,0.9810300469398499,16.938940048217773,signal-watch
ca_gat_mappo__small__seed-42__cfg-6f2181b8e38c__git-e469ac5d152b,ca_gat_mappo,small,42,e469ac5d152b50c21427eecb0c098f60c618f9f3,6f2181b8e38c9454f0e5c0e44c3d52a8d1e1e11d7c4abe30331f6c5c8ef4e824,ppo_epoch,9,768,,,,,,,,,,,,,,,2,0,2,3,0.0003,0.0003,0.2,4.633072853088379,PPO clipped-surrogate actor + half-MSE critic,2.518324375152588,4.265050888061523,1.7776987552642822,4.633072853088379,1.0,2.1450445652008057,25.618993759155273,signal-watch
ca_gat_mappo__small__seed-42__cfg-6f2181b8e38c__git-e469ac5d152b,ca_gat_mappo,small,42,e469ac5d152b50c21427eecb0c098f60c618f9f3,6f2181b8e38c9454f0e5c0e44c3d52a8d1e1e11d7c4abe30331f6c5c8ef4e824,ppo_epoch,10,768,,,,,,,,,,,,,,,2,1,2,3,0.0003,0.0003,0.2,4.367201328277588,PPO clipped-surrogate actor + half-MSE critic,2.5022478103637695,3.765380859375,1.7736990451812744,4.367201328277588,0.9956011772155762,1.9854161739349365,22.79895782470703,signal-watch
ca_gat_mappo__small__seed-42__cfg-6f2181b8e38c__git-e469ac5d152b,ca_gat_mappo,small,42,e469ac5d152b50c21427eecb0c098f60c618f9f3,6f2181b8e38c9454f0e5c0e44c3d52a8d1e1e11d7c4abe30331f6c5c8ef4e824,ppo_epoch,11,768,,,,,,,,,,,,,,,2,2,2,3,0.0003,0.0003,0.2,4.07847261428833,PPO clipped-surrogate actor + half-MSE critic,2.481703758239746,3.2289071083068848,1.7684577703475952,4.07847261428833,0.9893730878829956,2.3197875022888184,19.516475677490234,signal-watch
ca_gat_mappo__small__seed-42__cfg-6f2181b8e38c__git-e469ac5d152b,ca_gat_mappo,small,42,e469ac5d152b50c21427eecb0c098f60c618f9f3,6f2181b8e38c9454f0e5c0e44c3d52a8d1e1e11d7c4abe30331f6c5c8ef4e824,ppo_epoch,12,768,,,,,,,,,,,,,,,2,3,2,3,0.0003,0.0003,0.2,3.8185932636260986,PPO clipped-surrogate actor + half-MSE critic,2.464550495147705,2.7433362007141113,1.76253080368042,3.8185932636260986,0.9816665649414062,1.8263306617736816,16.205947875976562,signal-watch
ca_gat_mappo__small__seed-42__cfg-6f2181b8e38c__git-e469ac5d152b,ca_gat_mappo,small,42,e469ac5d152b50c21427eecb0c098f60c618f9f3,6f2181b8e38c9454f0e5c0e44c3d52a8d1e1e11d7c4abe30331f6c5c8ef4e824,ppo_epoch,13,1024,,,,,,,,,,,,,,,3,0,3,4,0.0003,0.0003,0.2,3.7937517166137695,PPO clipped-surrogate actor + half-MSE critic,1.8534905910491943,3.910809278488159,1.5143436193466187,3.7937517166137695,1.0,2.0504870414733887,14.064030647277832,signal-watch
ca_gat_mappo__small__seed-42__cfg-6f2181b8e38c__git-e469ac5d152b,ca_gat_mappo,small,42,e469ac5d152b50c21427eecb0c098f60c618f9f3,6f2181b8e38c9454f0e5c0e44c3d52a8d1e1e11d7c4abe30331f6c5c8ef4e824,ppo_epoch,14,1024,,,,,,,,,,,,,,,3,1,3,4,0.0003,0.0003,0.2,3.6245174407958984,PPO clipped-surrogate actor + half-MSE critic,1.8481510877609253,3.5829129219055176,1.5089884996414185,3.6245174407958984,0.9994297027587891,1.7537726163864136,11.856057167053223,signal-watch
ca_gat_mappo__small__seed-42__cfg-6f2181b8e38c__git-e469ac5d152b,ca_gat_mappo,small,42,e469ac5d152b50c21427eecb0c098f60c618f9f3,6f2181b8e38c9454f0e5c0e44c3d52a8d1e1e11d7c4abe30331f6c5c8ef4e824,ppo_epoch,15,1024,,,,,,,,,,,,,,,3,2,3,4,0.0003,0.0003,0.2,3.483743667602539,PPO clipped-surrogate actor + half-MSE critic,1.8384346961975098,3.3206982612609863,1.5040276050567627,3.483743667602539,0.9976458549499512,1.1837069988250732,10.148444175720215,signal-watch
ca_gat_mappo__small__seed-42__cfg-6f2181b8e38c__git-e469ac5d152b,ca_gat_mappo,small,42,e469ac5d152b50c21427eecb0c098f60c618f9f3,6f2181b8e38c9454f0e5c0e44c3d52a8d1e1e11d7c4abe30331f6c5c8ef4e824,ppo_epoch,16,1024,,,,,,,,,,,,,,,3,3,3,4,0.0003,0.0003,0.2,3.3688883781433105,PPO clipped-surrogate actor + half-MSE critic,1.826611042022705,3.114546775817871,1.4995940923690796,3.3688883781433105,0.9951215982437134,1.4921352863311768,8.856995582580566,signal-watch
ca_gat_mappo__small__seed-42__cfg-6f2181b8e38c__git-e469ac5d152b,ca_gat_mappo,small,42,e469ac5d152b50c21427eecb0c098f60c618f9f3,6f2181b8e38c9454f0e5c0e44c3d52a8d1e1e11d7c4abe30331f6c5c8ef4e824,ppo_epoch,17,1280,,,,,,,,,,,,,,,4,0,4,5,0.0003,0.0003,0.2,6.686373233795166,PPO clipped-surrogate actor + half-MSE critic,3.326688051223755,6.752450942993164,1.6540064811706543,6.686373233795166,1.0,2.984865665435791,27.185808181762695,signal-watch
ca_gat_mappo__small__seed-42__cfg-6f2181b8e38c__git-e469ac5d152b,ca_gat_mappo,small,42,e469ac5d152b50c21427eecb0c098f60c618f9f3,6f2181b8e38c9454f0e5c0e44c3d52a8d1e1e11d7c4abe30331f6c5c8ef4e824,ppo_epoch,18,1280,,,,,,,,,,,,,,,4,1,4,5,0.0003,0.0003,0.2,6.456650733947754,PPO clipped-surrogate actor + half-MSE critic,3.319303512573242,6.307687759399414,1.6496546268463135,6.456650733947754,0.9981182813644409,2.2560129165649414,25.34126091003418,signal-watch
ca_gat_mappo__small__seed-42__cfg-6f2181b8e38c__git-e469ac5d152b,ca_gat_mappo,small,42,e469ac5d152b50c21427eecb0c098f60c618f9f3,6f2181b8e38c9454f0e5c0e44c3d52a8d1e1e11d7c4abe30331f6c5c8ef4e824,ppo_epoch,19,1280,,,,,,,,,,,,,,,4,2,4,5,0.0003,0.0003,0.2,6.207035064697266,PPO clipped-surrogate actor + half-MSE critic,3.3030691146850586,5.840817451477051,1.6442639827728271,6.207035064697266,0.9937756061553955,2.8574531078338623,23.33222198486328,signal-watch
ca_gat_mappo__small__seed-42__cfg-6f2181b8e38c__git-e469ac5d152b,ca_gat_mappo,small,42,e469ac5d152b50c21427eecb0c098f60c618f9f3,6f2181b8e38c9454f0e5c0e44c3d52a8d1e1e11d7c4abe30331f6c5c8ef4e824,ppo_epoch,20,1280,,,,,,,,,,,,,,,4,3,4,5,0.0003,0.0003,0.2,5.963105201721191,PPO clipped-surrogate actor + half-MSE critic,3.286891222000122,5.385180473327637,1.6376640796661377,5.963105201721191,0.9886034727096558,1.656477928161621,21.256511688232422,signal-watch
ca_gat_mappo__small__seed-42__cfg-6f2181b8e38c__git-e469ac5d152b,ca_gat_mappo,small,42,e469ac5d152b50c21427eecb0c098f60c618f9f3,6f2181b8e38c9454f0e5c0e44c3d52a8d1e1e11d7c4abe30331f6c5c8ef4e824,ppo_epoch,21,1536,,,,,,,,,,,,,,,5,0,5,6,0.0003,0.0003,0.2,3.6351020336151123,PPO clipped-surrogate actor + half-MSE critic,2.02292537689209,3.252915382385254,1.4280948638916016,3.6351020336151123,1.0,1.9644293785095215,13.419208526611328,signal-watch
ca_gat_mappo__small__seed-42__cfg-6f2181b8e38c__git-e469ac5d152b,ca_gat_mappo,small,42,e469ac5d152b50c21427eecb0c098f60c618f9f3,6f2181b8e38c9454f0e5c0e44c3d52a8d1e1e11d7c4abe30331f6c5c8ef4e824,ppo_epoch,22,1536,,,,,,,,,,,,,,,5,1,5,6,0.0003,0.0003,0.2,3.5006120204925537,PPO clipped-surrogate actor + half-MSE critic,2.017061948776245,2.995579719543457,1.4239906072616577,3.5006120204925537,0.9989849925041199,2.158836603164673,12.145715713500977,signal-watch
ca_gat_mappo__small__seed-42__cfg-6f2181b8e38c__git-e469ac5d152b,ca_gat_mappo,small,42,e469ac5d152b50c21427eecb0c098f60c618f9f3,6f2181b8e38c9454f0e5c0e44c3d52a8d1e1e11d7c4abe30331f6c5c8ef4e824,ppo_epoch,23,1536,,,,,,,,,,,,,,,5,2,5,6,0.0003,0.0003,0.2,3.370473623275757,PPO clipped-surrogate actor + half-MSE critic,2.006577968597412,2.7561824321746826,1.419572114944458,3.370473623275757,0.9968013167381287,2.0465667247772217,10.906432151794434,signal-watch
ca_gat_mappo__small__seed-42__cfg-6f2181b8e38c__git-e469ac5d152b,ca_gat_mappo,small,42,e469ac5d152b50c21427eecb0c098f60c618f9f3,6f2181b8e38c9454f0e5c0e44c3d52a8d1e1e11d7c4abe30331f6c5c8ef4e824,ppo_epoch,24,1536,,,,,,,,,,,,,,,5,3,5,6,0.0003,0.0003,0.2,3.254317283630371,PPO clipped-surrogate actor + half-MSE critic,1.9933884143829346,2.5501527786254883,1.4147484302520752,3.254317283630371,0.9938737154006958,2.628035545349121,9.78278923034668,signal-watch
ca_gat_mappo__small__seed-42__cfg-6f2181b8e38c__git-e469ac5d152b,ca_gat_mappo,small,42,e469ac5d152b50c21427eecb0c098f60c618f9f3,6f2181b8e38c9454f0e5c0e44c3d52a8d1e1e11d7c4abe30331f6c5c8ef4e824,ppo_epoch,25,1792,,,,,,,,,,,,,,,6,0,6,7,0.0003,0.0003,0.2,3.482825994491577,PPO clipped-surrogate actor + half-MSE critic,1.9979994297027588,2.999289035797119,1.481804370880127,3.482825994491577,1.0,0.9917192459106445,16.886287689208984,signal-watch
ca_gat_mappo__small__seed-42__cfg-6f2181b8e38c__git-e469ac5d152b,ca_gat_mappo,small,42,e469ac5d152b50c21427eecb0c098f60c618f9f3,6f2181b8e38c9454f0e5c0e44c3d52a8d1e1e11d7c4abe30331f6c5c8ef4e824,ppo_epoch,26,1792,,,,,,,,,,,,,,,6,1,6,7,0.0003,0.0003,0.2,3.3551480770111084,PPO clipped-surrogate actor + half-MSE critic,1.9856069087982178,2.7685747146606445,1.474616527557373,3.3551480770111084,0.995116114616394,0.9524304270744324,15.587682723999023,signal-watch
ca_gat_mappo__small__seed-42__cfg-6f2181b8e38c__git-e469ac5d152b,ca_gat_mappo,small,42,e469ac5d152b50c21427eecb0c098f60c618f9f3,6f2181b8e38c9454f0e5c0e44c3d52a8d1e1e11d7c4abe30331f6c5c8ef4e824,ppo_epoch,27,1792,,,,,,,,,,,,,,,6,2,6,7,0.0003,0.0003,0.2,3.214381217956543,PPO clipped-surrogate actor + half-MSE critic,1.9689960479736328,2.5200932025909424,1.466138482093811,3.214381217956543,0.988783061504364,0.9199816584587097,14.136399269104004,signal-watch
ca_gat_mappo__small__seed-42__cfg-6f2181b8e38c__git-e469ac5d152b,ca_gat_mappo,small,42,e469ac5d152b50c21427eecb0c098f60c618f9f3,6f2181b8e38c9454f0e5c0e44c3d52a8d1e1e11d7c4abe30331f6c5c8ef4e824,ppo_epoch,28,1792,,,,,,,,,,,,,,,6,3,6,7,0.0003,0.0003,0.2,3.0805506706237793,PPO clipped-surrogate actor + half-MSE critic,1.9559855461120605,2.278273582458496,1.457162857055664,3.0805506706237793,0.9814789295196533,1.0119746923446655,12.623481750488281,signal-watch
ca_gat_mappo__small__seed-42__cfg-6f2181b8e38c__git-e469ac5d152b,ca_gat_mappo,small,42,e469ac5d152b50c21427eecb0c098f60c618f9f3,6f2181b8e38c9454f0e5c0e44c3d52a8d1e1e11d7c4abe30331f6c5c8ef4e824,ppo_epoch,29,2048,,,,,,,,,,,,,,,7,0,7,8,0.0003,0.0003,0.2,1.4181205034255981,PPO clipped-surrogate actor + half-MSE critic,0.6472868919372559,1.5697391033172607,1.4035968780517578,1.4181205034255981,1.0,0.6877591013908386,4.351449012756348,signal-watch
ca_gat_mappo__small__seed-42__cfg-6f2181b8e38c__git-e469ac5d152b,ca_gat_mappo,small,42,e469ac5d152b50c21427eecb0c098f60c618f9f3,6f2181b8e38c9454f0e5c0e44c3d52a8d1e1e11d7c4abe30331f6c5c8ef4e824,ppo_epoch,30,2048,,,,,,,,,,,,,,,7,1,7,8,0.0003,0.0003,0.2,1.379762053489685,PPO clipped-surrogate actor + half-MSE critic,0.6423699259757996,1.5027744770050049,1.3995044231414795,1.379762053489685,0.9984685778617859,0.6898303031921387,3.6100480556488037,signal-watch
ca_gat_mappo__small__seed-42__cfg-6f2181b8e38c__git-e469ac5d152b,ca_gat_mappo,small,42,e469ac5d152b50c21427eecb0c098f60c618f9f3,6f2181b8e38c9454f0e5c0e44c3d52a8d1e1e11d7c4abe30331f6c5c8ef4e824,ppo_epoch,31,2048,,,,,,,,,,,,,,,7,2,7,8,0.0003,0.0003,0.2,1.343398094177246,PPO clipped-surrogate actor + half-MSE critic,0.6338911056518555,1.4469095468521118,1.394768476486206,1.343398094177246,0.9961166381835938,0.6506128907203674,2.9485714435577393,signal-watch
ca_gat_mappo__small__seed-42__cfg-6f2181b8e38c__git-e469ac5d152b,ca_gat_mappo,small,42,e469ac5d152b50c21427eecb0c098f60c618f9f3,6f2181b8e38c9454f0e5c0e44c3d52a8d1e1e11d7c4abe30331f6c5c8ef4e824,ppo_epoch,32,2048,,,,,,,,,,,,,,,7,3,7,8,0.0003,0.0003,0.2,1.3116614818572998,PPO clipped-surrogate actor + half-MSE critic,0.6249372959136963,1.4012305736541748,1.389113426208496,1.3116614818572998,0.9930412769317627,0.6146494150161743,2.3517699241638184,signal-watch
ca_gat_mappo__small__seed-42__cfg-6f2181b8e38c__git-e469ac5d152b,ca_gat_mappo,small,42,e469ac5d152b50c21427eecb0c098f60c618f9f3,6f2181b8e38c9454f0e5c0e44c3d52a8d1e1e11d7c4abe30331f6c5c8ef4e824,ppo_epoch,33,2304,,,,,,,,,,,,,,,8,0,8,9,0.0003,0.0003,0.2,5.37327766418457,PPO clipped-surrogate actor + half-MSE critic,2.786724090576172,5.202025413513184,1.4459201097488403,5.37327766418457,1.0,2.120126247406006,22.65699005126953,signal-watch
ca_gat_mappo__small__seed-42__cfg-6f2181b8e38c__git-e469ac5d152b,ca_gat_mappo,small,42,e469ac5d152b50c21427eecb0c098f60c618f9f3,6f2181b8e38c9454f0e5c0e44c3d52a8d1e1e11d7c4abe30331f6c5c8ef4e824,ppo_epoch,34,2304,,,,,,,,,,,,,,,8,1,8,9,0.0003,0.0003,0.2,5.204640865325928,PPO clipped-surrogate actor + half-MSE critic,2.776740074157715,4.884600639343262,1.4399502277374268,5.204640865325928,0.9976613521575928,3.180706262588501,21.023937225341797,signal-watch
ca_gat_mappo__small__seed-42__cfg-6f2181b8e38c__git-e469ac5d152b,ca_gat_mappo,small,42,e469ac5d152b50c21427eecb0c098f60c618f9f3,6f2181b8e38c9454f0e5c0e44c3d52a8d1e1e11d7c4abe30331f6c5c8ef4e824,ppo_epoch,35,2304,,,,,,,,,,,,,,,8,2,8,9,0.0003,0.0003,0.2,5.037909030914307,PPO clipped-surrogate actor + half-MSE critic,2.766183853149414,4.572096824645996,1.4323042631149292,5.037909030914307,0.9947453141212463,3.2762982845306396,19.273656845092773,signal-watch
ca_gat_mappo__small__seed-42__cfg-6f2181b8e38c__git-e469ac5d152b,ca_gat_mappo,small,42,e469ac5d152b50c21427eecb0c098f60c618f9f3,6f2181b8e38c9454f0e5c0e44c3d52a8d1e1e11d7c4abe30331f6c5c8ef4e824,ppo_epoch,36,2304,,,,,,,,,,,,,,,8,3,8,9,0.0003,0.0003,0.2,4.878616809844971,PPO clipped-surrogate actor + half-MSE critic,2.7556934356689453,4.274341583251953,1.4247345924377441,4.878616809844971,0.9915159344673157,0.9822999238967896,17.76822853088379,signal-watch
ca_gat_mappo__small__seed-42__cfg-6f2181b8e38c__git-e469ac5d152b,ca_gat_mappo,small,42,e469ac5d152b50c21427eecb0c098f60c618f9f3,6f2181b8e38c9454f0e5c0e44c3d52a8d1e1e11d7c4abe30331f6c5c8ef4e824,ppo_epoch,37,2560,,,,,,,,,,,,,,,9,0,9,10,0.0003,0.0003,0.2,3.410815954208374,PPO clipped-surrogate actor + half-MSE critic,1.7619991302490234,3.326122283935547,1.4244295358657837,3.410815954208374,1.0,1.2148256301879883,11.76406192779541,signal-watch
ca_gat_mappo__small__seed-42__cfg-6f2181b8e38c__git-e469ac5d152b,ca_gat_mappo,small,42,e469ac5d152b50c21427eecb0c098f60c618f9f3,6f2181b8e38c9454f0e5c0e44c3d52a8d1e1e11d7c4abe30331f6c5c8ef4e824,ppo_epoch,38,2560,,,,,,,,,,,,,,,9,1,9,10,0.0003,0.0003,0.2,3.317093849182129,PPO clipped-surrogate actor + half-MSE critic,1.7548189163208008,3.1529064178466797,1.4178218841552734,3.317093849182129,0.9984008073806763,1.1132752895355225,10.880003929138184,signal-watch
ca_gat_mappo__small__seed-42__cfg-6f2181b8e38c__git-e469ac5d152b,ca_gat_mappo,small,42,e469ac5d152b50c21427eecb0c098f60c618f9f3,6f2181b8e38c9454f0e5c0e44c3d52a8d1e1e11d7c4abe30331f6c5c8ef4e824,ppo_epoch,39,2560,,,,,,,,,,,,,,,9,2,9,10,0.0003,0.0003,0.2,3.22812819480896,PPO clipped-surrogate actor + half-MSE critic,1.744489073753357,2.995513439178467,1.4117425680160522,3.22812819480896,0.9951019287109375,1.3159579038619995,10.076821327209473,signal-watch
ca_gat_mappo__small__seed-42__cfg-6f2181b8e38c__git-e469ac5d152b,ca_gat_mappo,small,42,e469ac5d152b50c21427eecb0c098f60c618f9f3,6f2181b8e38c9454f0e5c0e44c3d52a8d1e1e11d7c4abe30331f6c5c8ef4e824,ppo_epoch,40,2560,,,,,,,,,,,,,,,9,3,9,10,0.0003,0.0003,0.2,3.154254913330078,PPO clipped-surrogate actor + half-MSE critic,1.7409616708755493,2.854705810546875,1.4059514999389648,3.154254913330078,0.990423321723938,2.5984714031219482,9.357954025268555,signal-watch
ca_gat_mappo__small__seed-42__cfg-6f2181b8e38c__git-e469ac5d152b,ca_gat_mappo,small,42,e469ac5d152b50c21427eecb0c098f60c618f9f3,6f2181b8e38c9454f0e5c0e44c3d52a8d1e1e11d7c4abe30331f6c5c8ef4e824,ppo_epoch,41,2816,,,,,,,,,,,,,,,10,0,10,11,0.0003,0.0003,0.2,5.804798603057861,PPO clipped-surrogate actor + half-MSE critic,3.0105109214782715,5.622902870178223,1.7163714170455933,5.804798603057861,1.0,4.350703716278076,23.52923583984375,signal-watch
ca_gat_mappo__small__seed-42__cfg-6f2181b8e38c__git-e469ac5d152b,ca_gat_mappo,small,42,e469ac5d152b50c21427eecb0c098f60c618f9f3,6f2181b8e38c9454f0e5c0e44c3d52a8d1e1e11d7c4abe30331f6c5c8ef4e824,ppo_epoch,42,2816,,,,,,,,,,,,,,,10,1,10,11,0.0003,0.0003,0.2,5.637153625488281,PPO clipped-surrogate actor + half-MSE critic,3.0041401386260986,5.300189971923828,1.708126425743103,5.637153625488281,0.9977378845214844,4.210409641265869,22.21319580078125,signal-watch
ca_gat_mappo__small__seed-42__cfg-6f2181b8e38c__git-e469ac5d152b,ca_gat_mappo,small,42,e469ac5d152b50c21427eecb0c098f60c618f9f3,6f2181b8e38c9454f0e5c0e44c3d52a8d1e1e11d7c4abe30331f6c5c8ef4e824,ppo_epoch,43,2816,,,,,,,,,,,,,,,10,2,10,11,0.0003,0.0003,0.2,5.438588619232178,PPO clipped-surrogate actor + half-MSE critic,2.996185064315796,4.91879940032959,1.6995911598205566,5.438588619232178,0.9953830242156982,2.3229079246520996,20.6346435546875,signal-watch
ca_gat_mappo__small__seed-42__cfg-6f2181b8e38c__git-e469ac5d152b,ca_gat_mappo,small,42,e469ac5d152b50c21427eecb0c098f60c618f9f3,6f2181b8e38c9454f0e5c0e44c3d52a8d1e1e11d7c4abe30331f6c5c8ef4e824,ppo_epoch,44,2816,,,,,,,,,,,,,,,10,3,10,11,0.0003,0.0003,0.2,5.232346534729004,PPO clipped-surrogate actor + half-MSE critic,2.985841751098633,4.526797294616699,1.6893839836120605,5.232346534729004,0.9922013282775879,2.919640302658081,18.84029769897461,signal-watch
ca_gat_mappo__small__seed-42__cfg-6f2181b8e38c__git-e469ac5d152b,ca_gat_mappo,small,42,e469ac5d152b50c21427eecb0c098f60c618f9f3,6f2181b8e38c9454f0e5c0e44c3d52a8d1e1e11d7c4abe30331f6c5c8ef4e824,ppo_epoch,45,3072,,,,,,,,,,,,,,,11,0,11,12,0.0003,0.0003,0.2,3.796224355697632,PPO clipped-surrogate actor + half-MSE critic,1.702223300933838,4.218873977661133,1.5435822010040283,3.796224355697632,1.0,1.8148993253707886,12.364120483398438,signal-watch
ca_gat_mappo__small__seed-42__cfg-6f2181b8e38c__git-e469ac5d152b,ca_gat_mappo,small,42,e469ac5d152b50c21427eecb0c098f60c618f9f3,6f2181b8e38c9454f0e5c0e44c3d52a8d1e1e11d7c4abe30331f6c5c8ef4e824,ppo_epoch,46,3072,,,,,,,,,,,,,,,11,1,11,12,0.0003,0.0003,0.2,3.6738734245300293,PPO clipped-surrogate actor + half-MSE critic,1.688777208328247,4.000839710235596,1.5323600769042969,3.6738734245300293,0.9973709583282471,1.5606647729873657,11.192867279052734,signal-watch
ca_gat_mappo__small__seed-42__cfg-6f2181b8e38c__git-e469ac5d152b,ca_gat_mappo,small,42,e469ac5d152b50c21427eecb0c098f60c618f9f3,6f2181b8e38c9454f0e5c0e44c3d52a8d1e1e11d7c4abe30331f6c5c8ef4e824,ppo_epoch,47,3072,,,,,,,,,,,,,,,11,2,11,12,0.0003,0.0003,0.2,3.5520882606506348,PPO clipped-surrogate actor + half-MSE critic,1.6697266101837158,3.795130968093872,1.5203917026519775,3.5520882606506348,0.9929966926574707,1.4781856536865234,10.09608268737793,signal-watch
ca_gat_mappo__small__seed-42__cfg-6f2181b8e38c__git-e469ac5d152b,ca_gat_mappo,small,42,e469ac5d152b50c21427eecb0c098f60c618f9f3,6f2181b8e38c9454f0e5c0e44c3d52a8d1e1e11d7c4abe30331f6c5c8ef4e824,ppo_epoch,48,3072,,,,,,,,,,,,,,,11,3,11,12,0.0003,0.0003,0.2,3.440014362335205,PPO clipped-surrogate actor + half-MSE critic,1.6506876945495605,3.6087920665740967,1.5069401264190674,3.440014362335205,0.9877408742904663,1.2389005422592163,9.083038330078125,signal-watch
ca_gat_mappo__small__seed-42__cfg-6f2181b8e38c__git-e469ac5d152b,ca_gat_mappo,small,42,e469ac5d152b50c21427eecb0c098f60c618f9f3,6f2181b8e38c9454f0e5c0e44c3d52a8d1e1e11d7c4abe30331f6c5c8ef4e824,ppo_epoch,49,3328,,,,,,,,,,,,,,,12,0,12,13,0.0003,0.0003,0.2,1.6864959001541138,PPO clipped-surrogate actor + half-MSE critic,1.0170239210128784,1.364546298980713,1.2801196575164795,1.6864959001541138,1.0,1.6422492265701294,6.201510906219482,signal-watch
ca_gat_mappo__small__seed-42__cfg-6f2181b8e38c__git-e469ac5d152b,ca_gat_mappo,small,42,e469ac5d152b50c21427eecb0c098f60c618f9f3,6f2181b8e38c9454f0e5c0e44c3d52a8d1e1e11d7c4abe30331f6c5c8ef4e824,ppo_epoch,50,3328,,,,,,,,,,,,,,,12,1,12,13,0.0003,0.0003,0.2,1.6504853963851929,PPO clipped-surrogate actor + half-MSE critic,1.0180010795593262,1.2903622388839722,1.2696900367736816,1.6504853963851929,1.0002131462097168,0.6749775409698486,5.67539644241333,signal-watch
ca_gat_mappo__small__seed-42__cfg-6f2181b8e38c__git-e469ac5d152b,ca_gat_mappo,small,42,e469ac5d152b50c21427eecb0c098f60c618f9f3,6f2181b8e38c9454f0e5c0e44c3d52a8d1e1e11d7c4abe30331f6c5c8ef4e824,ppo_epoch,51,3328,,,,,,,,,,,,,,,12,2,12,13,0.0003,0.0003,0.2,1.6144001483917236,PPO clipped-surrogate actor + half-MSE critic,1.0146760940551758,1.2246742248535156,1.2613112926483154,1.6144001483917236,0.9988111257553101,2.298119068145752,5.196805953979492,signal-watch
ca_gat_mappo__small__seed-42__cfg-6f2181b8e38c__git-e469ac5d152b,ca_gat_mappo,small,42,e469ac5d152b50c21427eecb0c098f60c618f9f3,6f2181b8e38c9454f0e5c0e44c3d52a8d1e1e11d7c4abe30331f6c5c8ef4e824,ppo_epoch,52,3328,,,,,,,,,,,,,,,12,3,12,13,0.0003,0.0003,0.2,1.582797884941101,PPO clipped-surrogate actor + half-MSE critic,1.0121796131134033,1.1663291454315186,1.2546309232711792,1.582797884941101,0.9972999691963196,1.0240286588668823,4.74962043762207,signal-watch
ca_gat_mappo__small__seed-42__cfg-6f2181b8e38c__git-e469ac5d152b,ca_gat_mappo,small,42,e469ac5d152b50c21427eecb0c098f60c618f9f3,6f2181b8e38c9454f0e5c0e44c3d52a8d1e1e11d7c4abe30331f6c5c8ef4e824,ppo_epoch,53,3584,,,,,,,,,,,,,,,13,0,13,14,0.0003,0.0003,0.2,1.6301257610321045,PPO clipped-surrogate actor + half-MSE critic,0.6628129482269287,1.9584288597106934,1.1901607513427734,1.6301257610321045,1.0,1.0954866409301758,4.108160018920898,signal-watch
ca_gat_mappo__small__seed-42__cfg-6f2181b8e38c__git-e469ac5d152b,ca_gat_mappo,small,42,e469ac5d152b50c21427eecb0c098f60c618f9f3,6f2181b8e38c9454f0e5c0e44c3d52a8d1e1e11d7c4abe30331f6c5c8ef4e824,ppo_epoch,54,3584,,,,,,,,,,,,,,,13,1,13,14,0.0003,0.0003,0.2,1.5995556116104126,PPO clipped-surrogate actor + half-MSE critic,0.6603744029998779,1.9021154642105103,1.187643051147461,1.5995556116104126,0.999896764755249,4.93801212310791,3.628051280975342,signal-watch
ca_gat_mappo__small__seed-42__cfg-6f2181b8e38c__git-e469ac5d152b,ca_gat_mappo,small,42,e469ac5d152b50c21427eecb0c098f60c618f9f3,6f2181b8e38c9454f0e5c0e44c3d52a8d1e1e11d7c4abe30331f6c5c8ef4e824,ppo_epoch,55,3584,,,,,,,,,,,,,,,13,2,13,14,0.0003,0.0003,0.2,1.5698341131210327,PPO clipped-surrogate actor + half-MSE critic,0.6581063270568848,1.8471686840057373,1.1856560707092285,1.5698341131210327,0.9999308586120605,3.8226943016052246,3.1324563026428223,signal-watch
ca_gat_mappo__small__seed-42__cfg-6f2181b8e38c__git-e469ac5d152b,ca_gat_mappo,small,42,e469ac5d152b50c21427eecb0c098f60c618f9f3,6f2181b8e38c9454f0e5c0e44c3d52a8d1e1e11d7c4abe30331f6c5c8ef4e824,ppo_epoch,56,3584,,,,,,,,,,,,,,,13,3,13,14,0.0003,0.0003,0.2,1.5425653457641602,PPO clipped-surrogate actor + half-MSE critic,0.655659556388855,1.797471523284912,1.1829925775527954,1.5425653457641602,1.0000330209732056,1.2975646257400513,2.655475616455078,signal-watch
ca_gat_mappo__small__seed-42__cfg-6f2181b8e38c__git-e469ac5d152b,ca_gat_mappo,small,42,e469ac5d152b50c21427eecb0c098f60c618f9f3,6f2181b8e38c9454f0e5c0e44c3d52a8d1e1e11d7c4abe30331f6c5c8ef4e824,ppo_epoch,57,3840,,,,,,,,,,,,,,,14,0,14,15,0.0003,0.0003,0.2,5.529894828796387,PPO clipped-surrogate actor + half-MSE critic,2.697941780090332,5.69243860244751,1.4265780448913574,5.529894828796387,1.0,3.5536139011383057,19.801233291625977,signal-watch
ca_gat_mappo__small__seed-42__cfg-6f2181b8e38c__git-e469ac5d152b,ca_gat_mappo,small,42,e469ac5d152b50c21427eecb0c098f60c618f9f3,6f2181b8e38c9454f0e5c0e44c3d52a8d1e1e11d7c4abe30331f6c5c8ef4e824,ppo_epoch,58,3840,,,,,,,,,,,,,,,14,1,14,15,0.0003,0.0003,0.2,5.360307216644287,PPO clipped-surrogate actor + half-MSE critic,2.689728260040283,5.369647979736328,1.4245243072509766,5.360307216644287,0.9978398084640503,2.3164567947387695,18.50067901611328,signal-watch
ca_gat_mappo__small__seed-42__cfg-6f2181b8e38c__git-e469ac5d152b,ca_gat_mappo,small,42,e469ac5d152b50c21427eecb0c098f60c618f9f3,6f2181b8e38c9454f0e5c0e44c3d52a8d1e1e11d7c4abe30331f6c5c8ef4e824,ppo_epoch,59,3840,,,,,,,,,,,,,,,14,2,14,15,0.0003,0.0003,0.2,5.177751541137695,PPO clipped-surrogate actor + half-MSE critic,2.677194595336914,5.0295891761779785,1.4237377643585205,5.177751541137695,0.9944998025894165,2.51071834564209,17.0799617767334,signal-watch
ca_gat_mappo__small__seed-42__cfg-6f2181b8e38c__git-e469ac5d152b,ca_gat_mappo,small,42,e469ac5d152b50c21427eecb0c098f60c618f9f3,6f2181b8e38c9454f0e5c0e44c3d52a8d1e1e11d7c4abe30331f6c5c8ef4e824,ppo_epoch,60,3840,,,,,,,,,,,,,,,14,3,14,15,0.0003,0.0003,0.2,5.002477169036865,PPO clipped-surrogate actor + half-MSE critic,2.6649222373962402,4.703570365905762,1.423004150390625,5.002477169036865,0.9909420013427734,2.1828689575195312,15.599946975708008,signal-watch
ca_gat_mappo__small__seed-42__cfg-6f2181b8e38c__git-e469ac5d152b,ca_gat_mappo,small,42,e469ac5d152b50c21427eecb0c098f60c618f9f3,6f2181b8e38c9454f0e5c0e44c3d52a8d1e1e11d7c4abe30331f6c5c8ef4e824,ppo_epoch,61,4096,,,,,,,,,,,,,,,15,0,15,16,0.0003,0.0003,0.2,3.0692079067230225,PPO clipped-surrogate actor + half-MSE critic,1.4232693910598755,3.3208603858947754,1.449172854423523,3.0692079067230225,1.0,1.0229116678237915,9.185661315917969,signal-watch
ca_gat_mappo__small__seed-42__cfg-6f2181b8e38c__git-e469ac5d152b,ca_gat_mappo,small,42,e469ac5d152b50c21427eecb0c098f60c618f9f3,6f2181b8e38c9454f0e5c0e44c3d52a8d1e1e11d7c4abe30331f6c5c8ef4e824,ppo_epoch,62,4096,,,,,,,,,,,,,,,15,1,15,16,0.0003,0.0003,0.2,2.9904513359069824,PPO clipped-surrogate actor + half-MSE critic,1.4182854890823364,3.173327684402466,1.4498084783554077,2.9904513359069824,0.9986615180969238,2.0950005054473877,8.513033866882324,signal-watch
ca_gat_mappo__small__seed-42__cfg-6f2181b8e38c__git-e469ac5d152b,ca_gat_mappo,small,42,e469ac5d152b50c21427eecb0c098f60c618f9f3,6f2181b8e38c9454f0e5c0e44c3d52a8d1e1e11d7c4abe30331f6c5c8ef4e824,ppo_epoch,63,4096,,,,,,,,,,,,,,,15,2,15,16,0.0003,0.0003,0.2,2.914581060409546,PPO clipped-surrogate actor + half-MSE critic,1.4131546020507812,3.031871795654297,1.4509522914886475,2.914581060409546,0.9977418780326843,1.4581533670425415,7.854148864746094,signal-watch
ca_gat_mappo__small__seed-42__cfg-6f2181b8e38c__git-e469ac5d152b,ca_gat_mappo,small,42,e469ac5d152b50c21427eecb0c098f60c618f9f3,6f2181b8e38c9454f0e5c0e44c3d52a8d1e1e11d7c4abe30331f6c5c8ef4e824,ppo_epoch,64,4096,,,,,,,,,,,,,,,15,3,15,16,0.0003,0.0003,0.2,2.841557741165161,PPO clipped-surrogate actor + half-MSE critic,1.4053831100463867,2.9014029502868652,1.4526785612106323,2.841557741165161,0.9961885213851929,3.1890368461608887,7.220709800720215,signal-watch
ca_gat_mappo__small__seed-42__cfg-6f2181b8e38c__git-e469ac5d152b,ca_gat_mappo,small,42,e469ac5d152b50c21427eecb0c098f60c618f9f3,6f2181b8e38c9454f0e5c0e44c3d52a8d1e1e11d7c4abe30331f6c5c8ef4e824,ppo_epoch,65,4352,,,,,,,,,,,,,,,16,0,16,17,0.0003,0.0003,0.2,4.652242183685303,PPO clipped-surrogate actor + half-MSE critic,2.509671211242676,4.315459728240967,1.5159008502960205,4.652242183685303,1.0,2.256697177886963,17.579797744750977,signal-watch
ca_gat_mappo__small__seed-42__cfg-6f2181b8e38c__git-e469ac5d152b,ca_gat_mappo,small,42,e469ac5d152b50c21427eecb0c098f60c618f9f3,6f2181b8e38c9454f0e5c0e44c3d52a8d1e1e11d7c4abe30331f6c5c8ef4e824,ppo_epoch,66,4352,,,,,,,,,,,,,,,16,1,16,17,0.0003,0.0003,0.2,4.526065349578857,PPO clipped-surrogate actor + half-MSE critic,2.50498104095459,4.072504997253418,1.5168373584747314,4.526065349578857,0.9986825585365295,1.6886709928512573,16.51136016845703,signal-watch
ca_gat_mappo__small__seed-42__cfg-6f2181b8e38c__git-e469ac5d152b,ca_gat_mappo,small,42,e469ac5d152b50c21427eecb0c098f60c618f9f3,6f2181b8e38c9454f0e5c0e44c3d52a8d1e1e11d7c4abe30331f6c5c8ef4e824,ppo_epoch,67,4352,,,,,,,,,,,,,,,16,2,16,17,0.0003,0.0003,0.2,4.392441749572754,PPO clipped-surrogate actor + half-MSE critic,2.493607521057129,3.828042507171631,1.5187158584594727,4.392441749572754,0.995465099811554,1.6147072315216064,15.391579627990723,signal-watch
ca_gat_mappo__small__seed-42__cfg-6f2181b8e38c__git-e469ac5d152b,ca_gat_mappo,small,42,e469ac5d152b50c21427eecb0c098f60c618f9f3,6f2181b8e38c9454f0e5c0e44c3d52a8d1e1e11d7c4abe30331f6c5c8ef4e824,ppo_epoch,68,4352,,,,,,,,,,,,,,,16,3,16,17,0.0003,0.0003,0.2,4.261427879333496,PPO clipped-surrogate actor + half-MSE critic,2.478860378265381,3.595569133758545,1.521674633026123,4.261427879333496,0.9910212755203247,1.091915488243103,14.307666778564453,signal-watch
ca_gat_mappo__small__seed-42__cfg-6f2181b8e38c__git-e469ac5d152b,ca_gat_mappo,small,42,e469ac5d152b50c21427eecb0c098f60c618f9f3,6f2181b8e38c9454f0e5c0e44c3d52a8d1e1e11d7c4abe30331f6c5c8ef4e824,ppo_epoch,69,4608,,,,,,,,,,,,,,,17,0,17,18,0.0003,0.0003,0.2,2.996812582015991,PPO clipped-surrogate actor + half-MSE critic,1.47666597366333,3.070258140563965,1.4982423782348633,2.996812582015991,1.0,1.568458080291748,9.718029975891113,signal-watch
ca_gat_mappo__small__seed-42__cfg-6f2181b8e38c__git-e469ac5d152b,ca_gat_mappo,small,42,e469ac5d152b50c21427eecb0c098f60c618f9f3,6f2181b8e38c9454f0e5c0e44c3d52a8d1e1e11d7c4abe30331f6c5c8ef4e824,ppo_epoch,70,4608,,,,,,,,,,,,,,,17,1,17,18,0.0003,0.0003,0.2,2.9253485202789307,PPO clipped-surrogate actor + half-MSE critic,1.4707468748092651,2.9391932487487793,1.4994754791259766,2.9253485202789307,0.9995458722114563,2.307553768157959,9.176497459411621,signal-watch
ca_gat_mappo__small__seed-42__cfg-6f2181b8e38c__git-e469ac5d152b,ca_gat_mappo,small,42,e469ac5d152b50c21427eecb0c098f60c618f9f3,6f2181b8e38c9454f0e5c0e44c3d52a8d1e1e11d7c4abe30331f6c5c8ef4e824,ppo_epoch,71,4608,,,,,,,,,,,,,,,17,2,17,18,0.0003,0.0003,0.2,2.8465518951416016,PPO clipped-surrogate actor + half-MSE critic,1.4651732444763184,2.7927465438842773,1.4994646310806274,2.8465518951416016,0.9981522560119629,1.1336644887924194,8.470010757446289,signal-watch
ca_gat_mappo__small__seed-42__cfg-6f2181b8e38c__git-e469ac5d152b,ca_gat_mappo,small,42,e469ac5d152b50c21427eecb0c098f60c618f9f3,6f2181b8e38c9454f0e5c0e44c3d52a8d1e1e11d7c4abe30331f6c5c8ef4e824,ppo_epoch,72,4608,,,,,,,,,,,,,,,17,3,17,18,0.0003,0.0003,0.2,2.764157295227051,PPO clipped-surrogate actor + half-MSE critic,1.455077886581421,2.6481339931488037,1.4987502098083496,2.764157295227051,0.9953951239585876,1.1651073694229126,7.707657814025879,signal-watch
ca_gat_mappo__small__seed-42__cfg-6f2181b8e38c__git-e469ac5d152b,ca_gat_mappo,small,42,e469ac5d152b50c21427eecb0c098f60c618f9f3,6f2181b8e38c9454f0e5c0e44c3d52a8d1e1e11d7c4abe30331f6c5c8ef4e824,ppo_epoch,73,4864,,,,,,,,,,,,,,,18,0,18,19,0.0003,0.0003,0.2,3.1057019233703613,PPO clipped-surrogate actor + half-MSE critic,1.9316842555999756,2.3741636276245117,1.306412696838379,3.1057019233703613,1.0,1.723954677581787,12.038257598876953,signal-watch
ca_gat_mappo__small__seed-42__cfg-6f2181b8e38c__git-e469ac5d152b,ca_gat_mappo,small,42,e469ac5d152b50c21427eecb0c098f60c618f9f3,6f2181b8e38c9454f0e5c0e44c3d52a8d1e1e11d7c4abe30331f6c5c8ef4e824,ppo_epoch,74,4864,,,,,,,,,,,,,,,18,1,18,19,0.0003,0.0003,0.2,3.039372444152832,PPO clipped-surrogate actor + half-MSE critic,1.9293744564056396,2.24611234664917,1.3058112859725952,3.039372444152832,0.9980627298355103,1.5089528560638428,11.557124137878418,signal-watch
ca_gat_mappo__small__seed-42__cfg-6f2181b8e38c__git-e469ac5d152b,ca_gat_mappo,small,42,e469ac5d152b50c21427eecb0c098f60c618f9f3,6f2181b8e38c9454f0e5c0e44c3d52a8d1e1e11d7c4abe30331f6c5c8ef4e824,ppo_epoch,75,4864,,,,,,,,,,,,,,,18,2,18,19,0.0003,0.0003,0.2,2.965273380279541,PPO clipped-surrogate actor + half-MSE critic,1.9246270656585693,2.1074323654174805,1.3069918155670166,2.965273380279541,0.9953114986419678,1.3342921733856201,10.999683380126953,signal-watch
ca_gat_mappo__small__seed-42__cfg-6f2181b8e38c__git-e469ac5d152b,ca_gat_mappo,small,42,e469ac5d152b50c21427eecb0c098f60c618f9f3,6f2181b8e38c9454f0e5c0e44c3d52a8d1e1e11d7c4abe30331f6c5c8ef4e824,ppo_epoch,76,4864,,,,,,,,,,,,,,,18,3,18,19,0.0003,0.0003,0.2,2.889427423477173,PPO clipped-surrogate actor + half-MSE critic,1.9179891347885132,1.969059944152832,1.3091704845428467,2.889427423477173,0.9926334619522095,1.136733055114746,10.422041893005371,signal-watch
ca_gat_mappo__small__seed-42__cfg-6f2181b8e38c__git-e469ac5d152b,ca_gat_mappo,small,42,e469ac5d152b50c21427eecb0c098f60c618f9f3,6f2181b8e38c9454f0e5c0e44c3d52a8d1e1e11d7c4abe30331f6c5c8ef4e824,ppo_epoch,77,5120,,,,,,,,,,,,,,,19,0,19,20,0.0003,0.0003,0.2,1.1390951871871948,PPO clipped-surrogate actor + half-MSE critic,0.3408123254776001,1.618074655532837,1.0754485130310059,1.1390951871871948,1.0,0.5937778949737549,4.466270446777344,signal-watch
ca_gat_mappo__small__seed-42__cfg-6f2181b8e38c__git-e469ac5d152b,ca_gat_mappo,small,42,e469ac5d152b50c21427eecb0c098f60c618f9f3,6f2181b8e38c9454f0e5c0e44c3d52a8d1e1e11d7c4abe30331f6c5c8ef4e824,ppo_epoch,78,5120,,,,,,,,,,,,,,,19,1,19,20,0.0003,0.0003,0.2,1.102426290512085,PPO clipped-surrogate actor + half-MSE critic,0.3373735547065735,1.5517034530639648,1.079897165298462,1.102426290512085,0.9982325434684753,1.848949670791626,3.5771045684814453,signal-watch
ca_gat_mappo__small__seed-42__cfg-6f2181b8e38c__git-e469ac5d152b,ca_gat_mappo,small,42,e469ac5d152b50c21427eecb0c098f60c618f9f3,6f2181b8e38c9454f0e5c0e44c3d52a8d1e1e11d7c4abe30331f6c5c8ef4e824,ppo_epoch,79,5120,,,,,,,,,,,,,,,19,2,19,20,0.0003,0.0003,0.2,1.0648915767669678,PPO clipped-surrogate actor + half-MSE critic,0.3335776925086975,1.4842886924743652,1.0830351114273071,1.0648915767669678,0.9964208602905273,4.045546054840088,2.5998499393463135,signal-watch
ca_gat_mappo__small__seed-42__cfg-6f2181b8e38c__git-e469ac5d152b,ca_gat_mappo,small,42,e469ac5d152b50c21427eecb0c098f60c618f9f3,6f2181b8e38c9454f0e5c0e44c3d52a8d1e1e11d7c4abe30331f6c5c8ef4e824,ppo_epoch,80,5120,,,,,,,,,,,,,,,19,3,19,20,0.0003,0.0003,0.2,1.0339558124542236,PPO clipped-surrogate actor + half-MSE critic,0.3294735550880432,1.4306849241256714,1.086022138595581,1.0339558124542236,0.9938797950744629,0.8381731510162354,1.8302491903305054,signal-watch
ca_gat_mappo__small__seed-42__cfg-6f2181b8e38c__git-e469ac5d152b,ca_gat_mappo,small,42,e469ac5d152b50c21427eecb0c098f60c618f9f3,6f2181b8e38c9454f0e5c0e44c3d52a8d1e1e11d7c4abe30331f6c5c8ef4e824,ppo_epoch,81,5376,,,,,,,,,,,,,,,20,0,20,21,0.0003,0.0003,0.2,3.2282891273498535,PPO clipped-surrogate actor + half-MSE critic,1.869834303855896,2.740206718444824,1.1648595333099365,3.2282891273498535,1.0,1.0652854442596436,16.473642349243164,signal-watch
ca_gat_mappo__small__seed-42__cfg-6f2181b8e38c__git-e469ac5d152b,ca_gat_mappo,small,42,e469ac5d152b50c21427eecb0c098f60c618f9f3,6f2181b8e38c9454f0e5c0e44c3d52a8d1e1e11d7c4abe30331f6c5c8ef4e824,ppo_epoch,82,5376,,,,,,,,,,,,,,,20,1,20,21,0.0003,0.0003,0.2,3.058812141418457,PPO clipped-surrogate actor + half-MSE critic,1.8663816452026367,2.408149242401123,1.1644102334976196,3.058812141418457,0.9988338351249695,3.6223390102386475,13.818702697753906,signal-watch
ca_gat_mappo__small__seed-42__cfg-6f2181b8e38c__git-e469ac5d152b,ca_gat_mappo,small,42,e469ac5d152b50c21427eecb0c098f60c618f9f3,6f2181b8e38c9454f0e5c0e44c3d52a8d1e1e11d7c4abe30331f6c5c8ef4e824,ppo_epoch,83,5376,,,,,,,,,,,,,,,20,2,20,21,0.0003,0.0003,0.2,2.9126946926116943,PPO clipped-surrogate actor + half-MSE critic,1.8575589656829834,2.1335253715515137,1.1626911163330078,2.9126946926116943,0.9961948990821838,1.0404324531555176,11.46224308013916,signal-watch
ca_gat_mappo__small__seed-42__cfg-6f2181b8e38c__git-e469ac5d152b,ca_gat_mappo,small,42,e469ac5d152b50c21427eecb0c098f60c618f9f3,6f2181b8e38c9454f0e5c0e44c3d52a8d1e1e11d7c4abe30331f6c5c8ef4e824,ppo_epoch,84,5376,,,,,,,,,,,,,,,20,3,20,21,0.0003,0.0003,0.2,2.7938649654388428,PPO clipped-surrogate actor + half-MSE critic,1.8465633392333984,1.9177922010421753,1.1594624519348145,2.7938649654388428,0.9928090572357178,0.8162607550621033,9.655182838439941,signal-watch
ca_gat_mappo__small__seed-42__cfg-6f2181b8e38c__git-e469ac5d152b,ca_gat_mappo,small,42,e469ac5d152b50c21427eecb0c098f60c618f9f3,6f2181b8e38c9454f0e5c0e44c3d52a8d1e1e11d7c4abe30331f6c5c8ef4e824,ppo_epoch,85,5632,,,,,,,,,,,,,,,21,0,21,22,0.0003,0.0003,0.2,2.439635753631592,PPO clipped-surrogate actor + half-MSE critic,0.8945868015289307,3.114060640335083,1.1981425285339355,2.439635753631592,1.0,4.404417991638184,5.870393753051758,signal-watch
ca_gat_mappo__small__seed-42__cfg-6f2181b8e38c__git-e469ac5d152b,ca_gat_mappo,small,42,e469ac5d152b50c21427eecb0c098f60c618f9f3,6f2181b8e38c9454f0e5c0e44c3d52a8d1e1e11d7c4abe30331f6c5c8ef4e824,ppo_epoch,86,5632,,,,,,,,,,,,,,,21,1,21,22,0.0003,0.0003,0.2,2.390563726425171,PPO clipped-surrogate actor + half-MSE critic,0.8849256038665771,3.03511905670166,1.1921287775039673,2.390563726425171,1.000014066696167,1.0375049114227295,5.28427791595459,signal-watch
ca_gat_mappo__small__seed-42__cfg-6f2181b8e38c__git-e469ac5d152b,ca_gat_mappo,small,42,e469ac5d152b50c21427eecb0c098f60c618f9f3,6f2181b8e38c9454f0e5c0e44c3d52a8d1e1e11d7c4abe30331f6c5c8ef4e824,ppo_epoch,87,5632,,,,,,,,,,,,,,,21,2,21,22,0.0003,0.0003,0.2,2.343874931335449,PPO clipped-surrogate actor + half-MSE critic,0.8742806911468506,2.9628896713256836,1.1850523948669434,2.343874931335449,0.9975512027740479,2.9343082904815674,4.714564323425293,signal-watch
ca_gat_mappo__small__seed-42__cfg-6f2181b8e38c__git-e469ac5d152b,ca_gat_mappo,small,42,e469ac5d152b50c21427eecb0c098f60c618f9f3,6f2181b8e38c9454f0e5c0e44c3d52a8d1e1e11d7c4abe30331f6c5c8ef4e824,ppo_epoch,88,5632,,,,,,,,,,,,,,,21,3,21,22,0.0003,0.0003,0.2,2.3068430423736572,PPO clipped-surrogate actor + half-MSE critic,0.869581937789917,2.898064613342285,1.1771113872528076,2.3068430423736572,0.9959572553634644,6.563279628753662,4.1926727294921875,signal-watch
ca_gat_mappo__small__seed-42__cfg-6f2181b8e38c__git-e469ac5d152b,ca_gat_mappo,small,42,e469ac5d152b50c21427eecb0c098f60c618f9f3,6f2181b8e38c9454f0e5c0e44c3d52a8d1e1e11d7c4abe30331f6c5c8ef4e824,ppo_epoch,89,5888,,,,,,,,,,,,,,,22,0,22,23,0.0003,0.0003,0.2,1.129581093788147,PPO clipped-surrogate actor + half-MSE critic,0.5758768320083618,1.1298576593399048,1.1224658489227295,1.129581093788147,1.0,1.2562086582183838,3.907212018966675,signal-watch
ca_gat_mappo__small__seed-42__cfg-6f2181b8e38c__git-e469ac5d152b,ca_gat_mappo,small,42,e469ac5d152b50c21427eecb0c098f60c618f9f3,6f2181b8e38c9454f0e5c0e44c3d52a8d1e1e11d7c4abe30331f6c5c8ef4e824,ppo_epoch,90,5888,,,,,,,,,,,,,,,22,1,22,23,0.0003,0.0003,0.2,1.1075564622879028,PPO clipped-surrogate actor + half-MSE critic,0.5743616819381714,1.088690996170044,1.1150703430175781,1.1075564622879028,1.0005364418029785,0.7327065467834473,3.3674802780151367,signal-watch
ca_gat_mappo__small__seed-42__cfg-6f2181b8e38c__git-e469ac5d152b,ca_gat_mappo,small,42,e469ac5d152b50c21427eecb0c098f60c618f9f3,6f2181b8e38c9454f0e5c0e44c3d52a8d1e1e11d7c4abe30331f6c5c8ef4e824,ppo_epoch,91,5888,,,,,,,,,,,,,,,22,2,22,23,0.0003,0.0003,0.2,1.084448218345642,PPO clipped-surrogate actor + half-MSE critic,0.570323646068573,1.0504199266433716,1.108534574508667,1.084448218345642,1.0003067255020142,0.6316852569580078,2.808619976043701,signal-watch
ca_gat_mappo__small__seed-42__cfg-6f2181b8e38c__git-e469ac5d152b,ca_gat_mappo,small,42,e469ac5d152b50c21427eecb0c098f60c618f9f3,6f2181b8e38c9454f0e5c0e44c3d52a8d1e1e11d7c4abe30331f6c5c8ef4e824,ppo_epoch,92,5888,,,,,,,,,,,,,,,22,3,22,23,0.0003,0.0003,0.2,1.0620296001434326,PPO clipped-surrogate actor + half-MSE critic,0.5641570091247559,1.017791986465454,1.102339267730713,1.0620296001434326,0.9978805184364319,0.5655059218406677,2.2652368545532227,signal-watch
ca_gat_mappo__small__seed-42__cfg-6f2181b8e38c__git-e469ac5d152b,ca_gat_mappo,small,42,e469ac5d152b50c21427eecb0c098f60c618f9f3,6f2181b8e38c9454f0e5c0e44c3d52a8d1e1e11d7c4abe30331f6c5c8ef4e824,ppo_epoch,93,6144,,,,,,,,,,,,,,,23,0,23,24,0.0003,0.0003,0.2,0.9499424695968628,PPO clipped-surrogate actor + half-MSE critic,0.06237763911485672,1.7963318824768066,1.060111165046692,0.9499424695968628,1.0,0.7587227821350098,2.313056468963623,signal-watch
ca_gat_mappo__small__seed-42__cfg-6f2181b8e38c__git-e469ac5d152b,ca_gat_mappo,small,42,e469ac5d152b50c21427eecb0c098f60c618f9f3,6f2181b8e38c9454f0e5c0e44c3d52a8d1e1e11d7c4abe30331f6c5c8ef4e824,ppo_epoch,94,6144,,,,,,,,,,,,,,,23,1,23,24,0.0003,0.0003,0.2,0.9315416216850281,PPO clipped-surrogate actor + half-MSE critic,0.05843174457550049,1.767427921295166,1.0604093074798584,0.9315416216850281,0.9992421865463257,0.5828254818916321,1.9242483377456665,signal-watch
ca_gat_mappo__small__seed-42__cfg-6f2181b8e38c__git-e469ac5d152b,ca_gat_mappo,small,42,e469ac5d152b50c21427eecb0c098f60c618f9f3,6f2181b8e38c9454f0e5c0e44c3d52a8d1e1e11d7c4abe30331f6c5c8ef4e824,ppo_epoch,95,6144,,,,,,,,,,,,,,,23,2,23,24,0.0003,0.0003,0.2,0.9078212976455688,PPO clipped-surrogate actor + half-MSE critic,0.051469966769218445,1.733959674835205,1.0628502368927002,0.9078212976455688,0.9983013868331909,0.5634604096412659,1.6168795824050903,signal-watch
ca_gat_mappo__small__seed-42__cfg-6f2181b8e38c__git-e469ac5d152b,ca_gat_mappo,small,42,e469ac5d152b50c21427eecb0c098f60c618f9f3,6f2181b8e38c9454f0e5c0e44c3d52a8d1e1e11d7c4abe30331f6c5c8ef4e824,ppo_epoch,96,6144,,,,,,,,,,,,,,,23,3,23,24,0.0003,0.0003,0.2,0.8847941756248474,PPO clipped-surrogate actor + half-MSE critic,0.04429052025079727,1.702343463897705,1.0668082237243652,0.8847941756248474,0.997308611869812,0.5482670068740845,1.3939647674560547,signal-watch
ca_gat_mappo__small__seed-42__cfg-6f2181b8e38c__git-e469ac5d152b,ca_gat_mappo,small,42,e469ac5d152b50c21427eecb0c098f60c618f9f3,6f2181b8e38c9454f0e5c0e44c3d52a8d1e1e11d7c4abe30331f6c5c8ef4e824,ppo_epoch,97,6400,,,,,,,,,,,,,,,24,0,24,25,0.0003,0.0003,0.2,2.9317214488983154,PPO clipped-surrogate actor + half-MSE critic,1.6985257863998413,2.4890711307525635,1.1339788436889648,2.9317214488983154,1.0,1.2144300937652588,11.852063179016113,signal-watch
ca_gat_mappo__small__seed-42__cfg-6f2181b8e38c__git-e469ac5d152b,ca_gat_mappo,small,42,e469ac5d152b50c21427eecb0c098f60c618f9f3,6f2181b8e38c9454f0e5c0e44c3d52a8d1e1e11d7c4abe30331f6c5c8ef4e824,ppo_epoch,98,6400,,,,,,,,,,,,,,,24,1,24,25,0.0003,0.0003,0.2,2.8887126445770264,PPO clipped-surrogate actor + half-MSE critic,1.6933214664459229,2.4134130477905273,1.1315321922302246,2.8887126445770264,0.9984796047210693,1.3366305828094482,11.500167846679688,signal-watch
ca_gat_mappo__small__seed-42__cfg-6f2181b8e38c__git-e469ac5d152b,ca_gat_mappo,small,42,e469ac5d152b50c21427eecb0c098f60c618f9f3,6f2181b8e38c9454f0e5c0e44c3d52a8d1e1e11d7c4abe30331f6c5c8ef4e824,ppo_epoch,99,6400,,,,,,,,,,,,,,,24,2,24,25,0.0003,0.0003,0.2,2.8223884105682373,PPO clipped-surrogate actor + half-MSE critic,1.6844804286956787,2.29837965965271,1.1281650066375732,2.8223884105682373,0.9956458806991577,1.2637795209884644,10.852080345153809,signal-watch
ca_gat_mappo__small__seed-42__cfg-6f2181b8e38c__git-e469ac5d152b,ca_gat_mappo,small,42,e469ac5d152b50c21427eecb0c098f60c618f9f3,6f2181b8e38c9454f0e5c0e44c3d52a8d1e1e11d7c4abe30331f6c5c8ef4e824,ppo_epoch,100,6400,,,,,,,,,,,,,,,24,3,24,25,0.0003,0.0003,0.2,2.743130922317505,PPO clipped-surrogate actor + half-MSE critic,1.6721031665802002,2.164519786834717,1.123216152191162,2.743130922317505,0.9918043613433838,2.3044228553771973,10.061171531677246,signal-watch
ca_gat_mappo__small__seed-42__cfg-6f2181b8e38c__git-e469ac5d152b,ca_gat_mappo,small,42,e469ac5d152b50c21427eecb0c098f60c618f9f3,6f2181b8e38c9454f0e5c0e44c3d52a8d1e1e11d7c4abe30331f6c5c8ef4e824,ppo_epoch,101,6656,,,,,,,,,,,,,,,25,0,25,26,0.0003,0.0003,0.2,3.220397472381592,PPO clipped-surrogate actor + half-MSE critic,1.237701416015625,3.9879660606384277,1.1286985874176025,3.220397472381592,1.0,1.4635623693466187,10.302885055541992,signal-watch
ca_gat_mappo__small__seed-42__cfg-6f2181b8e38c__git-e469ac5d152b,ca_gat_mappo,small,42,e469ac5d152b50c21427eecb0c098f60c618f9f3,6f2181b8e38c9454f0e5c0e44c3d52a8d1e1e11d7c4abe30331f6c5c8ef4e824,ppo_epoch,102,6656,,,,,,,,,,,,,,,25,1,25,26,0.0003,0.0003,0.2,3.1566660404205322,PPO clipped-surrogate actor + half-MSE critic,1.2321484088897705,3.8715524673461914,1.1258620023727417,3.1566660404205322,1.0001394748687744,2.100489854812622,9.520330429077148,signal-watch
ca_gat_mappo__small__seed-42__cfg-6f2181b8e38c__git-e469ac5d152b,ca_gat_mappo,small,42,e469ac5d152b50c21427eecb0c098f60c618f9f3,6f2181b8e38c9454f0e5c0e44c3d52a8d1e1e11d7c4abe30331f6c5c8ef4e824,ppo_epoch,103,6656,,,,,,,,,,,,,,,25,2,25,26,0.0003,0.0003,0.2,3.080718517303467,PPO clipped-surrogate actor + half-MSE critic,1.2235615253448486,3.7367422580718994,1.1214364767074585,3.080718517303467,0.9987872242927551,5.049259185791016,8.626094818115234,signal-watch
ca_gat_mappo__small__seed-42__cfg-6f2181b8e38c__git-e469ac5d152b,ca_gat_mappo,small,42,e469ac5d152b50c21427eecb0c098f60c618f9f3,6f2181b8e38c9454f0e5c0e44c3d52a8d1e1e11d7c4abe30331f6c5c8ef4e824,ppo_epoch,104,6656,,,,,,,,,,,,,,,25,3,25,26,0.0003,0.0003,0.2,3.0043740272521973,PPO clipped-surrogate actor + half-MSE critic,1.2159968614578247,3.5991225242614746,1.1184320449829102,3.0043740272521973,0.9978097677230835,1.4845540523529053,7.715197563171387,signal-watch
ca_gat_mappo__small__seed-42__cfg-6f2181b8e38c__git-e469ac5d152b,ca_gat_mappo,small,42,e469ac5d152b50c21427eecb0c098f60c618f9f3,6f2181b8e38c9454f0e5c0e44c3d52a8d1e1e11d7c4abe30331f6c5c8ef4e824,ppo_epoch,105,6912,,,,,,,,,,,,,,,26,0,26,27,0.0003,0.0003,0.2,1.9190620183944702,PPO clipped-surrogate actor + half-MSE critic,1.335319995880127,1.1900418996810913,1.1278958320617676,1.9190620183944702,1.0,1.6379508972167969,9.759174346923828,signal-watch
ca_gat_mappo__small__seed-42__cfg-6f2181b8e38c__git-e469ac5d152b,ca_gat_mappo,small,42,e469ac5d152b50c21427eecb0c098f60c618f9f3,6f2181b8e38c9454f0e5c0e44c3d52a8d1e1e11d7c4abe30331f6c5c8ef4e824,ppo_epoch,106,6912,,,,,,,,,,,,,,,26,1,26,27,0.0003,0.0003,0.2,1.8562679290771484,PPO clipped-surrogate actor + half-MSE critic,1.333242654800415,1.0686341524124146,1.129172682762146,1.8562679290771484,0.9990780353546143,1.6956857442855835,8.902591705322266,signal-watch
ca_gat_mappo__small__seed-42__cfg-6f2181b8e38c__git-e469ac5d152b,ca_gat_mappo,small,42,e469ac5d152b50c21427eecb0c098f60c618f9f3,6f2181b8e38c9454f0e5c0e44c3d52a8d1e1e11d7c4abe30331f6c5c8ef4e824,ppo_epoch,107,6912,,,,,,,,,,,,,,,26,2,26,27,0.0003,0.0003,0.2,1.7932147979736328,PPO clipped-surrogate actor + half-MSE critic,1.3313946723937988,0.9462117552757263,1.1285772323608398,1.7932147979736328,0.9980496764183044,1.5883427858352661,7.9793596267700195,signal-watch
ca_gat_mappo__small__seed-42__cfg-6f2181b8e38c__git-e469ac5d152b,ca_gat_mappo,small,42,e469ac5d152b50c21427eecb0c098f60c618f9f3,6f2181b8e38c9454f0e5c0e44c3d52a8d1e1e11d7c4abe30331f6c5c8ef4e824,ppo_epoch,108,6912,,,,,,,,,,,,,,,26,3,26,27,0.0003,0.0003,0.2,1.7322826385498047,PPO clipped-surrogate actor + half-MSE critic,1.327642560005188,0.8318293690681458,1.127454161643982,1.7322826385498047,0.9957084059715271,1.9204660654067993,7.081362724304199,signal-watch
ca_gat_mappo__small__seed-42__cfg-6f2181b8e38c__git-e469ac5d152b,ca_gat_mappo,small,42,e469ac5d152b50c21427eecb0c098f60c618f9f3,6f2181b8e38c9454f0e5c0e44c3d52a8d1e1e11d7c4abe30331f6c5c8ef4e824,ppo_epoch,109,7168,,,,,,,,,,,,,,,27,0,27,28,0.0003,0.0003,0.2,5.653517723083496,PPO clipped-surrogate actor + half-MSE critic,2.341564655303955,6.649421691894531,1.2757947444915771,5.653517723083496,1.0,3.624023675918579,19.330137252807617,signal-watch
ca_gat_mappo__small__seed-42__cfg-6f2181b8e38c__git-e469ac5d152b,ca_gat_mappo,small,42,e469ac5d152b50c21427eecb0c098f60c618f9f3,6f2181b8e38c9454f0e5c0e44c3d52a8d1e1e11d7c4abe30331f6c5c8ef4e824,ppo_epoch,110,7168,,,,,,,,,,,,,,,27,1,27,28,0.0003,0.0003,0.2,5.479590892791748,PPO clipped-surrogate actor + half-MSE critic,2.3349292278289795,6.314820289611816,1.2748291492462158,5.479590892791748,0.9985908269882202,3.7178568840026855,17.647113800048828,signal-watch
ca_gat_mappo__small__seed-42__cfg-6f2181b8e38c__git-e469ac5d152b,ca_gat_mappo,small,42,e469ac5d152b50c21427eecb0c098f60c618f9f3,6f2181b8e38c9454f0e5c0e44c3d52a8d1e1e11d7c4abe30331f6c5c8ef4e824,ppo_epoch,111,7168,,,,,,,,,,,,,,,27,2,27,28,0.0003,0.0003,0.2,5.287707328796387,PPO clipped-surrogate actor + half-MSE critic,2.329028606414795,5.942852020263672,1.2747492790222168,5.287707328796387,0.9970275163650513,9.342103958129883,15.699300765991211,signal-watch
ca_gat_mappo__small__seed-42__cfg-6f2181b8e38c__git-e469ac5d152b,ca_gat_mappo,small,42,e469ac5d152b50c21427eecb0c098f60c618f9f3,6f2181b8e38c9454f0e5c0e44c3d52a8d1e1e11d7c4abe30331f6c5c8ef4e824,ppo_epoch,112,7168,,,,,,,,,,,,,,,27,3,27,28,0.0003,0.0003,0.2,5.0997161865234375,PPO clipped-surrogate actor + half-MSE critic,2.3183343410491943,5.588245868682861,1.2741239070892334,5.0997161865234375,0.9946920275688171,6.013862609863281,13.761799812316895,signal-watch
ca_gat_mappo__small__seed-42__cfg-6f2181b8e38c__git-e469ac5d152b,ca_gat_mappo,small,42,e469ac5d152b50c21427eecb0c098f60c618f9f3,6f2181b8e38c9454f0e5c0e44c3d52a8d1e1e11d7c4abe30331f6c5c8ef4e824,ppo_epoch,113,7424,,,,,,,,,,,,,,,28,0,28,29,0.0003,0.0003,0.2,5.332624435424805,PPO clipped-surrogate actor + half-MSE critic,2.771388530731201,5.150724411010742,1.412628412246704,5.332624435424805,1.0,5.498974800109863,20.606733322143555,signal-watch
ca_gat_mappo__small__seed-42__cfg-6f2181b8e38c__git-e469ac5d152b,ca_gat_mappo,small,42,e469ac5d152b50c21427eecb0c098f60c618f9f3,6f2181b8e38c9454f0e5c0e44c3d52a8d1e1e11d7c4abe30331f6c5c8ef4e824,ppo_epoch,114,7424,,,,,,,,,,,,,,,28,1,28,29,0.0003,0.0003,0.2,5.1146745681762695,PPO clipped-surrogate actor + half-MSE critic,2.763690233230591,4.730208396911621,1.4120187759399414,5.1146745681762695,0.9971343874931335,1.757450819015503,18.430622100830078,signal-watch
ca_gat_mappo__small__seed-42__cfg-6f2181b8e38c__git-e469ac5d152b,ca_gat_mappo,small,42,e469ac5d152b50c21427eecb0c098f60c618f9f3,6f2181b8e38c9454f0e5c0e44c3d52a8d1e1e11d7c4abe30331f6c5c8ef4e824,ppo_epoch,115,7424,,,,,,,,,,,,,,,28,2,28,29,0.0003,0.0003,0.2,4.9259724617004395,PPO clipped-surrogate actor + half-MSE critic,2.7580342292785645,4.364004135131836,1.4063682556152344,4.9259724617004395,0.9954620599746704,2.6071200370788574,16.577198028564453,signal-watch
ca_gat_mappo__small__seed-42__cfg-6f2181b8e38c__git-e469ac5d152b,ca_gat_mappo,small,42,e469ac5d152b50c21427eecb0c098f60c618f9f3,6f2181b8e38c9454f0e5c0e44c3d52a8d1e1e11d7c4abe30331f6c5c8ef4e824,ppo_epoch,116,7424,,,,,,,,,,,,,,,28,3,28,29,0.0003,0.0003,0.2,4.765248775482178,PPO clipped-surrogate actor + half-MSE critic,2.747408866882324,4.063681602478027,1.400071382522583,4.765248775482178,0.9918867349624634,1.7303816080093384,15.118062973022461,signal-watch
ca_gat_mappo__small__seed-42__cfg-6f2181b8e38c__git-e469ac5d152b,ca_gat_mappo,small,42,e469ac5d152b50c21427eecb0c098f60c618f9f3,6f2181b8e38c9454f0e5c0e44c3d52a8d1e1e11d7c4abe30331f6c5c8ef4e824,ppo_epoch,117,7680,,,,,,,,,,,,,,,29,0,29,30,0.0003,0.0003,0.2,5.135377407073975,PPO clipped-surrogate actor + half-MSE critic,1.529213309288025,7.235960006713867,1.181612253189087,5.135377407073975,1.0,2.3364346027374268,15.593647956848145,signal-watch
ca_gat_mappo__small__seed-42__cfg-6f2181b8e38c__git-e469ac5d152b,ca_gat_mappo,small,42,e469ac5d152b50c21427eecb0c098f60c618f9f3,6f2181b8e38c9454f0e5c0e44c3d52a8d1e1e11d7c4abe30331f6c5c8ef4e824,ppo_epoch,118,7680,,,,,,,,,,,,,,,29,1,29,30,0.0003,0.0003,0.2,5.0100932121276855,PPO clipped-surrogate actor + half-MSE critic,1.519442081451416,7.004842758178711,1.1770192384719849,5.0100932121276855,0.9988899230957031,2.2291176319122314,14.42590045928955,signal-watch
ca_gat_mappo__small__seed-42__cfg-6f2181b8e38c__git-e469ac5d152b,ca_gat_mappo,small,42,e469ac5d152b50c21427eecb0c098f60c618f9f3,6f2181b8e38c9454f0e5c0e44c3d52a8d1e1e11d7c4abe30331f6c5c8ef4e824,ppo_epoch,119,7680,,,,,,,,,,,,,,,29,2,29,30,0.0003,0.0003,0.2,4.84867525100708,PPO clipped-surrogate actor + half-MSE critic,1.4977457523345947,6.7252984046936035,1.1719601154327393,4.84867525100708,0.9960161447525024,3.6966612339019775,13.138675689697266,signal-watch
ca_gat_mappo__small__seed-42__cfg-6f2181b8e38c__git-e469ac5d152b,ca_gat_mappo,small,42,e469ac5d152b50c21427eecb0c098f60c618f9f3,6f2181b8e38c9454f0e5c0e44c3d52a8d1e1e11d7c4abe30331f6c5c8ef4e824,ppo_epoch,120,7680,,,,,,,,,,,,,,,29,3,29,30,0.0003,0.0003,0.2,4.6797776222229,PPO clipped-surrogate actor + half-MSE critic,1.4724801778793335,6.4379425048828125,1.1673868894577026,4.6797776222229,0.9930102825164795,3.1683380603790283,11.63863468170166,signal-watch
ca_gat_mappo__small__seed-42__cfg-6f2181b8e38c__git-e469ac5d152b,ca_gat_mappo,small,42,e469ac5d152b50c21427eecb0c098f60c618f9f3,6f2181b8e38c9454f0e5c0e44c3d52a8d1e1e11d7c4abe30331f6c5c8ef4e824,ppo_epoch,121,7936,,,,,,,,,,,,,,,30,0,30,31,0.0003,0.0003,0.2,4.94954776763916,PPO clipped-surrogate actor + half-MSE critic,2.559307336807251,4.806537628173828,1.3028223514556885,4.94954776763916,1.0,1.8898078203201294,18.853708267211914,signal-watch
ca_gat_mappo__small__seed-42__cfg-6f2181b8e38c__git-e469ac5d152b,ca_gat_mappo,small,42,e469ac5d152b50c21427eecb0c098f60c618f9f3,6f2181b8e38c9454f0e5c0e44c3d52a8d1e1e11d7c4abe30331f6c5c8ef4e824,ppo_epoch,122,7936,,,,,,,,,,,,,,,30,1,30,31,0.0003,0.0003,0.2,4.763476848602295,PPO clipped-surrogate actor + half-MSE critic,2.5521669387817383,4.4486284255981445,1.3004107475280762,4.763476848602295,0.9977773427963257,5.265848636627197,17.44887351989746,signal-watch
ca_gat_mappo__small__seed-42__cfg-6f2181b8e38c__git-e469ac5d152b,ca_gat_mappo,small,42,e469ac5d152b50c21427eecb0c098f60c618f9f3,6f2181b8e38c9454f0e5c0e44c3d52a8d1e1e11d7c4abe30331f6c5c8ef4e824,ppo_epoch,123,7936,,,,,,,,,,,,,,,30,2,30,31,0.0003,0.0003,0.2,4.585165977478027,PPO clipped-surrogate actor + half-MSE critic,2.541757583618164,4.112744331359863,1.296388030052185,4.585165977478027,0.994780421257019,1.5983407497406006,16.08218765258789,signal-watch
ca_gat_mappo__small__seed-42__cfg-6f2181b8e38c__git-e469ac5d152b,ca_gat_mappo,small,42,e469ac5d152b50c21427eecb0c098f60c618f9f3,6f2181b8e38c9454f0e5c0e44c3d52a8d1e1e11d7c4abe30331f6c5c8ef4e824,ppo_epoch,124,7936,,,,,,,,,,,,,,,30,3,30,31,0.0003,0.0003,0.2,4.420078277587891,PPO clipped-surrogate actor + half-MSE critic,2.5294318199157715,3.8071470260620117,1.2927019596099854,4.420078277587891,0.9906584024429321,1.3780126571655273,14.831925392150879,signal-watch
ca_gat_mappo__small__seed-42__cfg-6f2181b8e38c__git-e469ac5d152b,ca_gat_mappo,small,42,e469ac5d152b50c21427eecb0c098f60c618f9f3,6f2181b8e38c9454f0e5c0e44c3d52a8d1e1e11d7c4abe30331f6c5c8ef4e824,ppo_epoch,125,8192,,,,,,,,,,,,,,,31,0,31,32,0.0003,0.0003,0.2,2.7349681854248047,PPO clipped-surrogate actor + half-MSE critic,0.9348020553588867,3.6212961673736572,1.048189401626587,2.7349681854248047,1.0,1.6697206497192383,7.441876411437988,signal-watch
ca_gat_mappo__small__seed-42__cfg-6f2181b8e38c__git-e469ac5d152b,ca_gat_mappo,small,42,e469ac5d152b50c21427eecb0c098f60c618f9f3,6f2181b8e38c9454f0e5c0e44c3d52a8d1e1e11d7c4abe30331f6c5c8ef4e824,ppo_epoch,126,8192,,,,,,,,,,,,,,,31,1,31,32,0.0003,0.0003,0.2,2.694444179534912,PPO clipped-surrogate actor + half-MSE critic,0.9280686378479004,3.553678512573242,1.0463707447052002,2.694444179534912,1.0000736713409424,2.258146286010742,6.812398910522461,signal-watch
ca_gat_mappo__small__seed-42__cfg-6f2181b8e38c__git-e469ac5d152b,ca_gat_mappo,small,42,e469ac5d152b50c21427eecb0c098f60c618f9f3,6f2181b8e38c9454f0e5c0e44c3d52a8d1e1e11d7c4abe30331f6c5c8ef4e824,ppo_epoch,127,8192,,,,,,,,,,,,,,,31,2,31,32,0.0003,0.0003,0.2,2.6423826217651367,PPO clipped-surrogate actor + half-MSE critic,0.9195157885551453,3.4666547775268555,1.0460690259933472,2.6423826217651367,0.9995706677436829,7.268311977386475,6.057804107666016,signal-watch
ca_gat_mappo__small__seed-42__cfg-6f2181b8e38c__git-e469ac5d152b,ca_gat_mappo,small,42,e469ac5d152b50c21427eecb0c098f60c618f9f3,6f2181b8e38c9454f0e5c0e44c3d52a8d1e1e11d7c4abe30331f6c5c8ef4e824,ppo_epoch,128,8192,,,,,,,,,,,,,,,31,3,31,32,0.0003,0.0003,0.2,2.594097137451172,PPO clipped-surrogate actor + half-MSE critic,0.9184327125549316,3.372265100479126,1.0468051433563232,2.594097137451172,0.9996118545532227,1.5484288930892944,5.252658843994141,signal-watch
ca_gat_mappo__small__seed-42__cfg-6f2181b8e38c__git-e469ac5d152b,ca_gat_mappo,small,42,e469ac5d152b50c21427eecb0c098f60c618f9f3,6f2181b8e38c9454f0e5c0e44c3d52a8d1e1e11d7c4abe30331f6c5c8ef4e824,ppo_epoch,129,8448,,,,,,,,,,,,,,,32,0,32,33,0.0003,0.0003,0.2,3.31396222114563,PPO clipped-surrogate actor + half-MSE critic,1.9945502281188965,2.6629176139831543,1.2046749591827393,3.31396222114563,1.0,2.72175669670105,13.158051490783691,signal-watch
ca_gat_mappo__small__seed-42__cfg-6f2181b8e38c__git-e469ac5d152b,ca_gat_mappo,small,42,e469ac5d152b50c21427eecb0c098f60c618f9f3,6f2181b8e38c9454f0e5c0e44c3d52a8d1e1e11d7c4abe30331f6c5c8ef4e824,ppo_epoch,130,8448,,,,,,,,,,,,,,,32,1,32,33,0.0003,0.0003,0.2,3.240393877029419,PPO clipped-surrogate actor + half-MSE critic,2.0027360916137695,2.499439239501953,1.2061935663223267,3.240393877029419,1.0010658502578735,1.9703596830368042,12.437935829162598,signal-watch
ca_gat_mappo__small__seed-42__cfg-6f2181b8e38c__git-e469ac5d152b,ca_gat_mappo,small,42,e469ac5d152b50c21427eecb0c098f60c618f9f3,6f2181b8e38c9454f0e5c0e44c3d52a8d1e1e11d7c4abe30331f6c5c8ef4e824,ppo_epoch,131,8448,,,,,,,,,,,,,,,32,2,32,33,0.0003,0.0003,0.2,3.153113603591919,PPO clipped-surrogate actor + half-MSE critic,1.9947301149368286,2.3409104347229004,1.2071809768676758,3.153113603591919,0.9977514147758484,3.484426498413086,11.725560188293457,signal-watch
ca_gat_mappo__small__seed-42__cfg-6f2181b8e38c__git-e469ac5d152b,ca_gat_mappo,small,42,e469ac5d152b50c21427eecb0c098f60c618f9f3,6f2181b8e38c9454f0e5c0e44c3d52a8d1e1e11d7c4abe30331f6c5c8ef4e824,ppo_epoch,132,8448,,,,,,,,,,,,,,,32,3,32,33,0.0003,0.0003,0.2,3.069929599761963,PPO clipped-surrogate actor + half-MSE critic,1.9853894710540771,2.1932148933410645,1.2067421674728394,3.069929599761963,0.9940391778945923,5.711754322052002,11.05291748046875,signal-watch
ca_gat_mappo__small__seed-42__cfg-6f2181b8e38c__git-e469ac5d152b,ca_gat_mappo,small,42,e469ac5d152b50c21427eecb0c098f60c618f9f3,6f2181b8e38c9454f0e5c0e44c3d52a8d1e1e11d7c4abe30331f6c5c8ef4e824,ppo_epoch,133,8704,,,,,,,,,,,,,,,33,0,33,34,0.0003,0.0003,0.2,1.9314112663269043,PPO clipped-surrogate actor + half-MSE critic,0.41741400957107544,3.047158718109131,0.9582034349441528,1.9314112663269043,1.0,5.7794904708862305,3.703908681869507,signal-watch
ca_gat_mappo__small__seed-42__cfg-6f2181b8e38c__git-e469ac5d152b,ca_gat_mappo,small,42,e469ac5d152b50c21427eecb0c098f60c618f9f3,6f2181b8e38c9454f0e5c0e44c3d52a8d1e1e11d7c4abe30331f6c5c8ef4e824,ppo_epoch,134,8704,,,,,,,,,,,,,,,33,1,33,34,0.0003,0.0003,0.2,1.914053201675415,PPO clipped-surrogate actor + half-MSE critic,0.4210895895957947,3.0050737857818604,0.9573262929916382,1.914053201675415,0.9999202489852905,1.1302651166915894,3.274589776992798,signal-watch
ca_gat_mappo__small__seed-42__cfg-6f2181b8e38c__git-e469ac5d152b,ca_gat_mappo,small,42,e469ac5d152b50c21427eecb0c098f60c618f9f3,6f2181b8e38c9454f0e5c0e44c3d52a8d1e1e11d7c4abe30331f6c5c8ef4e824,ppo_epoch,135,8704,,,,,,,,,,,,,,,33,2,33,34,0.0003,0.0003,0.2,1.8825091123580933,PPO clipped-surrogate actor + half-MSE critic,0.42007169127464294,2.9439902305603027,0.9557720422744751,1.8825091123580933,0.9986288547515869,1.8727357387542725,2.8059940338134766,signal-watch
ca_gat_mappo__small__seed-42__cfg-6f2181b8e38c__git-e469ac5d152b,ca_gat_mappo,small,42,e469ac5d152b50c21427eecb0c098f60c618f9f3,6f2181b8e38c9454f0e5c0e44c3d52a8d1e1e11d7c4abe30331f6c5c8ef4e824,ppo_epoch,136,8704,,,,,,,,,,,,,,,33,3,33,34,0.0003,0.0003,0.2,1.8469637632369995,PPO clipped-surrogate actor + half-MSE critic,0.41843730211257935,2.8761587142944336,0.9552819132804871,1.8469637632369995,0.9985338449478149,0.8932015299797058,2.3920905590057373,signal-watch
ca_gat_mappo__small__seed-42__cfg-6f2181b8e38c__git-e469ac5d152b,ca_gat_mappo,small,42,e469ac5d152b50c21427eecb0c098f60c618f9f3,6f2181b8e38c9454f0e5c0e44c3d52a8d1e1e11d7c4abe30331f6c5c8ef4e824,ppo_epoch,137,8960,,,,,,,,,,,,,,,34,0,34,35,0.0003,0.0003,0.2,4.5561370849609375,PPO clipped-surrogate actor + half-MSE critic,2.600968599319458,3.9323019981384277,1.0982682704925537,4.5561370849609375,1.0,3.0622174739837646,16.36567497253418,signal-watch
ca_gat_mappo__small__seed-42__cfg-6f2181b8e38c__git-e469ac5d152b,ca_gat_mappo,small,42,e469ac5d152b50c21427eecb0c098f60c618f9f3,6f2181b8e38c9454f0e5c0e44c3d52a8d1e1e11d7c4abe30331f6c5c8ef4e824,ppo_epoch,138,8960,,,,,,,,,,,,,,,34,1,34,35,0.0003,0.0003,0.2,4.4574995040893555,PPO clipped-surrogate actor + half-MSE critic,2.5941667556762695,3.748729705810547,1.1032207012176514,4.4574995040893555,0.9984939694404602,1.7779918909072876,15.853031158447266,signal-watch
ca_gat_mappo__small__seed-42__cfg-6f2181b8e38c__git-e469ac5d152b,ca_gat_mappo,small,42,e469ac5d152b50c21427eecb0c098f60c618f9f3,6f2181b8e38c9454f0e5c0e44c3d52a8d1e1e11d7c4abe30331f6c5c8ef4e824,ppo_epoch,139,8960,,,,,,,,,,,,,,,34,2,34,35,0.0003,0.0003,0.2,4.357313632965088,PPO clipped-surrogate actor + half-MSE critic,2.581069231033325,3.5747230052948,1.111717939376831,4.357313632965088,0.9949912428855896,4.944516181945801,15.365121841430664,signal-watch
ca_gat_mappo__small__seed-42__cfg-6f2181b8e38c__git-e469ac5d152b,ca_gat_mappo,small,42,e469ac5d152b50c21427eecb0c098f60c618f9f3,6f2181b8e38c9454f0e5c0e44c3d52a8d1e1e11d7c4abe30331f6c5c8ef4e824,ppo_epoch,140,8960,,,,,,,,,,,,,,,34,3,34,35,0.0003,0.0003,0.2,4.260448455810547,PPO clipped-surrogate actor + half-MSE critic,2.5655055046081543,3.4123075008392334,1.1210970878601074,4.260448455810547,0.990915834903717,3.2612082958221436,14.908373832702637,signal-watch
ca_gat_mappo__small__seed-42__cfg-6f2181b8e38c__git-e469ac5d152b,ca_gat_mappo,small,42,e469ac5d152b50c21427eecb0c098f60c618f9f3,6f2181b8e38c9454f0e5c0e44c3d52a8d1e1e11d7c4abe30331f6c5c8ef4e824,ppo_epoch,141,9216,,,,,,,,,,,,,,,35,0,35,36,0.0003,0.0003,0.2,1.963212251663208,PPO clipped-surrogate actor + half-MSE critic,0.4806593060493469,2.9908955097198486,1.2894856929779053,1.963212251663208,1.0,6.411849498748779,3.6031675338745117,signal-watch
ca_gat_mappo__small__seed-42__cfg-6f2181b8e38c__git-e469ac5d152b,ca_gat_mappo,small,42,e469ac5d152b50c21427eecb0c098f60c618f9f3,6f2181b8e38c9454f0e5c0e44c3d52a8d1e1e11d7c4abe30331f6c5c8ef4e824,ppo_epoch,142,9216,,,,,,,,,,,,,,,35,1,35,36,0.0003,0.0003,0.2,1.9327129125595093,PPO clipped-surrogate actor + half-MSE critic,0.4741065204143524,2.943100690841675,1.2944024801254272,1.9327129125595093,0.9984620213508606,1.8760325908660889,3.124382495880127,signal-watch
ca_gat_mappo__small__seed-42__cfg-6f2181b8e38c__git-e469ac5d152b,ca_gat_mappo,small,42,e469ac5d152b50c21427eecb0c098f60c618f9f3,6f2181b8e38c9454f0e5c0e44c3d52a8d1e1e11d7c4abe30331f6c5c8ef4e824,ppo_epoch,143,9216,,,,,,,,,,,,,,,35,2,35,36,0.0003,0.0003,0.2,1.9001802206039429,PPO clipped-surrogate actor + half-MSE critic,0.47080373764038086,2.8847670555114746,1.300703763961792,1.9001802206039429,0.9990707635879517,2.8474607467651367,2.581416606903076,signal-watch
ca_gat_mappo__small__seed-42__cfg-6f2181b8e38c__git-e469ac5d152b,ca_gat_mappo,small,42,e469ac5d152b50c21427eecb0c098f60c618f9f3,6f2181b8e38c9454f0e5c0e44c3d52a8d1e1e11d7c4abe30331f6c5c8ef4e824,ppo_epoch,144,9216,,,,,,,,,,,,,,,35,3,35,36,0.0003,0.0003,0.2,1.8657482862472534,PPO clipped-surrogate actor + half-MSE critic,0.4663558602333069,2.824954032897949,1.3084529638290405,1.8657482862472534,0.9976773858070374,2.4608612060546875,2.0517218112945557,signal-watch
ca_gat_mappo__small__seed-42__cfg-6f2181b8e38c__git-e469ac5d152b,ca_gat_mappo,small,42,e469ac5d152b50c21427eecb0c098f60c618f9f3,6f2181b8e38c9454f0e5c0e44c3d52a8d1e1e11d7c4abe30331f6c5c8ef4e824,ppo_epoch,145,9472,,,,,,,,,,,,,,,36,0,36,37,0.0003,0.0003,0.2,6.635593414306641,PPO clipped-surrogate actor + half-MSE critic,3.2784311771392822,6.745136260986328,1.5405633449554443,6.635593414306641,1.0,2.575941562652588,20.616350173950195,signal-watch
ca_gat_mappo__small__seed-42__cfg-6f2181b8e38c__git-e469ac5d152b,ca_gat_mappo,small,42,e469ac5d152b50c21427eecb0c098f60c618f9f3,6f2181b8e38c9454f0e5c0e44c3d52a8d1e1e11d7c4abe30331f6c5c8ef4e824,ppo_epoch,146,9472,,,,,,,,,,,,,,,36,1,36,37,0.0003,0.0003,0.2,6.520630359649658,PPO clipped-surrogate actor + half-MSE critic,3.268772602081299,6.534819602966309,1.5551841259002686,6.520630359649658,0.9974079132080078,6.462141990661621,20.18423080444336,signal-watch
ca_gat_mappo__small__seed-42__cfg-6f2181b8e38c__git-e469ac5d152b,ca_gat_mappo,small,42,e469ac5d152b50c21427eecb0c098f60c618f9f3,6f2181b8e38c9454f0e5c0e44c3d52a8d1e1e11d7c4abe30331f6c5c8ef4e824,ppo_epoch,147,9472,,,,,,,,,,,,,,,36,2,36,37,0.0003,0.0003,0.2,6.403765678405762,PPO clipped-surrogate actor + half-MSE critic,3.2538609504699707,6.331191062927246,1.5690789222717285,6.403765678405762,0.9930837154388428,2.6372318267822266,19.765581130981445,signal-watch
ca_gat_mappo__small__seed-42__cfg-6f2181b8e38c__git-e469ac5d152b,ca_gat_mappo,small,42,e469ac5d152b50c21427eecb0c098f60c618f9f3,6f2181b8e38c9454f0e5c0e44c3d52a8d1e1e11d7c4abe30331f6c5c8ef4e824,ppo_epoch,148,9472,,,,,,,,,,,,,,,36,3,36,37,0.0003,0.0003,0.2,6.291738986968994,PPO clipped-surrogate actor + half-MSE critic,3.240790843963623,6.133607387542725,1.5855236053466797,6.291738986968994,0.9881298542022705,2.3182427883148193,19.358230590820312,signal-watch
ca_gat_mappo__small__seed-42__cfg-6f2181b8e38c__git-e469ac5d152b,ca_gat_mappo,small,42,e469ac5d152b50c21427eecb0c098f60c618f9f3,6f2181b8e38c9454f0e5c0e44c3d52a8d1e1e11d7c4abe30331f6c5c8ef4e824,ppo_epoch,149,9728,,,,,,,,,,,,,,,37,0,37,38,0.0003,0.0003,0.2,0.2680843770503998,PPO clipped-surrogate actor + half-MSE critic,-0.6114848852157593,1.7765779495239258,0.871972382068634,0.2680843770503998,1.0,0.5788819789886475,3.8732059001922607,signal-watch
ca_gat_mappo__small__seed-42__cfg-6f2181b8e38c__git-e469ac5d152b,ca_gat_mappo,small,42,e469ac5d152b50c21427eecb0c098f60c618f9f3,6f2181b8e38c9454f0e5c0e44c3d52a8d1e1e11d7c4abe30331f6c5c8ef4e824,ppo_epoch,150,9728,,,,,,,,,,,,,,,37,1,37,38,0.0003,0.0003,0.2,0.2755744159221649,PPO clipped-surrogate actor + half-MSE critic,-0.6158833503723145,1.8003714084625244,0.8727943897247314,0.2755744159221649,1.0006370544433594,0.8502692580223083,4.084020137786865,signal-watch
ca_gat_mappo__small__seed-42__cfg-6f2181b8e38c__git-e469ac5d152b,ca_gat_mappo,small,42,e469ac5d152b50c21427eecb0c098f60c618f9f3,6f2181b8e38c9454f0e5c0e44c3d52a8d1e1e11d7c4abe30331f6c5c8ef4e824,ppo_epoch,151,9728,,,,,,,,,,,,,,,37,2,37,38,0.0003,0.0003,0.2,0.27421173453330994,PPO clipped-surrogate actor + half-MSE critic,-0.6227191090583801,1.8112995624542236,0.871894896030426,0.27421173453330994,1.0014357566833496,0.7431344389915466,4.145290851593018,signal-watch
ca_gat_mappo__small__seed-42__cfg-6f2181b8e38c__git-e469ac5d152b,ca_gat_mappo,small,42,e469ac5d152b50c21427eecb0c098f60c618f9f3,6f2181b8e38c9454f0e5c0e44c3d52a8d1e1e11d7c4abe30331f6c5c8ef4e824,ppo_epoch,152,9728,,,,,,,,,,,,,,,37,3,37,38,0.0003,0.0003,0.2,0.26958024501800537,PPO clipped-surrogate actor + half-MSE critic,-0.6268637180328369,1.8102809190750122,0.8696502447128296,0.26958024501800537,1.0025742053985596,0.5567754507064819,4.064785003662109,signal-watch
ca_gat_mappo__small__seed-42__cfg-6f2181b8e38c__git-e469ac5d152b,ca_gat_mappo,small,42,e469ac5d152b50c21427eecb0c098f60c618f9f3,6f2181b8e38c9454f0e5c0e44c3d52a8d1e1e11d7c4abe30331f6c5c8ef4e824,ppo_epoch,153,9984,,,,,,,,,,,,,,,38,0,38,39,0.0003,0.0003,0.2,2.1123738288879395,PPO clipped-surrogate actor + half-MSE critic,1.2379074096679688,1.7712445259094238,1.1155725717544556,2.1123738288879395,1.0,1.308266520500183,8.327969551086426,signal-watch
ca_gat_mappo__small__seed-42__cfg-6f2181b8e38c__git-e469ac5d152b,ca_gat_mappo,small,42,e469ac5d152b50c21427eecb0c098f60c618f9f3,6f2181b8e38c9454f0e5c0e44c3d52a8d1e1e11d7c4abe30331f6c5c8ef4e824,ppo_epoch,154,9984,,,,,,,,,,,,,,,38,1,38,39,0.0003,0.0003,0.2,2.0930495262145996,PPO clipped-surrogate actor + half-MSE critic,1.2299728393554688,1.748386025428772,1.1116359233856201,2.0930495262145996,0.9967098236083984,2.2646384239196777,8.203523635864258,signal-watch
ca_gat_mappo__small__seed-42__cfg-6f2181b8e38c__git-e469ac5d152b,ca_gat_mappo,small,42,e469ac5d152b50c21427eecb0c098f60c618f9f3,6f2181b8e38c9454f0e5c0e44c3d52a8d1e1e11d7c4abe30331f6c5c8ef4e824,ppo_epoch,155,9984,,,,,,,,,,,,,,,38,2,38,39,0.0003,0.0003,0.2,2.0623860359191895,PPO clipped-surrogate actor + half-MSE critic,1.2234028577804565,1.7001309394836426,1.108208417892456,2.0623860359191895,0.9937776327133179,0.9904118776321411,7.898900032043457,signal-watch
ca_gat_mappo__small__seed-42__cfg-6f2181b8e38c__git-e469ac5d152b,ca_gat_mappo,small,42,e469ac5d152b50c21427eecb0c098f60c618f9f3,6f2181b8e38c9454f0e5c0e44c3d52a8d1e1e11d7c4abe30331f6c5c8ef4e824,ppo_epoch,156,9984,,,,,,,,,,,,,,,38,3,38,39,0.0003,0.0003,0.2,2.0255680084228516,PPO clipped-surrogate actor + half-MSE critic,1.2190284729003906,1.635188102722168,1.1054619550704956,2.0255680084228516,0.9900126457214355,1.4101282358169556,7.464613437652588,signal-watch
ca_gat_mappo__small__seed-42__cfg-6f2181b8e38c__git-e469ac5d152b,ca_gat_mappo,small,42,e469ac5d152b50c21427eecb0c098f60c618f9f3,6f2181b8e38c9454f0e5c0e44c3d52a8d1e1e11d7c4abe30331f6c5c8ef4e824,ppo_epoch,157,10240,,,,,,,,,,,,,,,39,0,39,40,0.0003,0.0003,0.2,3.464717149734497,PPO clipped-surrogate actor + half-MSE critic,1.447217583656311,4.057368755340576,1.1184914112091064,3.464717149734497,1.0,7.322652816772461,10.339426040649414,signal-watch
ca_gat_mappo__small__seed-42__cfg-6f2181b8e38c__git-e469ac5d152b,ca_gat_mappo,small,42,e469ac5d152b50c21427eecb0c098f60c618f9f3,6f2181b8e38c9454f0e5c0e44c3d52a8d1e1e11d7c4abe30331f6c5c8ef4e824,ppo_epoch,158,10240,,,,,,,,,,,,,,,39,1,39,40,0.0003,0.0003,0.2,3.419095993041992,PPO clipped-surrogate actor + half-MSE critic,1.4450767040252686,3.970334053039551,1.114785075187683,3.419095993041992,0.9993298053741455,3.4094672203063965,9.749778747558594,signal-watch
ca_gat_mappo__small__seed-42__cfg-6f2181b8e38c__git-e469ac5d152b,ca_gat_mappo,small,42,e469ac5d152b50c21427eecb0c098f60c618f9f3,6f2181b8e38c9454f0e5c0e44c3d52a8d1e1e11d7c4abe30331f6c5c8ef4e824,ppo_epoch,159,10240,,,,,,,,,,,,,,,39,2,39,40,0.0003,0.0003,0.2,3.3574612140655518,PPO clipped-surrogate actor + half-MSE critic,1.4408482313156128,3.8554463386535645,1.111007809638977,3.3574612140655518,0.9975674748420715,1.2045564651489258,8.989039421081543,signal-watch
ca_gat_mappo__small__seed-42__cfg-6f2181b8e38c__git-e469ac5d152b,ca_gat_mappo,small,42,e469ac5d152b50c21427eecb0c098f60c618f9f3,6f2181b8e38c9454f0e5c0e44c3d52a8d1e1e11d7c4abe30331f6c5c8ef4e824,ppo_epoch,160,10240,,,,,,,,,,,,,,,39,3,39,40,0.0003,0.0003,0.2,3.2919864654541016,PPO clipped-surrogate actor + half-MSE critic,1.4354430437088013,3.735203266143799,1.1058217287063599,3.2919864654541016,0.9953914880752563,2.070896863937378,8.198795318603516,signal-watch
ca_gat_mappo__small__seed-42__cfg-6f2181b8e38c__git-e469ac5d152b,ca_gat_mappo,small,42,e469ac5d152b50c21427eecb0c098f60c618f9f3,6f2181b8e38c9454f0e5c0e44c3d52a8d1e1e11d7c4abe30331f6c5c8ef4e824,ppo_epoch,161,10496,,,,,,,,,,,,,,,40,0,40,41,0.0003,0.0003,0.2,5.167041778564453,PPO clipped-surrogate actor + half-MSE critic,2.828627109527588,4.704553604125977,1.38621187210083,5.167041778564453,1.0,3.583204984664917,18.07111930847168,signal-watch
ca_gat_mappo__small__seed-42__cfg-6f2181b8e38c__git-e469ac5d152b,ca_gat_mappo,small,42,e469ac5d152b50c21427eecb0c098f60c618f9f3,6f2181b8e38c9454f0e5c0e44c3d52a8d1e1e11d7c4abe30331f6c5c8ef4e824,ppo_epoch,162,10496,,,,,,,,,,,,,,,40,1,40,41,0.0003,0.0003,0.2,5.079314708709717,PPO clipped-surrogate actor + half-MSE critic,2.8241615295410156,4.537872314453125,1.3783197402954102,5.079314708709717,0.9973239898681641,3.7969553470611572,17.62741470336914,signal-watch
ca_gat_mappo__small__seed-42__cfg-6f2181b8e38c__git-e469ac5d152b,ca_gat_mappo,small,42,e469ac5d152b50c21427eecb0c098f60c618f9f3,6f2181b8e38c9454f0e5c0e44c3d52a8d1e1e11d7c4abe30331f6c5c8ef4e824,ppo_epoch,163,10496,,,,,,,,,,,,,,,40,2,40,41,0.0003,0.0003,0.2,4.990626811981201,PPO clipped-surrogate actor + half-MSE critic,2.8189570903778076,4.370783805847168,1.3722171783447266,4.990626811981201,0.9954763650894165,4.212547779083252,17.184234619140625,signal-watch
ca_gat_mappo__small__seed-42__cfg-6f2181b8e38c__git-e469ac5d152b,ca_gat_mappo,small,42,e469ac5d152b50c21427eecb0c098f60c618f9f3,6f2181b8e38c9454f0e5c0e44c3d52a8d1e1e11d7c4abe30331f6c5c8ef4e824,ppo_epoch,164,10496,,,,,,,,,,,,,,,40,3,40,41,0.0003,0.0003,0.2,4.905454158782959,PPO clipped-surrogate actor + half-MSE critic,2.816274642944336,4.205682754516602,1.3661912679672241,4.905454158782959,0.993247926235199,1.8439693450927734,16.749019622802734,signal-watch
ca_gat_mappo__small__seed-42__cfg-6f2181b8e38c__git-e469ac5d152b,ca_gat_mappo,small,42,e469ac5d152b50c21427eecb0c098f60c618f9f3,6f2181b8e38c9454f0e5c0e44c3d52a8d1e1e11d7c4abe30331f6c5c8ef4e824,ppo_epoch,165,10752,,,,,,,,,,,,,,,41,0,41,42,0.0003,0.0003,0.2,2.481623411178589,PPO clipped-surrogate actor + half-MSE critic,0.7842881679534912,3.418187379837036,1.1758577823638916,2.481623411178589,1.0,0.9287658333778381,9.730974197387695,signal-watch
ca_gat_mappo__small__seed-42__cfg-6f2181b8e38c__git-e469ac5d152b,ca_gat_mappo,small,42,e469ac5d152b50c21427eecb0c098f60c618f9f3,6f2181b8e38c9454f0e5c0e44c3d52a8d1e1e11d7c4abe30331f6c5c8ef4e824,ppo_epoch,166,10752,,,,,,,,,,,,,,,41,1,41,42,0.0003,0.0003,0.2,2.4116673469543457,PPO clipped-surrogate actor + half-MSE critic,0.7784557342529297,3.2899351119995117,1.1755869388580322,2.4116673469543457,0.9981372356414795,4.556585311889648,8.091935157775879,signal-watch
ca_gat_mappo__small__seed-42__cfg-6f2181b8e38c__git-e469ac5d152b,ca_gat_mappo,small,42,e469ac5d152b50c21427eecb0c098f60c618f9f3,6f2181b8e38c9454f0e5c0e44c3d52a8d1e1e11d7c4abe30331f6c5c8ef4e824,ppo_epoch,167,10752,,,,,,,,,,,,,,,41,2,41,42,0.0003,0.0003,0.2,2.332293748855591,PPO clipped-surrogate actor + half-MSE critic,0.7728074193000793,3.1424708366394043,1.1749060153961182,2.332293748855591,0.9962630271911621,0.9141067862510681,6.195944309234619,signal-watch
ca_gat_mappo__small__seed-42__cfg-6f2181b8e38c__git-e469ac5d152b,ca_gat_mappo,small,42,e469ac5d152b50c21427eecb0c098f60c618f9f3,6f2181b8e38c9454f0e5c0e44c3d52a8d1e1e11d7c4abe30331f6c5c8ef4e824,ppo_epoch,168,10752,,,,,,,,,,,,,,,41,3,41,42,0.0003,0.0003,0.2,2.25587797164917,PPO clipped-surrogate actor + half-MSE critic,0.7621431350708008,3.0109524726867676,1.1741344928741455,2.25587797164917,0.9932049512863159,2.508866548538208,4.763108253479004,signal-watch
ca_gat_mappo__small__seed-42__cfg-6f2181b8e38c__git-e469ac5d152b,ca_gat_mappo,small,42,e469ac5d152b50c21427eecb0c098f60c618f9f3,6f2181b8e38c9454f0e5c0e44c3d52a8d1e1e11d7c4abe30331f6c5c8ef4e824,ppo_epoch,169,11008,,,,,,,,,,,,,,,42,0,42,43,0.0003,0.0003,0.2,3.1995158195495605,PPO clipped-surrogate actor + half-MSE critic,1.345536708831787,3.729768753051758,1.090517282485962,3.1995158195495605,1.0,5.116711139678955,9.205211639404297,signal-watch
ca_gat_mappo__small__seed-42__cfg-6f2181b8e38c__git-e469ac5d152b,ca_gat_mappo,small,42,e469ac5d152b50c21427eecb0c098f60c618f9f3,6f2181b8e38c9454f0e5c0e44c3d52a8d1e1e11d7c4abe30331f6c5c8ef4e824,ppo_epoch,170,11008,,,,,,,,,,,,,,,42,1,42,43,0.0003,0.0003,0.2,3.1354174613952637,PPO clipped-surrogate actor + half-MSE critic,1.3447943925857544,3.603090763092041,1.0922393798828125,3.1354174613952637,0.9998807311058044,2.215867042541504,8.325973510742188,signal-watch
ca_gat_mappo__small__seed-42__cfg-6f2181b8e38c__git-e469ac5d152b,ca_gat_mappo,small,42,e469ac5d152b50c21427eecb0c098f60c618f9f3,6f2181b8e38c9454f0e5c0e44c3d52a8d1e1e11d7c4abe30331f6c5c8ef4e824,ppo_epoch,171,11008,,,,,,,,,,,,,,,42,2,42,43,0.0003,0.0003,0.2,3.0870521068573,PPO clipped-surrogate actor + half-MSE critic,1.3457235097885132,3.504542112350464,1.0942389965057373,3.0870521068573,0.9994807243347168,7.270534038543701,7.6968674659729,signal-watch
ca_gat_mappo__small__seed-42__cfg-6f2181b8e38c__git-e469ac5d152b,ca_gat_mappo,small,42,e469ac5d152b50c21427eecb0c098f60c618f9f3,6f2181b8e38c9454f0e5c0e44c3d52a8d1e1e11d7c4abe30331f6c5c8ef4e824,ppo_epoch,172,11008,,,,,,,,,,,,,,,42,3,42,43,0.0003,0.0003,0.2,3.0405123233795166,PPO clipped-surrogate actor + half-MSE critic,1.3384591341018677,3.4260196685791016,1.0956522226333618,3.0405123233795166,0.9988970756530762,9.248810768127441,7.246931552886963,signal-watch
ca_gat_mappo__small__seed-42__cfg-6f2181b8e38c__git-e469ac5d152b,ca_gat_mappo,small,42,e469ac5d152b50c21427eecb0c098f60c618f9f3,6f2181b8e38c9454f0e5c0e44c3d52a8d1e1e11d7c4abe30331f6c5c8ef4e824,ppo_epoch,173,11264,,,,,,,,,,,,,,,43,0,43,44,0.0003,0.0003,0.2,2.775878429412842,PPO clipped-surrogate actor + half-MSE critic,1.7197885513305664,2.1382598876953125,1.3040001392364502,2.775878429412842,1.0,4.066213607788086,12.656426429748535,signal-watch
ca_gat_mappo__small__seed-42__cfg-6f2181b8e38c__git-e469ac5d152b,ca_gat_mappo,small,42,e469ac5d152b50c21427eecb0c098f60c618f9f3,6f2181b8e38c9454f0e5c0e44c3d52a8d1e1e11d7c4abe30331f6c5c8ef4e824,ppo_epoch,174,11264,,,,,,,,,,,,,,,43,1,43,44,0.0003,0.0003,0.2,2.707347869873047,PPO clipped-surrogate actor + half-MSE critic,1.719523310661316,2.0017318725585938,1.3041598796844482,2.707347869873047,0.9995181560516357,6.335351467132568,11.951369285583496,signal-watch
ca_gat_mappo__small__seed-42__cfg-6f2181b8e38c__git-e469ac5d152b,ca_gat_mappo,small,42,e469ac5d152b50c21427eecb0c098f60c618f9f3,6f2181b8e38c9454f0e5c0e44c3d52a8d1e1e11d7c4abe30331f6c5c8ef4e824,ppo_epoch,175,11264,,,,,,,,,,,,,,,43,2,43,44,0.0003,0.0003,0.2,2.6221864223480225,PPO clipped-surrogate actor + half-MSE critic,1.7186279296875,1.8332006931304932,1.3041703701019287,2.6221864223480225,0.9988099336624146,1.8910810947418213,11.000869750976562,signal-watch
ca_gat_mappo__small__seed-42__cfg-6f2181b8e38c__git-e469ac5d152b,ca_gat_mappo,small,42,e469ac5d152b50c21427eecb0c098f60c618f9f3,6f2181b8e38c9454f0e5c0e44c3d52a8d1e1e11d7c4abe30331f6c5c8ef4e824,ppo_epoch,176,11264,,,,,,,,,,,,,,,43,3,43,44,0.0003,0.0003,0.2,2.5300981998443604,PPO clipped-surrogate actor + half-MSE critic,1.7148208618164062,1.6566433906555176,1.3044357299804688,2.5300981998443604,0.9961251020431519,0.8305007219314575,9.92851448059082,signal-watch
ca_gat_mappo__small__seed-42__cfg-6f2181b8e38c__git-e469ac5d152b,ca_gat_mappo,small,42,e469ac5d152b50c21427eecb0c098f60c618f9f3,6f2181b8e38c9454f0e5c0e44c3d52a8d1e1e11d7c4abe30331f6c5c8ef4e824,ppo_epoch,177,11520,,,,,,,,,,,,,,,44,0,44,45,0.0003,0.0003,0.2,3.654904842376709,PPO clipped-surrogate actor + half-MSE critic,0.882326602935791,5.567841053009033,1.134237289428711,3.654904842376709,1.0,1.3489457368850708,6.156917095184326,signal-watch
ca_gat_mappo__small__seed-42__cfg-6f2181b8e38c__git-e469ac5d152b,ca_gat_mappo,small,42,e469ac5d152b50c21427eecb0c098f60c618f9f3,6f2181b8e38c9454f0e5c0e44c3d52a8d1e1e11d7c4abe30331f6c5c8ef4e824,ppo_epoch,178,11520,,,,,,,,,,,,,,,44,1,44,45,0.0003,0.0003,0.2,3.600778818130493,PPO clipped-surrogate actor + half-MSE critic,0.875228762626648,5.473729133605957,1.1314573287963867,3.600778818130493,0.9993484020233154,5.222838401794434,5.483269691467285,signal-watch
ca_gat_mappo__small__seed-42__cfg-6f2181b8e38c__git-e469ac5d152b,ca_gat_mappo,small,42,e469ac5d152b50c21427eecb0c098f60c618f9f3,6f2181b8e38c9454f0e5c0e44c3d52a8d1e1e11d7c4abe30331f6c5c8ef4e824,ppo_epoch,179,11520,,,,,,,,,,,,,,,44,2,44,45,0.0003,0.0003,0.2,3.5548133850097656,PPO clipped-surrogate actor + half-MSE critic,0.8711486458778381,5.389895439147949,1.1282892227172852,3.5548133850097656,0.9972912669181824,1.3124797344207764,4.885231018066406,signal-watch
ca_gat_mappo__small__seed-42__cfg-6f2181b8e38c__git-e469ac5d152b,ca_gat_mappo,small,42,e469ac5d152b50c21427eecb0c098f60c618f9f3,6f2181b8e38c9454f0e5c0e44c3d52a8d1e1e11d7c4abe30331f6c5c8ef4e824,ppo_epoch,180,11520,,,,,,,,,,,,,,,44,3,44,45,0.0003,0.0003,0.2,3.5122909545898438,PPO clipped-surrogate actor + half-MSE critic,0.8651716113090515,5.316732406616211,1.1246891021728516,3.5122909545898438,0.9960472583770752,1.497411847114563,4.380761623382568,signal-watch
ca_gat_mappo__small__seed-42__cfg-6f2181b8e38c__git-e469ac5d152b,ca_gat_mappo,small,42,e469ac5d152b50c21427eecb0c098f60c618f9f3,6f2181b8e38c9454f0e5c0e44c3d52a8d1e1e11d7c4abe30331f6c5c8ef4e824,ppo_epoch,181,11776,,,,,,,,,,,,,,,45,0,45,46,0.0003,0.0003,0.2,3.186607837677002,PPO clipped-surrogate actor + half-MSE critic,1.8333921432495117,2.73158860206604,1.257845401763916,3.186607837677002,1.0,1.611005187034607,13.701176643371582,signal-watch
ca_gat_mappo__small__seed-42__cfg-6f2181b8e38c__git-e469ac5d152b,ca_gat_mappo,small,42,e469ac5d152b50c21427eecb0c098f60c618f9f3,6f2181b8e38c9454f0e5c0e44c3d52a8d1e1e11d7c4abe30331f6c5c8ef4e824,ppo_epoch,182,11776,,,,,,,,,,,,,,,45,1,45,46,0.0003,0.0003,0.2,3.0839874744415283,PPO clipped-surrogate actor + half-MSE critic,1.8263293504714966,2.5404016971588135,1.2542823553085327,3.0839874744415283,0.9976276159286499,2.144655466079712,12.843299865722656,signal-watch
ca_gat_mappo__small__seed-42__cfg-6f2181b8e38c__git-e469ac5d152b,ca_gat_mappo,small,42,e469ac5d152b50c21427eecb0c098f60c618f9f3,6f2181b8e38c9454f0e5c0e44c3d52a8d1e1e11d7c4abe30331f6c5c8ef4e824,ppo_epoch,183,11776,,,,,,,,,,,,,,,45,2,45,46,0.0003,0.0003,0.2,2.957879066467285,PPO clipped-surrogate actor + half-MSE critic,1.815446376800537,2.3098244667053223,1.2479641437530518,2.957879066467285,0.9934378862380981,1.278002381324768,11.719062805175781,signal-watch
ca_gat_mappo__small__seed-42__cfg-6f2181b8e38c__git-e469ac5d152b,ca_gat_mappo,small,42,e469ac5d152b50c21427eecb0c098f60c618f9f3,6f2181b8e38c9454f0e5c0e44c3d52a8d1e1e11d7c4abe30331f6c5c8ef4e824,ppo_epoch,184,11776,,,,,,,,,,,,,,,45,3,45,46,0.0003,0.0003,0.2,2.8317148685455322,PPO clipped-surrogate actor + half-MSE critic,1.8065627813339233,2.0750789642333984,1.2387521266937256,2.8317148685455322,0.9880867600440979,1.3140121698379517,10.495870590209961,signal-watch
ca_gat_mappo__small__seed-42__cfg-6f2181b8e38c__git-e469ac5d152b,ca_gat_mappo,small,42,e469ac5d152b50c21427eecb0c098f60c618f9f3,6f2181b8e38c9454f0e5c0e44c3d52a8d1e1e11d7c4abe30331f6c5c8ef4e824,ppo_epoch,185,12032,,,,,,,,,,,,,,,46,0,46,47,0.0003,0.0003,0.2,1.4674152135849,PPO clipped-surrogate actor + half-MSE critic,-0.5138576030731201,3.9798879623413086,0.8671177625656128,1.4674152135849,1.0,1.0823725461959839,3.5163793563842773,signal-watch
ca_gat_mappo__small__seed-42__cfg-6f2181b8e38c__git-e469ac5d152b,ca_gat_mappo,small,42,e469ac5d152b50c21427eecb0c098f60c618f9f3,6f2181b8e38c9454f0e5c0e44c3d52a8d1e1e11d7c4abe30331f6c5c8ef4e824,ppo_epoch,186,12032,,,,,,,,,,,,,,,46,1,46,47,0.0003,0.0003,0.2,1.4804115295410156,PPO clipped-surrogate actor + half-MSE critic,-0.517579972743988,4.013182163238525,0.8599542379379272,1.4804115295410156,0.9994023442268372,3.5042240619659424,3.9533438682556152,signal-watch
ca_gat_mappo__small__seed-42__cfg-6f2181b8e38c__git-e469ac5d152b,ca_gat_mappo,small,42,e469ac5d152b50c21427eecb0c098f60c618f9f3,6f2181b8e38c9454f0e5c0e44c3d52a8d1e1e11d7c4abe30331f6c5c8ef4e824,ppo_epoch,187,12032,,,,,,,,,,,,,,,46,2,46,47,0.0003,0.0003,0.2,1.483925700187683,PPO clipped-surrogate actor + half-MSE critic,-0.5223343372344971,4.029605865478516,0.854292631149292,1.483925700187683,0.9998571276664734,0.6361373662948608,4.18273401260376,signal-watch
ca_gat_mappo__small__seed-42__cfg-6f2181b8e38c__git-e469ac5d152b,ca_gat_mappo,small,42,e469ac5d152b50c21427eecb0c098f60c618f9f3,6f2181b8e38c9454f0e5c0e44c3d52a8d1e1e11d7c4abe30331f6c5c8ef4e824,ppo_epoch,188,12032,,,,,,,,,,,,,,,46,3,46,47,0.0003,0.0003,0.2,1.478238821029663,PPO clipped-surrogate actor + half-MSE critic,-0.5278958082199097,4.029266357421875,0.8498491048812866,1.478238821029663,0.9999241232872009,1.5492514371871948,4.24537467956543,signal-watch
ca_gat_mappo__small__seed-42__cfg-6f2181b8e38c__git-e469ac5d152b,ca_gat_mappo,small,42,e469ac5d152b50c21427eecb0c098f60c618f9f3,6f2181b8e38c9454f0e5c0e44c3d52a8d1e1e11d7c4abe30331f6c5c8ef4e824,ppo_epoch,189,12288,,,,,,,,,,,,,,,47,0,47,48,0.0003,0.0003,0.2,3.719179153442383,PPO clipped-surrogate actor + half-MSE critic,2.1381633281707764,3.1853885650634766,1.1678519248962402,3.719179153442383,1.0,1.1712706089019775,15.509675025939941,signal-watch
ca_gat_mappo__small__seed-42__cfg-6f2181b8e38c__git-e469ac5d152b,ca_gat_mappo,small,42,e469ac5d152b50c21427eecb0c098f60c618f9f3,6f2181b8e38c9454f0e5c0e44c3d52a8d1e1e11d7c4abe30331f6c5c8ef4e824,ppo_epoch,190,12288,,,,,,,,,,,,,,,47,1,47,48,0.0003,0.0003,0.2,3.654277801513672,PPO clipped-surrogate actor + half-MSE critic,2.129809617996216,3.0722198486328125,1.1641783714294434,3.654277801513672,0.9968549609184265,1.3746837377548218,14.877528190612793,signal-watch
ca_gat_mappo__small__seed-42__cfg-6f2181b8e38c__git-e469ac5d152b,ca_gat_mappo,small,42,e469ac5d152b50c21427eecb0c098f60c618f9f3,6f2181b8e38c9454f0e5c0e44c3d52a8d1e1e11d7c4abe30331f6c5c8ef4e824,ppo_epoch,191,12288,,,,,,,,,,,,,,,47,2,47,48,0.0003,0.0003,0.2,3.562215566635132,PPO clipped-surrogate actor + half-MSE critic,2.1164205074310303,2.9147939682006836,1.1602027416229248,3.562215566635132,0.9921857118606567,1.147017478942871,13.985086441040039,signal-watch
ca_gat_mappo__small__seed-42__cfg-6f2181b8e38c__git-e469ac5d152b,ca_gat_mappo,small,42,e469ac5d152b50c21427eecb0c098f60c618f9f3,6f2181b8e38c9454f0e5c0e44c3d52a8d1e1e11d7c4abe30331f6c5c8ef4e824,ppo_epoch,192,12288,,,,,,,,,,,,,,,47,3,47,48,0.0003,0.0003,0.2,3.467236042022705,PPO clipped-surrogate actor + half-MSE critic,2.106921911239624,2.7437515258789062,1.1561620235443115,3.467236042022705,0.985995888710022,1.267555832862854,13.021954536437988,signal-watch
ca_gat_mappo__small__seed-42__cfg-6f2181b8e38c__git-e469ac5d152b,ca_gat_mappo,small,42,e469ac5d152b50c21427eecb0c098f60c618f9f3,6f2181b8e38c9454f0e5c0e44c3d52a8d1e1e11d7c4abe30331f6c5c8ef4e824,ppo_epoch,193,12544,,,,,,,,,,,,,,,48,0,48,49,0.0003,0.0003,0.2,1.6428190469741821,PPO clipped-surrogate actor + half-MSE critic,0.3965630829334259,2.511556386947632,0.9522187113761902,1.6428190469741821,1.0,0.9729400873184204,2.584494113922119,signal-watch
ca_gat_mappo__small__seed-42__cfg-6f2181b8e38c__git-e469ac5d152b,ca_gat_mappo,small,42,e469ac5d152b50c21427eecb0c098f60c618f9f3,6f2181b8e38c9454f0e5c0e44c3d52a8d1e1e11d7c4abe30331f6c5c8ef4e824,ppo_epoch,194,12544,,,,,,,,,,,,,,,48,1,48,49,0.0003,0.0003,0.2,1.6284974813461304,PPO clipped-surrogate actor + half-MSE critic,0.3922595977783203,2.491666793823242,0.9595518112182617,1.6284974813461304,1.0005520582199097,0.9124865531921387,2.288874626159668,signal-watch
ca_gat_mappo__small__seed-42__cfg-6f2181b8e38c__git-e469ac5d152b,ca_gat_mappo,small,42,e469ac5d152b50c21427eecb0c098f60c618f9f3,6f2181b8e38c9454f0e5c0e44c3d52a8d1e1e11d7c4abe30331f6c5c8ef4e824,ppo_epoch,195,12544,,,,,,,,,,,,,,,48,2,48,49,0.0003,0.0003,0.2,1.6099978685379028,PPO clipped-surrogate actor + half-MSE critic,0.38432300090789795,2.470797061920166,0.9723715782165527,1.6099978685379028,1.001574158668518,1.1231244802474976,1.9648597240447998,signal-watch
ca_gat_mappo__small__seed-42__cfg-6f2181b8e38c__git-e469ac5d152b,ca_gat_mappo,small,42,e469ac5d152b50c21427eecb0c098f60c618f9f3,6f2181b8e38c9454f0e5c0e44c3d52a8d1e1e11d7c4abe30331f6c5c8ef4e824,ppo_epoch,196,12544,,,,,,,,,,,,,,,48,3,48,49,0.0003,0.0003,0.2,1.593814730644226,PPO clipped-surrogate actor + half-MSE critic,0.37828904390335083,2.4507944583892822,0.987165629863739,1.593814730644226,1.0021743774414062,0.9868153929710388,1.6265512704849243,signal-watch
ca_gat_mappo__small__seed-42__cfg-6f2181b8e38c__git-e469ac5d152b,ca_gat_mappo,small,42,e469ac5d152b50c21427eecb0c098f60c618f9f3,6f2181b8e38c9454f0e5c0e44c3d52a8d1e1e11d7c4abe30331f6c5c8ef4e824,ppo_epoch,197,12800,,,,,,,,,,,,,,,49,0,49,50,0.0003,0.0003,0.2,4.54775857925415,PPO clipped-surrogate actor + half-MSE critic,2.4460744857788086,4.231112480163574,1.387198805809021,4.54775857925415,1.0,2.10717511177063,20.46741485595703,signal-watch
ca_gat_mappo__small__seed-42__cfg-6f2181b8e38c__git-e469ac5d152b,ca_gat_mappo,small,42,e469ac5d152b50c21427eecb0c098f60c618f9f3,6f2181b8e38c9454f0e5c0e44c3d52a8d1e1e11d7c4abe30331f6c5c8ef4e824,ppo_epoch,198,12800,,,,,,,,,,,,,,,49,1,49,50,0.0003,0.0003,0.2,4.414161205291748,PPO clipped-surrogate actor + half-MSE critic,2.435326099395752,3.9856762886047363,1.4003299474716187,4.414161205291748,0.9970214366912842,1.5375661849975586,19.165021896362305,signal-watch
ca_gat_mappo__small__seed-42__cfg-6f2181b8e38c__git-e469ac5d152b,ca_gat_mappo,small,42,e469ac5d152b50c21427eecb0c098f60c618f9f3,6f2181b8e38c9454f0e5c0e44c3d52a8d1e1e11d7c4abe30331f6c5c8ef4e824,ppo_epoch,199,12800,,,,,,,,,,,,,,,49,2,49,50,0.0003,0.0003,0.2,4.233334064483643,PPO clipped-surrogate actor + half-MSE critic,2.4163143634796143,3.6624066829681396,1.4183714389801025,4.233334064483643,0.9916917085647583,1.1901741027832031,17.330957412719727,signal-watch
ca_gat_mappo__small__seed-42__cfg-6f2181b8e38c__git-e469ac5d152b,ca_gat_mappo,small,42,e469ac5d152b50c21427eecb0c098f60c618f9f3,6f2181b8e38c9454f0e5c0e44c3d52a8d1e1e11d7c4abe30331f6c5c8ef4e824,ppo_epoch,200,12800,,,,,,,,,,,,,,,49,3,49,50,0.0003,0.0003,0.2,4.057127475738525,PPO clipped-surrogate actor + half-MSE critic,2.408022403717041,3.3269500732421875,1.436983346939087,4.057127475738525,0.9836881160736084,2.7161126136779785,15.378658294677734,signal-watch
ca_gat_mappo__small__seed-42__cfg-6f2181b8e38c__git-e469ac5d152b,ca_gat_mappo,small,42,e469ac5d152b50c21427eecb0c098f60c618f9f3,6f2181b8e38c9454f0e5c0e44c3d52a8d1e1e11d7c4abe30331f6c5c8ef4e824,ppo_epoch,201,13056,,,,,,,,,,,,,,,50,0,50,51,0.0003,0.0003,0.2,3.9023852348327637,PPO clipped-surrogate actor + half-MSE critic,1.0440269708633423,5.742191791534424,1.2737784385681152,3.9023852348327637,1.0,1.8196409940719604,8.828808784484863,signal-watch
ca_gat_mappo__small__seed-42__cfg-6f2181b8e38c__git-e469ac5d152b,ca_gat_mappo,small,42,e469ac5d152b50c21427eecb0c098f60c618f9f3,6f2181b8e38c9454f0e5c0e44c3d52a8d1e1e11d7c4abe30331f6c5c8ef4e824,ppo_epoch,202,13056,,,,,,,,,,,,,,,50,1,50,51,0.0003,0.0003,0.2,3.8225228786468506,PPO clipped-surrogate actor + half-MSE critic,1.043462872505188,5.583695888519287,1.2788031101226807,3.8225228786468506,0.9998133182525635,1.8880963325500488,7.825220584869385,signal-watch
ca_gat_mappo__small__seed-42__cfg-6f2181b8e38c__git-e469ac5d152b,ca_gat_mappo,small,42,e469ac5d152b50c21427eecb0c098f60c618f9f3,6f2181b8e38c9454f0e5c0e44c3d52a8d1e1e11d7c4abe30331f6c5c8ef4e824,ppo_epoch,203,13056,,,,,,,,,,,,,,,50,2,50,51,0.0003,0.0003,0.2,3.744100332260132,PPO clipped-surrogate actor + half-MSE critic,1.0384293794631958,5.436977386474609,1.2817604541778564,3.744100332260132,0.9991589188575745,1.3606247901916504,6.980998516082764,signal-watch
ca_gat_mappo__small__seed-42__cfg-6f2181b8e38c__git-e469ac5d152b,ca_gat_mappo,small,42,e469ac5d152b50c21427eecb0c098f60c618f9f3,6f2181b8e38c9454f0e5c0e44c3d52a8d1e1e11d7c4abe30331f6c5c8ef4e824,ppo_epoch,204,13056,,,,,,,,,,,,,,,50,3,50,51,0.0003,0.0003,0.2,3.6678082942962646,PPO clipped-surrogate actor + half-MSE critic,1.0263121128082275,5.308662414550781,1.2834982872009277,3.6678082942962646,0.9969133138656616,2.375870704650879,6.3290228843688965,signal-watch
ca_gat_mappo__small__seed-42__cfg-6f2181b8e38c__git-e469ac5d152b,ca_gat_mappo,small,42,e469ac5d152b50c21427eecb0c098f60c618f9f3,6f2181b8e38c9454f0e5c0e44c3d52a8d1e1e11d7c4abe30331f6c5c8ef4e824,ppo_epoch,205,13312,,,,,,,,,,,,,,,51,0,51,52,0.0003,0.0003,0.2,1.3953540325164795,PPO clipped-surrogate actor + half-MSE critic,0.6142521500587463,1.579990267753601,0.8893232941627502,1.3953540325164795,1.0,1.231575608253479,4.938563823699951,signal-watch
ca_gat_mappo__small__seed-42__cfg-6f2181b8e38c__git-e469ac5d152b,ca_gat_mappo,small,42,e469ac5d152b50c21427eecb0c098f60c618f9f3,6f2181b8e38c9454f0e5c0e44c3d52a8d1e1e11d7c4abe30331f6c5c8ef4e824,ppo_epoch,206,13312,,,,,,,,,,,,,,,51,1,51,52,0.0003,0.0003,0.2,1.3706072568893433,PPO clipped-surrogate actor + half-MSE critic,0.6126521229743958,1.533735752105713,0.8912649750709534,1.3706072568893433,0.9993709325790405,1.3160604238510132,4.421787261962891,signal-watch
ca_gat_mappo__small__seed-42__cfg-6f2181b8e38c__git-e469ac5d152b,ca_gat_mappo,small,42,e469ac5d152b50c21427eecb0c098f60c618f9f3,6f2181b8e38c9454f0e5c0e44c3d52a8d1e1e11d7c4abe30331f6c5c8ef4e824,ppo_epoch,207,13312,,,,,,,,,,,,,,,51,2,51,52,0.0003,0.0003,0.2,1.3389170169830322,PPO clipped-surrogate actor + half-MSE critic,0.6108521223068237,1.4739454984664917,0.8907839059829712,1.3389170169830322,0.998660683631897,1.4251970052719116,3.6899452209472656,signal-watch
ca_gat_mappo__small__seed-42__cfg-6f2181b8e38c__git-e469ac5d152b,ca_gat_mappo,small,42,e469ac5d152b50c21427eecb0c098f60c618f9f3,6f2181b8e38c9454f0e5c0e44c3d52a8d1e1e11d7c4abe30331f6c5c8ef4e824,ppo_epoch,208,13312,,,,,,,,,,,,,,,51,3,51,52,0.0003,0.0003,0.2,1.3043081760406494,PPO clipped-surrogate actor + half-MSE critic,0.6061083674430847,1.414186954498291,0.8893706202507019,1.3043081760406494,0.9967628717422485,0.5212767124176025,2.8710691928863525,signal-watch
ca_gat_mappo__small__seed-42__cfg-6f2181b8e38c__git-e469ac5d152b,ca_gat_mappo,small,42,e469ac5d152b50c21427eecb0c098f60c618f9f3,6f2181b8e38c9454f0e5c0e44c3d52a8d1e1e11d7c4abe30331f6c5c8ef4e824,ppo_epoch,209,13568,,,,,,,,,,,,,,,52,0,52,53,0.0003,0.0003,0.2,1.652369737625122,PPO clipped-surrogate actor + half-MSE critic,-0.40958288311958313,4.1427001953125,0.9397448301315308,1.652369737625122,1.0,2.836711883544922,3.082374095916748,signal-watch
ca_gat_mappo__small__seed-42__cfg-6f2181b8e38c__git-e469ac5d152b,ca_gat_mappo,small,42,e469ac5d152b50c21427eecb0c098f60c618f9f3,6f2181b8e38c9454f0e5c0e44c3d52a8d1e1e11d7c4abe30331f6c5c8ef4e824,ppo_epoch,210,13568,,,,,,,,,,,,,,,52,1,52,53,0.0003,0.0003,0.2,1.6459673643112183,PPO clipped-surrogate actor + half-MSE critic,-0.4173279106616974,4.145327568054199,0.9368546009063721,1.6459673643112183,1.0008764266967773,4.81373405456543,3.0763962268829346,signal-watch
ca_gat_mappo__small__seed-42__cfg-6f2181b8e38c__git-e469ac5d152b,ca_gat_mappo,small,42,e469ac5d152b50c21427eecb0c098f60c618f9f3,6f2181b8e38c9454f0e5c0e44c3d52a8d1e1e11d7c4abe30331f6c5c8ef4e824,ppo_epoch,211,13568,,,,,,,,,,,,,,,52,2,52,53,0.0003,0.0003,0.2,1.635290503501892,PPO clipped-surrogate actor + half-MSE critic,-0.42388564348220825,4.137058734893799,0.9353227615356445,1.635290503501892,1.0012922286987305,1.8216938972473145,2.8686554431915283,signal-watch
ca_gat_mappo__small__seed-42__cfg-6f2181b8e38c__git-e469ac5d152b,ca_gat_mappo,small,42,e469ac5d152b50c21427eecb0c098f60c618f9f3,6f2181b8e38c9454f0e5c0e44c3d52a8d1e1e11d7c4abe30331f6c5c8ef4e824,ppo_epoch,212,13568,,,,,,,,,,,,,,,52,3,52,53,0.0003,0.0003,0.2,1.6270946264266968,PPO clipped-surrogate actor + half-MSE critic,-0.4261906147003174,4.125302314758301,0.9365938305854797,1.6270946264266968,1.0017986297607422,1.175452470779419,2.648926019668579,signal-watch
ca_gat_mappo__small__seed-42__cfg-6f2181b8e38c__git-e469ac5d152b,ca_gat_mappo,small,42,e469ac5d152b50c21427eecb0c098f60c618f9f3,6f2181b8e38c9454f0e5c0e44c3d52a8d1e1e11d7c4abe30331f6c5c8ef4e824,ppo_epoch,213,13824,,,,,,,,,,,,,,,53,0,53,54,0.0003,0.0003,0.2,1.9065666198730469,PPO clipped-surrogate actor + half-MSE critic,0.8584563732147217,2.116544008255005,1.0161793231964111,1.9065666198730469,1.0,0.6276625394821167,12.369330406188965,signal-watch
ca_gat_mappo__small__seed-42__cfg-6f2181b8e38c__git-e469ac5d152b,ca_gat_mappo,small,42,e469ac5d152b50c21427eecb0c098f60c618f9f3,6f2181b8e38c9454f0e5c0e44c3d52a8d1e1e11d7c4abe30331f6c5c8ef4e824,ppo_epoch,214,13824,,,,,,,,,,,,,,,53,1,53,54,0.0003,0.0003,0.2,1.862392544746399,PPO clipped-surrogate actor + half-MSE critic,0.8535391092300415,2.038053512573242,1.0173335075378418,1.862392544746399,0.9982801675796509,0.8130776882171631,11.295416831970215,signal-watch
ca_gat_mappo__small__seed-42__cfg-6f2181b8e38c__git-e469ac5d152b,ca_gat_mappo,small,42,e469ac5d152b50c21427eecb0c098f60c618f9f3,6f2181b8e38c9454f0e5c0e44c3d52a8d1e1e11d7c4abe30331f6c5c8ef4e824,ppo_epoch,215,13824,,,,,,,,,,,,,,,53,2,53,54,0.0003,0.0003,0.2,1.7868982553482056,PPO clipped-surrogate actor + half-MSE critic,0.8467558026313782,1.9006550312042236,1.0185072422027588,1.7868982553482056,0.9965653419494629,0.5268355011940002,9.049348831176758,signal-watch
ca_gat_mappo__small__seed-42__cfg-6f2181b8e38c__git-e469ac5d152b,ca_gat_mappo,small,42,e469ac5d152b50c21427eecb0c098f60c618f9f3,6f2181b8e38c9454f0e5c0e44c3d52a8d1e1e11d7c4abe30331f6c5c8ef4e824,ppo_epoch,216,13824,,,,,,,,,,,,,,,53,3,53,54,0.0003,0.0003,0.2,1.7128351926803589,PPO clipped-surrogate actor + half-MSE critic,0.8417184352874756,1.7626311779022217,1.019885540008545,1.7128351926803589,0.9941998720169067,0.5445043444633484,6.175271987915039,signal-watch
ca_gat_mappo__small__seed-42__cfg-6f2181b8e38c__git-e469ac5d152b,ca_gat_mappo,small,42,e469ac5d152b50c21427eecb0c098f60c618f9f3,6f2181b8e38c9454f0e5c0e44c3d52a8d1e1e11d7c4abe30331f6c5c8ef4e824,ppo_epoch,217,14080,,,,,,,,,,,,,,,54,0,54,55,0.0003,0.0003,0.2,1.4798496961593628,PPO clipped-surrogate actor + half-MSE critic,0.004354372620582581,2.972862720489502,1.0936071872711182,1.4798496961593628,1.0,0.7863777279853821,4.530450344085693,signal-watch
ca_gat_mappo__small__seed-42__cfg-6f2181b8e38c__git-e469ac5d152b,ca_gat_mappo,small,42,e469ac5d152b50c21427eecb0c098f60c618f9f3,6f2181b8e38c9454f0e5c0e44c3d52a8d1e1e11d7c4abe30331f6c5c8ef4e824,ppo_epoch,218,14080,,,,,,,,,,,,,,,54,1,54,55,0.0003,0.0003,0.2,1.4659719467163086,PPO clipped-surrogate actor + half-MSE critic,-0.0031748712062835693,2.9603524208068848,1.1029305458068848,1.4659719467163086,0.9989634156227112,4.283411026000977,4.8530731201171875,signal-watch
ca_gat_mappo__small__seed-42__cfg-6f2181b8e38c__git-e469ac5d152b,ca_gat_mappo,small,42,e469ac5d152b50c21427eecb0c098f60c618f9f3,6f2181b8e38c9454f0e5c0e44c3d52a8d1e1e11d7c4abe30331f6c5c8ef4e824,ppo_epoch,219,14080,,,,,,,,,,,,,,,54,2,54,55,0.0003,0.0003,0.2,1.4402310848236084,PPO clipped-surrogate actor + half-MSE critic,-0.010040178894996643,2.92278790473938,1.1122655868530273,1.4402310848236084,0.9983277916908264,0.7364321947097778,5.096172332763672,signal-watch
ca_gat_mappo__small__seed-42__cfg-6f2181b8e38c__git-e469ac5d152b,ca_gat_mappo,small,42,e469ac5d152b50c21427eecb0c098f60c618f9f3,6f2181b8e38c9454f0e5c0e44c3d52a8d1e1e11d7c4abe30331f6c5c8ef4e824,ppo_epoch,220,14080,,,,,,,,,,,,,,,54,3,54,55,0.0003,0.0003,0.2,1.4025238752365112,PPO clipped-surrogate actor + half-MSE critic,-0.01617051661014557,2.859880208969116,1.124576210975647,1.4025238752365112,0.998358964920044,30.827526092529297,5.1525044441223145,signal-watch
ca_gat_mappo__small__seed-42__cfg-6f2181b8e38c__git-e469ac5d152b,ca_gat_mappo,small,42,e469ac5d152b50c21427eecb0c098f60c618f9f3,6f2181b8e38c9454f0e5c0e44c3d52a8d1e1e11d7c4abe30331f6c5c8ef4e824,ppo_epoch,221,14336,,,,,,,,,,,,,,,55,0,55,56,0.0003,0.0003,0.2,2.0054452419281006,PPO clipped-surrogate actor + half-MSE critic,1.0629971027374268,1.9107272624969482,1.291528582572937,2.0054452419281006,1.0,1.227552890777588,8.903711318969727,signal-watch
ca_gat_mappo__small__seed-42__cfg-6f2181b8e38c__git-e469ac5d152b,ca_gat_mappo,small,42,e469ac5d152b50c21427eecb0c098f60c618f9f3,6f2181b8e38c9454f0e5c0e44c3d52a8d1e1e11d7c4abe30331f6c5c8ef4e824,ppo_epoch,222,14336,,,,,,,,,,,,,,,55,1,55,56,0.0003,0.0003,0.2,1.9798961877822876,PPO clipped-surrogate actor + half-MSE critic,1.056695580482483,1.8724365234375,1.3017609119415283,1.9798961877822876,0.9966136813163757,1.7690556049346924,8.622517585754395,signal-watch
ca_gat_mappo__small__seed-42__cfg-6f2181b8e38c__git-e469ac5d152b,ca_gat_mappo,small,42,e469ac5d152b50c21427eecb0c098f60c618f9f3,6f2181b8e38c9454f0e5c0e44c3d52a8d1e1e11d7c4abe30331f6c5c8ef4e824,ppo_epoch,223,14336,,,,,,,,,,,,,,,55,2,55,56,0.0003,0.0003,0.2,1.935721516609192,PPO clipped-surrogate actor + half-MSE critic,1.0463601350784302,1.8049180507659912,1.3097686767578125,1.935721516609192,0.9921766519546509,2.8211841583251953,8.122857093811035,signal-watch
ca_gat_mappo__small__seed-42__cfg-6f2181b8e38c__git-e469ac5d152b,ca_gat_mappo,small,42,e469ac5d152b50c21427eecb0c098f60c618f9f3,6f2181b8e38c9454f0e5c0e44c3d52a8d1e1e11d7c4abe30331f6c5c8ef4e824,ppo_epoch,224,14336,,,,,,,,,,,,,,,55,3,55,56,0.0003,0.0003,0.2,1.8882237672805786,PPO clipped-surrogate actor + half-MSE critic,1.04052734375,1.7217328548431396,1.3170037269592285,1.8882237672805786,0.9892857074737549,0.9629350304603577,7.49935245513916,signal-watch
ca_gat_mappo__small__seed-42__cfg-6f2181b8e38c__git-e469ac5d152b,ca_gat_mappo,small,42,e469ac5d152b50c21427eecb0c098f60c618f9f3,6f2181b8e38c9454f0e5c0e44c3d52a8d1e1e11d7c4abe30331f6c5c8ef4e824,ppo_epoch,225,14592,,,,,,,,,,,,,,,56,0,56,57,0.0003,0.0003,0.2,1.1322880983352661,PPO clipped-surrogate actor + half-MSE critic,-0.9148776531219482,4.11500358581543,1.033604383468628,1.1322880983352661,1.0,3.8884389400482178,6.185009479522705,signal-watch
ca_gat_mappo__small__seed-42__cfg-6f2181b8e38c__git-e469ac5d152b,ca_gat_mappo,small,42,e469ac5d152b50c21427eecb0c098f60c618f9f3,6f2181b8e38c9454f0e5c0e44c3d52a8d1e1e11d7c4abe30331f6c5c8ef4e824,ppo_epoch,226,14592,,,,,,,,,,,,,,,56,1,56,57,0.0003,0.0003,0.2,1.126028299331665,PPO clipped-surrogate actor + half-MSE critic,-0.9201074242591858,4.1129374504089355,1.0333034992218018,1.126028299331665,0.9992141127586365,1.109123706817627,6.228172302246094,signal-watch
ca_gat_mappo__small__seed-42__cfg-6f2181b8e38c__git-e469ac5d152b,ca_gat_mappo,small,42,e469ac5d152b50c21427eecb0c098f60c618f9f3,6f2181b8e38c9454f0e5c0e44c3d52a8d1e1e11d7c4abe30331f6c5c8ef4e824,ppo_epoch,227,14592,,,,,,,,,,,,,,,56,2,56,57,0.0003,0.0003,0.2,1.1054084300994873,PPO clipped-surrogate actor + half-MSE critic,-0.9309729337692261,4.093382358551025,1.0309770107269287,1.1054084300994873,0.9991805553436279,4.782486915588379,6.154251575469971,signal-watch
ca_gat_mappo__small__seed-42__cfg-6f2181b8e38c__git-e469ac5d152b,ca_gat_mappo,small,42,e469ac5d152b50c21427eecb0c098f60c618f9f3,6f2181b8e38c9454f0e5c0e44c3d52a8d1e1e11d7c4abe30331f6c5c8ef4e824,ppo_epoch,228,14592,,,,,,,,,,,,,,,56,3,56,57,0.0003,0.0003,0.2,1.0807733535766602,PPO clipped-surrogate actor + half-MSE critic,-0.9381465315818787,4.058393955230713,1.027698040008545,1.0807733535766602,0.9999681711196899,0.7836491465568542,5.970273017883301,signal-watch
ca_gat_mappo__small__seed-42__cfg-6f2181b8e38c__git-e469ac5d152b,ca_gat_mappo,small,42,e469ac5d152b50c21427eecb0c098f60c618f9f3,6f2181b8e38c9454f0e5c0e44c3d52a8d1e1e11d7c4abe30331f6c5c8ef4e824,ppo_epoch,229,14848,,,,,,,,,,,,,,,57,0,57,58,0.0003,0.0003,0.2,3.4108028411865234,PPO clipped-surrogate actor + half-MSE critic,1.863909363746643,3.118924617767334,1.2568962574005127,3.4108028411865234,1.0,1.8235989809036255,12.624320030212402,signal-watch
ca_gat_mappo__small__seed-42__cfg-6f2181b8e38c__git-e469ac5d152b,ca_gat_mappo,small,42,e469ac5d152b50c21427eecb0c098f60c618f9f3,6f2181b8e38c9454f0e5c0e44c3d52a8d1e1e11d7c4abe30331f6c5c8ef4e824,ppo_epoch,230,14848,,,,,,,,,,,,,,,57,1,57,58,0.0003,0.0003,0.2,3.4011213779449463,PPO clipped-surrogate actor + half-MSE critic,1.8611059188842773,3.10506534576416,1.2517199516296387,3.4011213779449463,1.0005850791931152,1.6540831327438354,12.56751537322998,signal-watch
ca_gat_mappo__small__seed-42__cfg-6f2181b8e38c__git-e469ac5d152b,ca_gat_mappo,small,42,e469ac5d152b50c21427eecb0c098f60c618f9f3,6f2181b8e38c9454f0e5c0e44c3d52a8d1e1e11d7c4abe30331f6c5c8ef4e824,ppo_epoch,231,14848,,,,,,,,,,,,,,,57,2,57,58,0.0003,0.0003,0.2,3.3708748817443848,PPO clipped-surrogate actor + half-MSE critic,1.8550416231155396,3.0566272735595703,1.2480199337005615,3.3708748817443848,0.9987031817436218,1.1005007028579712,12.370709419250488,signal-watch
ca_gat_mappo__small__seed-42__cfg-6f2181b8e38c__git-e469ac5d152b,ca_gat_mappo,small,42,e469ac5d152b50c21427eecb0c098f60c618f9f3,6f2181b8e38c9454f0e5c0e44c3d52a8d1e1e11d7c4abe30331f6c5c8ef4e824,ppo_epoch,232,14848,,,,,,,,,,,,,,,57,3,57,58,0.0003,0.0003,0.2,3.3260860443115234,PPO clipped-surrogate actor + half-MSE critic,1.8476133346557617,2.9818806648254395,1.2467625141143799,3.3260860443115234,0.9948201179504395,1.7323997020721436,12.058218955993652,signal-watch
ca_gat_mappo__small__seed-42__cfg-6f2181b8e38c__git-e469ac5d152b,ca_gat_mappo,small,42,e469ac5d152b50c21427eecb0c098f60c618f9f3,6f2181b8e38c9454f0e5c0e44c3d52a8d1e1e11d7c4abe30331f6c5c8ef4e824,ppo_epoch,233,15104,,,,,,,,,,,,,,,58,0,58,59,0.0003,0.0003,0.2,3.2872016429901123,PPO clipped-surrogate actor + half-MSE critic,0.9138215780258179,4.7711896896362305,1.2214964628219604,3.2872016429901123,1.0,3.8377487659454346,6.23738431930542,signal-watch
ca_gat_mappo__small__seed-42__cfg-6f2181b8e38c__git-e469ac5d152b,ca_gat_mappo,small,42,e469ac5d152b50c21427eecb0c098f60c618f9f3,6f2181b8e38c9454f0e5c0e44c3d52a8d1e1e11d7c4abe30331f6c5c8ef4e824,ppo_epoch,234,15104,,,,,,,,,,,,,,,58,1,58,59,0.0003,0.0003,0.2,3.255397319793701,PPO clipped-surrogate actor + half-MSE critic,0.907402753829956,4.720417022705078,1.221397876739502,3.255397319793701,0.9985371828079224,1.518036961555481,5.785970687866211,signal-watch
ca_gat_mappo__small__seed-42__cfg-6f2181b8e38c__git-e469ac5d152b,ca_gat_mappo,small,42,e469ac5d152b50c21427eecb0c098f60c618f9f3,6f2181b8e38c9454f0e5c0e44c3d52a8d1e1e11d7c4abe30331f6c5c8ef4e824,ppo_epoch,235,15104,,,,,,,,,,,,,,,58,2,58,59,0.0003,0.0003,0.2,3.2190613746643066,PPO clipped-surrogate actor + half-MSE critic,0.898844838142395,4.664852142333984,1.2209343910217285,3.2190613746643066,0.9968358278274536,1.279242992401123,5.244067192077637,signal-watch
ca_gat_mappo__small__seed-42__cfg-6f2181b8e38c__git-e469ac5d152b,ca_gat_mappo,small,42,e469ac5d152b50c21427eecb0c098f60c618f9f3,6f2181b8e38c9454f0e5c0e44c3d52a8d1e1e11d7c4abe30331f6c5c8ef4e824,ppo_epoch,236,15104,,,,,,,,,,,,,,,58,3,58,59,0.0003,0.0003,0.2,3.184352397918701,PPO clipped-surrogate actor + half-MSE critic,0.8908135890960693,4.61149263381958,1.2207432985305786,3.184352397918701,0.9947830438613892,0.9946776628494263,4.67686128616333,signal-watch
ca_gat_mappo__small__seed-42__cfg-6f2181b8e38c__git-e469ac5d152b,ca_gat_mappo,small,42,e469ac5d152b50c21427eecb0c098f60c618f9f3,6f2181b8e38c9454f0e5c0e44c3d52a8d1e1e11d7c4abe30331f6c5c8ef4e824,ppo_epoch,237,15360,,,,,,,,,,,,,,,59,0,59,60,0.0003,0.0003,0.2,4.942468643188477,PPO clipped-surrogate actor + half-MSE critic,2.6047301292419434,4.702864646911621,1.3693712949752808,4.942468643188477,1.0,2.4410860538482666,18.876251220703125,signal-watch
ca_gat_mappo__small__seed-42__cfg-6f2181b8e38c__git-e469ac5d152b,ca_gat_mappo,small,42,e469ac5d152b50c21427eecb0c098f60c618f9f3,6f2181b8e38c9454f0e5c0e44c3d52a8d1e1e11d7c4abe30331f6c5c8ef4e824,ppo_epoch,238,15360,,,,,,,,,,,,,,,59,1,59,60,0.0003,0.0003,0.2,4.806543350219727,PPO clipped-surrogate actor + half-MSE critic,2.5992889404296875,4.441885948181152,1.3688658475875854,4.806543350219727,0.9982624053955078,2.6806862354278564,17.78648567199707,signal-watch
ca_gat_mappo__small__seed-42__cfg-6f2181b8e38c__git-e469ac5d152b,ca_gat_mappo,small,42,e469ac5d152b50c21427eecb0c098f60c618f9f3,6f2181b8e38c9454f0e5c0e44c3d52a8d1e1e11d7c4abe30331f6c5c8ef4e824,ppo_epoch,239,15360,,,,,,,,,,,,,,,59,2,59,60,0.0003,0.0003,0.2,4.663419723510742,PPO clipped-surrogate actor + half-MSE critic,2.5869314670562744,4.180356979370117,1.369009017944336,4.663419723510742,0.9943180680274963,2.020183563232422,16.67905616760254,signal-watch
ca_gat_mappo__small__seed-42__cfg-6f2181b8e38c__git-e469ac5d152b,ca_gat_mappo,small,42,e469ac5d152b50c21427eecb0c098f60c618f9f3,6f2181b8e38c9454f0e5c0e44c3d52a8d1e1e11d7c4abe30331f6c5c8ef4e824,ppo_epoch,240,15360,,,,,,,,,,,,,,,59,3,59,60,0.0003,0.0003,0.2,4.52441930770874,PPO clipped-surrogate actor + half-MSE critic,2.569075584411621,3.9380805492401123,1.3696646690368652,4.52441930770874,0.9880367517471313,1.478102445602417,15.64937686920166,signal-watch
ca_gat_mappo__small__seed-42__cfg-6f2181b8e38c__git-e469ac5d152b,ca_gat_mappo,small,42,e469ac5d152b50c21427eecb0c098f60c618f9f3,6f2181b8e38c9454f0e5c0e44c3d52a8d1e1e11d7c4abe30331f6c5c8ef4e824,ppo_epoch,241,15616,,,,,,,,,,,,,,,60,0,60,61,0.0003,0.0003,0.2,2.25752329826355,PPO clipped-surrogate actor + half-MSE critic,0.017745241522789,4.505790710449219,1.3117376565933228,2.25752329826355,1.0,1.263560175895691,1.442529559135437,signal-watch
ca_gat_mappo__small__seed-42__cfg-6f2181b8e38c__git-e469ac5d152b,ca_gat_mappo,small,42,e469ac5d152b50c21427eecb0c098f60c618f9f3,6f2181b8e38c9454f0e5c0e44c3d52a8d1e1e11d7c4abe30331f6c5c8ef4e824,ppo_epoch,242,15616,,,,,,,,,,,,,,,60,1,60,61,0.0003,0.0003,0.2,2.2400059700012207,PPO clipped-surrogate actor + half-MSE critic,0.00889982283115387,4.488386154174805,1.3086938858032227,2.2400059700012207,0.9973498582839966,1.2784733772277832,1.208480715751648,signal-watch
ca_gat_mappo__small__seed-42__cfg-6f2181b8e38c__git-e469ac5d152b,ca_gat_mappo,small,42,e469ac5d152b50c21427eecb0c098f60c618f9f3,6f2181b8e38c9454f0e5c0e44c3d52a8d1e1e11d7c4abe30331f6c5c8ef4e824,ppo_epoch,243,15616,,,,,,,,,,,,,,,60,2,60,61,0.0003,0.0003,0.2,2.217823028564453,PPO clipped-surrogate actor + half-MSE critic,-0.0028005242347717285,4.4672675132751465,1.301015853881836,2.217823028564453,0.9958105683326721,1.3056516647338867,1.332700252532959,signal-watch
ca_gat_mappo__small__seed-42__cfg-6f2181b8e38c__git-e469ac5d152b,ca_gat_mappo,small,42,e469ac5d152b50c21427eecb0c098f60c618f9f3,6f2181b8e38c9454f0e5c0e44c3d52a8d1e1e11d7c4abe30331f6c5c8ef4e824,ppo_epoch,244,15616,,,,,,,,,,,,,,,60,3,60,61,0.0003,0.0003,0.2,2.199744462966919,PPO clipped-surrogate actor + half-MSE critic,-0.008709803223609924,4.442687511444092,1.2889342308044434,2.199744462966919,0.9947238564491272,1.144724726676941,1.5167851448059082,signal-watch
ca_gat_mappo__small__seed-42__cfg-6f2181b8e38c__git-e469ac5d152b,ca_gat_mappo,small,42,e469ac5d152b50c21427eecb0c098f60c618f9f3,6f2181b8e38c9454f0e5c0e44c3d52a8d1e1e11d7c4abe30331f6c5c8ef4e824,ppo_epoch,245,15872,,,,,,,,,,,,,,,61,0,61,62,0.0003,0.0003,0.2,1.7185062170028687,PPO clipped-surrogate actor + half-MSE critic,0.7502337098121643,1.9603626728057861,1.1908886432647705,1.7185062170028687,1.0,1.4739677906036377,5.934782028198242,signal-watch
ca_gat_mappo__small__seed-42__cfg-6f2181b8e38c__git-e469ac5d152b,ca_gat_mappo,small,42,e469ac5d152b50c21427eecb0c098f60c618f9f3,6f2181b8e38c9454f0e5c0e44c3d52a8d1e1e11d7c4abe30331f6c5c8ef4e824,ppo_epoch,246,15872,,,,,,,,,,,,,,,61,1,61,62,0.0003,0.0003,0.2,1.6768971681594849,PPO clipped-surrogate actor + half-MSE critic,0.745826244354248,1.8857016563415527,1.177992582321167,1.6768971681594849,0.9998165369033813,1.245510220527649,4.941352844238281,signal-watch
ca_gat_mappo__small__seed-42__cfg-6f2181b8e38c__git-e469ac5d152b,ca_gat_mappo,small,42,e469ac5d152b50c21427eecb0c098f60c618f9f3,6f2181b8e38c9454f0e5c0e44c3d52a8d1e1e11d7c4abe30331f6c5c8ef4e824,ppo_epoch,247,15872,,,,,,,,,,,,,,,61,2,61,62,0.0003,0.0003,0.2,1.637044072151184,PPO clipped-surrogate actor + half-MSE critic,0.7390956878662109,1.8192179203033447,1.1660572290420532,1.637044072151184,0.998944878578186,0.6952468752861023,3.9592037200927734,signal-watch
ca_gat_mappo__small__seed-42__cfg-6f2181b8e38c__git-e469ac5d152b,ca_gat_mappo,small,42,e469ac5d152b50c21427eecb0c098f60c618f9f3,6f2181b8e38c9454f0e5c0e44c3d52a8d1e1e11d7c4abe30331f6c5c8ef4e824,ppo_epoch,248,15872,,,,,,,,,,,,,,,61,3,61,62,0.0003,0.0003,0.2,1.6052254438400269,PPO clipped-surrogate actor + half-MSE critic,0.7333744764328003,1.7668200731277466,1.1559174060821533,1.6052254438400269,0.9974923133850098,0.6093454360961914,3.0824997425079346,signal-watch
ca_gat_mappo__small__seed-42__cfg-6f2181b8e38c__git-e469ac5d152b,ca_gat_mappo,small,42,e469ac5d152b50c21427eecb0c098f60c618f9f3,6f2181b8e38c9454f0e5c0e44c3d52a8d1e1e11d7c4abe30331f6c5c8ef4e824,ppo_epoch,249,16128,,,,,,,,,,,,,,,62,0,62,63,0.0003,0.0003,0.2,1.3723349571228027,PPO clipped-surrogate actor + half-MSE critic,-0.3397248089313507,3.447129726409912,1.150507926940918,1.3723349571228027,1.0,1.498944878578186,5.201986312866211,signal-watch
ca_gat_mappo__small__seed-42__cfg-6f2181b8e38c__git-e469ac5d152b,ca_gat_mappo,small,42,e469ac5d152b50c21427eecb0c098f60c618f9f3,6f2181b8e38c9454f0e5c0e44c3d52a8d1e1e11d7c4abe30331f6c5c8ef4e824,ppo_epoch,250,16128,,,,,,,,,,,,,,,62,1,62,63,0.0003,0.0003,0.2,1.3554203510284424,PPO clipped-surrogate actor + half-MSE critic,-0.3476266860961914,3.4290013313293457,1.1453641653060913,1.3554203510284424,1.0007447004318237,1.4191220998764038,4.897678375244141,signal-watch
ca_gat_mappo__small__seed-42__cfg-6f2181b8e38c__git-e469ac5d152b,ca_gat_mappo,small,42,e469ac5d152b50c21427eecb0c098f60c618f9f3,6f2181b8e38c9454f0e5c0e44c3d52a8d1e1e11d7c4abe30331f6c5c8ef4e824,ppo_epoch,251,16128,,,,,,,,,,,,,,,62,2,62,63,0.0003,0.0003,0.2,1.3173837661743164,PPO clipped-surrogate actor + half-MSE critic,-0.36149510741233826,3.3805530071258545,1.1397641897201538,1.3173837661743164,1.002394199371338,1.1593990325927734,4.57908821105957,signal-watch
ca_gat_mappo__small__seed-42__cfg-6f2181b8e38c__git-e469ac5d152b,ca_gat_mappo,small,42,e469ac5d152b50c21427eecb0c098f60c618f9f3,6f2181b8e38c9454f0e5c0e44c3d52a8d1e1e11d7c4abe30331f6c5c8ef4e824,ppo_epoch,252,16128,,,,,,,,,,,,,,,62,3,62,63,0.0003,0.0003,0.2,1.2717068195343018,PPO clipped-surrogate actor + half-MSE critic,-0.3770595192909241,3.32017183303833,1.1319599151611328,1.2717068195343018,1.0041556358337402,1.2297385931015015,4.386092185974121,signal-watch
ca_gat_mappo__small__seed-42__cfg-6f2181b8e38c__git-e469ac5d152b,ca_gat_mappo,small,42,e469ac5d152b50c21427eecb0c098f60c618f9f3,6f2181b8e38c9454f0e5c0e44c3d52a8d1e1e11d7c4abe30331f6c5c8ef4e824,ppo_epoch,253,16384,,,,,,,,,,,,,,,63,0,63,64,0.0003,0.0003,0.2,1.008363962173462,PPO clipped-surrogate actor + half-MSE critic,0.5651371479034424,0.9120203256607056,1.2783308029174805,1.008363962173462,1.0,2.036942958831787,4.353073596954346,signal-watch
ca_gat_mappo__small__seed-42__cfg-6f2181b8e38c__git-e469ac5d152b,ca_gat_mappo,small,42,e469ac5d152b50c21427eecb0c098f60c618f9f3,6f2181b8e38c9454f0e5c0e44c3d52a8d1e1e11d7c4abe30331f6c5c8ef4e824,ppo_epoch,254,16384,,,,,,,,,,,,,,,63,1,63,64,0.0003,0.0003,0.2,0.9885236024856567,PPO clipped-surrogate actor + half-MSE critic,0.5645569562911987,0.8732295036315918,1.2648130655288696,0.9885236024856567,0.9985332489013672,2.180438280105591,3.8446390628814697,signal-watch
ca_gat_mappo__small__seed-42__cfg-6f2181b8e38c__git-e469ac5d152b,ca_gat_mappo,small,42,e469ac5d152b50c21427eecb0c098f60c618f9f3,6f2181b8e38c9454f0e5c0e44c3d52a8d1e1e11d7c4abe30331f6c5c8ef4e824,ppo_epoch,255,16384,,,,,,,,,,,,,,,63,2,63,64,0.0003,0.0003,0.2,0.9678930640220642,PPO clipped-surrogate actor + half-MSE critic,0.5671141743659973,0.8266353011131287,1.2538738250732422,0.9678930640220642,0.9972959756851196,10.676904678344727,3.254011869430542,signal-watch
ca_gat_mappo__small__seed-42__cfg-6f2181b8e38c__git-e469ac5d152b,ca_gat_mappo,small,42,e469ac5d152b50c21427eecb0c098f60c618f9f3,6f2181b8e38c9454f0e5c0e44c3d52a8d1e1e11d7c4abe30331f6c5c8ef4e824,ppo_epoch,256,16384,,,,,,,,,,,,,,,63,3,63,64,0.0003,0.0003,0.2,0.9494941234588623,PPO clipped-surrogate actor + half-MSE critic,0.5709920525550842,0.7818628549575806,1.242932677268982,0.9494941234588623,0.9966626167297363,1.5180562734603882,2.6751742362976074,signal-watch
ca_gat_mappo__small__seed-42__cfg-6f2181b8e38c__git-e469ac5d152b,ca_gat_mappo,small,42,e469ac5d152b50c21427eecb0c098f60c618f9f3,6f2181b8e38c9454f0e5c0e44c3d52a8d1e1e11d7c4abe30331f6c5c8ef4e824,ppo_epoch,257,16640,,,,,,,,,,,,,,,64,0,64,65,0.0003,0.0003,0.2,0.9890690445899963,PPO clipped-surrogate actor + half-MSE critic,-0.7772443294525146,3.552432060241699,0.9902681112289429,0.9890690445899963,1.0,1.535251498222351,5.322135925292969,signal-watch
ca_gat_mappo__small__seed-42__cfg-6f2181b8e38c__git-e469ac5d152b,ca_gat_mappo,small,42,e469ac5d152b50c21427eecb0c098f60c618f9f3,6f2181b8e38c9454f0e5c0e44c3d52a8d1e1e11d7c4abe30331f6c5c8ef4e824,ppo_epoch,258,16640,,,,,,,,,,,,,,,64,1,64,65,0.0003,0.0003,0.2,0.9889932870864868,PPO clipped-surrogate actor + half-MSE critic,-0.7816814184188843,3.5610883235931396,0.9869436025619507,0.9889932870864868,1.0008630752563477,2.565161943435669,5.426047325134277,signal-watch
ca_gat_mappo__small__seed-42__cfg-6f2181b8e38c__git-e469ac5d152b,ca_gat_mappo,small,42,e469ac5d152b50c21427eecb0c098f60c618f9f3,6f2181b8e38c9454f0e5c0e44c3d52a8d1e1e11d7c4abe30331f6c5c8ef4e824,ppo_epoch,259,16640,,,,,,,,,,,,,,,64,2,64,65,0.0003,0.0003,0.2,0.9773370027542114,PPO clipped-surrogate actor + half-MSE critic,-0.7879503965377808,3.5502607822418213,0.9842967987060547,0.9773370027542114,1.0013518333435059,1.0551443099975586,5.464481353759766,signal-watch
ca_gat_mappo__small__seed-42__cfg-6f2181b8e38c__git-e469ac5d152b,ca_gat_mappo,small,42,e469ac5d152b50c21427eecb0c098f60c618f9f3,6f2181b8e38c9454f0e5c0e44c3d52a8d1e1e11d7c4abe30331f6c5c8ef4e824,ppo_epoch,260,16640,,,,,,,,,,,,,,,64,3,64,65,0.0003,0.0003,0.2,0.9526585340499878,PPO clipped-surrogate actor + half-MSE critic,-0.7984969019889832,3.5219664573669434,0.9827798008918762,0.9526585340499878,1.003553867340088,1.141052007675171,5.4412360191345215,signal-watch
ca_gat_mappo__small__seed-42__cfg-6f2181b8e38c__git-e469ac5d152b,ca_gat_mappo,small,42,e469ac5d152b50c21427eecb0c098f60c618f9f3,6f2181b8e38c9454f0e5c0e44c3d52a8d1e1e11d7c4abe30331f6c5c8ef4e824,ppo_epoch,261,16896,,,,,,,,,,,,,,,65,0,65,66,0.0003,0.0003,0.2,0.8667662739753723,PPO clipped-surrogate actor + half-MSE critic,0.573296070098877,0.6068598031997681,0.9959713220596313,0.8667662739753723,1.0,0.7982547879219055,3.9158005714416504,signal-watch
ca_gat_mappo__small__seed-42__cfg-6f2181b8e38c__git-e469ac5d152b,ca_gat_mappo,small,42,e469ac5d152b50c21427eecb0c098f60c618f9f3,6f2181b8e38c9454f0e5c0e44c3d52a8d1e1e11d7c4abe30331f6c5c8ef4e824,ppo_epoch,262,16896,,,,,,,,,,,,,,,65,1,65,66,0.0003,0.0003,0.2,0.8612635135650635,PPO clipped-surrogate actor + half-MSE critic,0.5719059109687805,0.5986860394477844,0.9985461235046387,0.8612635135650635,0.9988298416137695,0.9311577677726746,3.798088788986206,signal-watch
ca_gat_mappo__small__seed-42__cfg-6f2181b8e38c__git-e469ac5d152b,ca_gat_mappo,small,42,e469ac5d152b50c21427eecb0c098f60c618f9f3,6f2181b8e38c9454f0e5c0e44c3d52a8d1e1e11d7c4abe30331f6c5c8ef4e824,ppo_epoch,263,16896,,,,,,,,,,,,,,,65,2,65,66,0.0003,0.0003,0.2,0.8513208031654358,PPO clipped-surrogate actor + half-MSE critic,0.5698768496513367,0.5828938484191895,1.0002996921539307,0.8513208031654358,0.9975966215133667,0.592742919921875,3.576075792312622,signal-watch
ca_gat_mappo__small__seed-42__cfg-6f2181b8e38c__git-e469ac5d152b,ca_gat_mappo,small,42,e469ac5d152b50c21427eecb0c098f60c618f9f3,6f2181b8e38c9454f0e5c0e44c3d52a8d1e1e11d7c4abe30331f6c5c8ef4e824,ppo_epoch,264,16896,,,,,,,,,,,,,,,65,3,65,66,0.0003,0.0003,0.2,0.8383156061172485,PPO clipped-surrogate actor + half-MSE critic,0.5670064687728882,0.5626010894775391,0.9991397261619568,0.8383156061172485,0.9956693053245544,0.4339054822921753,3.280914068222046,signal-watch
ca_gat_mappo__small__seed-42__cfg-6f2181b8e38c__git-e469ac5d152b,ca_gat_mappo,small,42,e469ac5d152b50c21427eecb0c098f60c618f9f3,6f2181b8e38c9454f0e5c0e44c3d52a8d1e1e11d7c4abe30331f6c5c8ef4e824,ppo_epoch,265,17152,,,,,,,,,,,,,,,66,0,66,67,0.0003,0.0003,0.2,1.5893114805221558,PPO clipped-surrogate actor + half-MSE critic,-0.8116371631622314,4.823405742645264,1.0754225254058838,1.5893114805221558,1.0,1.1737838983535767,5.565536975860596,signal-watch
ca_gat_mappo__small__seed-42__cfg-6f2181b8e38c__git-e469ac5d152b,ca_gat_mappo,small,42,e469ac5d152b50c21427eecb0c098f60c618f9f3,6f2181b8e38c9454f0e5c0e44c3d52a8d1e1e11d7c4abe30331f6c5c8ef4e824,ppo_epoch,266,17152,,,,,,,,,,,,,,,66,1,66,67,0.0003,0.0003,0.2,1.5838088989257812,PPO clipped-surrogate actor + half-MSE critic,-0.8215348720550537,4.832057952880859,1.0685163736343384,1.5838088989257812,1.0026661157608032,1.1717016696929932,5.679504871368408,signal-watch
ca_gat_mappo__small__seed-42__cfg-6f2181b8e38c__git-e469ac5d152b,ca_gat_mappo,small,42,e469ac5d152b50c21427eecb0c098f60c618f9f3,6f2181b8e38c9454f0e5c0e44c3d52a8d1e1e11d7c4abe30331f6c5c8ef4e824,ppo_epoch,267,17152,,,,,,,,,,,,,,,66,2,66,67,0.0003,0.0003,0.2,1.5649458169937134,PPO clipped-surrogate actor + half-MSE critic,-0.8365113139152527,4.824027061462402,1.0556361675262451,1.5649458169937134,1.0055814981460571,1.0532584190368652,5.719817161560059,signal-watch
ca_gat_mappo__small__seed-42__cfg-6f2181b8e38c__git-e469ac5d152b,ca_gat_mappo,small,42,e469ac5d152b50c21427eecb0c098f60c618f9f3,6f2181b8e38c9454f0e5c0e44c3d52a8d1e1e11d7c4abe30331f6c5c8ef4e824,ppo_epoch,268,17152,,,,,,,,,,,,,,,66,3,66,67,0.0003,0.0003,0.2,1.5532755851745605,PPO clipped-surrogate actor + half-MSE critic,-0.8365418314933777,4.800380706787109,1.0372860431671143,1.5532755851745605,1.0087804794311523,3.5527734756469727,5.689024448394775,signal-watch
ca_gat_mappo__small__seed-42__cfg-6f2181b8e38c__git-e469ac5d152b,ca_gat_mappo,small,42,e469ac5d152b50c21427eecb0c098f60c618f9f3,6f2181b8e38c9454f0e5c0e44c3d52a8d1e1e11d7c4abe30331f6c5c8ef4e824,ppo_epoch,269,17408,,,,,,,,,,,,,,,67,0,67,68,0.0003,0.0003,0.2,0.32168933749198914,PPO clipped-surrogate actor + half-MSE critic,0.08406595140695572,0.4967282712459564,1.0740760564804077,0.32168933749198914,1.0,1.9103472232818604,0.8779433965682983,signal-watch
ca_gat_mappo__small__seed-42__cfg-6f2181b8e38c__git-e469ac5d152b,ca_gat_mappo,small,42,e469ac5d152b50c21427eecb0c098f60c618f9f3,6f2181b8e38c9454f0e5c0e44c3d52a8d1e1e11d7c4abe30331f6c5c8ef4e824,ppo_epoch,270,17408,,,,,,,,,,,,,,,67,1,67,68,0.0003,0.0003,0.2,0.3159571588039398,PPO clipped-surrogate actor + half-MSE critic,0.08078092336654663,0.49144065380096436,1.0544078350067139,0.3159571588039398,0.9997835755348206,0.46673399209976196,0.8902403116226196,signal-watch
ca_gat_mappo__small__seed-42__cfg-6f2181b8e38c__git-e469ac5d152b,ca_gat_mappo,small,42,e469ac5d152b50c21427eecb0c098f60c618f9f3,6f2181b8e38c9454f0e5c0e44c3d52a8d1e1e11d7c4abe30331f6c5c8ef4e824,ppo_epoch,271,17408,,,,,,,,,,,,,,,67,2,67,68,0.0003,0.0003,0.2,0.30578091740608215,PPO clipped-surrogate actor + half-MSE critic,0.07576247304677963,0.4805819094181061,1.0272495746612549,0.30578091740608215,0.9994664788246155,0.4686618447303772,0.8396883606910706,signal-watch
ca_gat_mappo__small__seed-42__cfg-6f2181b8e38c__git-e469ac5d152b,ca_gat_mappo,small,42,e469ac5d152b50c21427eecb0c098f60c618f9f3,6f2181b8e38c9454f0e5c0e44c3d52a8d1e1e11d7c4abe30331f6c5c8ef4e824,ppo_epoch,272,17408,,,,,,,,,,,,,,,67,3,67,68,0.0003,0.0003,0.2,0.29622384905815125,PPO clipped-surrogate actor + half-MSE critic,0.07266968488693237,0.4669828712940216,0.9937260150909424,0.29622384905815125,0.9979519248008728,0.44116508960723877,0.758536696434021,signal-watch
ca_gat_mappo__small__seed-42__cfg-6f2181b8e38c__git-e469ac5d152b,ca_gat_mappo,small,42,e469ac5d152b50c21427eecb0c098f60c618f9f3,6f2181b8e38c9454f0e5c0e44c3d52a8d1e1e11d7c4abe30331f6c5c8ef4e824,ppo_epoch,273,17664,,,,,,,,,,,,,,,68,0,68,69,0.0003,0.0003,0.2,0.7539883255958557,PPO clipped-surrogate actor + half-MSE critic,-1.4485321044921875,4.425373077392578,1.0166109800338745,0.7539883255958557,1.0,1.1310210227966309,9.730308532714844,signal-watch
ca_gat_mappo__small__seed-42__cfg-6f2181b8e38c__git-e469ac5d152b,ca_gat_mappo,small,42,e469ac5d152b50c21427eecb0c098f60c618f9f3,6f2181b8e38c9454f0e5c0e44c3d52a8d1e1e11d7c4abe30331f6c5c8ef4e824,ppo_epoch,274,17664,,,,,,,,,,,,,,,68,1,68,69,0.0003,0.0003,0.2,0.754034161567688,PPO clipped-surrogate actor + half-MSE critic,-1.4585306644439697,4.444874286651611,0.9872317314147949,0.754034161567688,1.0022034645080566,1.4917070865631104,9.730597496032715,signal-watch
ca_gat_mappo__small__seed-42__cfg-6f2181b8e38c__git-e469ac5d152b,ca_gat_mappo,small,42,e469ac5d152b50c21427eecb0c098f60c618f9f3,6f2181b8e38c9454f0e5c0e44c3d52a8d1e1e11d7c4abe30331f6c5c8ef4e824,ppo_epoch,275,17664,,,,,,,,,,,,,,,68,2,68,69,0.0003,0.0003,0.2,0.7428261637687683,PPO clipped-surrogate actor + half-MSE critic,-1.4673447608947754,4.439518451690674,0.9588288068771362,0.7428261637687683,1.0041029453277588,0.768627941608429,9.667303085327148,signal-watch
ca_gat_mappo__small__seed-42__cfg-6f2181b8e38c__git-e469ac5d152b,ca_gat_mappo,small,42,e469ac5d152b50c21427eecb0c098f60c618f9f3,6f2181b8e38c9454f0e5c0e44c3d52a8d1e1e11d7c4abe30331f6c5c8ef4e824,ppo_epoch,276,17664,,,,,,,,,,,,,,,68,3,68,69,0.0003,0.0003,0.2,0.7248870730400085,PPO clipped-surrogate actor + half-MSE critic,-1.4726394414901733,4.413614273071289,0.9280593395233154,0.7248870730400085,1.007239580154419,0.7619354128837585,9.54641056060791,signal-watch
ca_gat_mappo__small__seed-42__cfg-6f2181b8e38c__git-e469ac5d152b,ca_gat_mappo,small,42,e469ac5d152b50c21427eecb0c098f60c618f9f3,6f2181b8e38c9454f0e5c0e44c3d52a8d1e1e11d7c4abe30331f6c5c8ef4e824,ppo_epoch,277,17920,,,,,,,,,,,,,,,69,0,69,70,0.0003,0.0003,0.2,1.2090065479278564,PPO clipped-surrogate actor + half-MSE critic,0.8185714483261108,0.800054669380188,0.959231436252594,1.2090065479278564,1.0,0.496669739484787,5.821254730224609,signal-watch
ca_gat_mappo__small__seed-42__cfg-6f2181b8e38c__git-e469ac5d152b,ca_gat_mappo,small,42,e469ac5d152b50c21427eecb0c098f60c618f9f3,6f2181b8e38c9454f0e5c0e44c3d52a8d1e1e11d7c4abe30331f6c5c8ef4e824,ppo_epoch,278,17920,,,,,,,,,,,,,,,69,1,69,70,0.0003,0.0003,0.2,1.2041338682174683,PPO clipped-surrogate actor + half-MSE critic,0.8169091939926147,0.7931554913520813,0.9353048801422119,1.2041338682174683,0.9986884593963623,0.45099160075187683,5.7502336502075195,signal-watch
ca_gat_mappo__small__seed-42__cfg-6f2181b8e38c__git-e469ac5d152b,ca_gat_mappo,small,42,e469ac5d152b50c21427eecb0c098f60c618f9f3,6f2181b8e38c9454f0e5c0e44c3d52a8d1e1e11d7c4abe30331f6c5c8ef4e824,ppo_epoch,279,17920,,,,,,,,,,,,,,,69,2,69,70,0.0003,0.0003,0.2,1.18979811668396,PPO clipped-surrogate actor + half-MSE critic,0.8141708374023438,0.769623875617981,0.9184596538543701,1.18979811668396,0.9971824884414673,0.7514693140983582,5.5210280418396,signal-watch
ca_gat_mappo__small__seed-42__cfg-6f2181b8e38c__git-e469ac5d152b,ca_gat_mappo,small,42,e469ac5d152b50c21427eecb0c098f60c618f9f3,6f2181b8e38c9454f0e5c0e44c3d52a8d1e1e11d7c4abe30331f6c5c8ef4e824,ppo_epoch,280,17920,,,,,,,,,,,,,,,69,3,69,70,0.0003,0.0003,0.2,1.1736741065979004,PPO clipped-surrogate actor + half-MSE critic,0.8152543306350708,0.7349657416343689,0.9063183069229126,1.1736741065979004,0.9957866668701172,0.9817970991134644,5.176400661468506,signal-watch
ca_gat_mappo__small__seed-42__cfg-6f2181b8e38c__git-e469ac5d152b,ca_gat_mappo,small,42,e469ac5d152b50c21427eecb0c098f60c618f9f3,6f2181b8e38c9454f0e5c0e44c3d52a8d1e1e11d7c4abe30331f6c5c8ef4e824,ppo_epoch,281,18176,,,,,,,,,,,,,,,70,0,70,71,0.0003,0.0003,0.2,2.297818183898926,PPO clipped-surrogate actor + half-MSE critic,0.041888073086738586,4.5308918952941895,0.9515863656997681,2.297818183898926,1.0,1.128575086593628,4.311102390289307,signal-watch
ca_gat_mappo__small__seed-42__cfg-6f2181b8e38c__git-e469ac5d152b,ca_gat_mappo,small,42,e469ac5d152b50c21427eecb0c098f60c618f9f3,6f2181b8e38c9454f0e5c0e44c3d52a8d1e1e11d7c4abe30331f6c5c8ef4e824,ppo_epoch,282,18176,,,,,,,,,,,,,,,70,1,70,71,0.0003,0.0003,0.2,2.277543067932129,PPO clipped-surrogate actor + half-MSE critic,0.03774699568748474,4.498648643493652,0.9528065323829651,2.277543067932129,1.000226616859436,1.0929255485534668,4.038717269897461,signal-watch
ca_gat_mappo__small__seed-42__cfg-6f2181b8e38c__git-e469ac5d152b,ca_gat_mappo,small,42,e469ac5d152b50c21427eecb0c098f60c618f9f3,6f2181b8e38c9454f0e5c0e44c3d52a8d1e1e11d7c4abe30331f6c5c8ef4e824,ppo_epoch,283,18176,,,,,,,,,,,,,,,70,2,70,71,0.0003,0.0003,0.2,2.2331714630126953,PPO clipped-surrogate actor + half-MSE critic,0.02857746183872223,4.428343296051025,0.9577829837799072,2.2331714630126953,1.0008431673049927,1.1789199113845825,3.640056848526001,signal-watch
ca_gat_mappo__small__seed-42__cfg-6f2181b8e38c__git-e469ac5d152b,ca_gat_mappo,small,42,e469ac5d152b50c21427eecb0c098f60c618f9f3,6f2181b8e38c9454f0e5c0e44c3d52a8d1e1e11d7c4abe30331f6c5c8ef4e824,ppo_epoch,284,18176,,,,,,,,,,,,,,,70,3,70,71,0.0003,0.0003,0.2,2.1783196926116943,PPO clipped-surrogate actor + half-MSE critic,0.01857885718345642,4.338799476623535,0.9658714532852173,2.1783196926116943,1.0020767450332642,1.189592957496643,3.227102518081665,signal-watch
ca_gat_mappo__small__seed-42__cfg-6f2181b8e38c__git-e469ac5d152b,ca_gat_mappo,small,42,e469ac5d152b50c21427eecb0c098f60c618f9f3,6f2181b8e38c9454f0e5c0e44c3d52a8d1e1e11d7c4abe30331f6c5c8ef4e824,ppo_epoch,285,18432,,,,,,,,,,,,,,,71,0,71,72,0.0003,0.0003,0.2,2.2780532836914062,PPO clipped-surrogate actor + half-MSE critic,1.302375316619873,1.9729853868484497,1.0814659595489502,2.2780532836914062,1.0,0.9196593761444092,9.725505828857422,signal-watch
ca_gat_mappo__small__seed-42__cfg-6f2181b8e38c__git-e469ac5d152b,ca_gat_mappo,small,42,e469ac5d152b50c21427eecb0c098f60c618f9f3,6f2181b8e38c9454f0e5c0e44c3d52a8d1e1e11d7c4abe30331f6c5c8ef4e824,ppo_epoch,286,18432,,,,,,,,,,,,,,,71,1,71,72,0.0003,0.0003,0.2,2.208733558654785,PPO clipped-surrogate actor + half-MSE critic,1.2995238304138184,1.8402808904647827,1.0930777788162231,2.208733558654785,1.0011714696884155,0.9209307432174683,8.663860321044922,signal-watch
ca_gat_mappo__small__seed-42__cfg-6f2181b8e38c__git-e469ac5d152b,ca_gat_mappo,small,42,e469ac5d152b50c21427eecb0c098f60c618f9f3,6f2181b8e38c9454f0e5c0e44c3d52a8d1e1e11d7c4abe30331f6c5c8ef4e824,ppo_epoch,287,18432,,,,,,,,,,,,,,,71,2,71,72,0.0003,0.0003,0.2,2.1437222957611084,PPO clipped-surrogate actor + half-MSE critic,1.292738437652588,1.7240504026412964,1.1041333675384521,2.1437222957611084,1.0002269744873047,0.8995354175567627,7.6942925453186035,signal-watch
ca_gat_mappo__small__seed-42__cfg-6f2181b8e38c__git-e469ac5d152b,ca_gat_mappo,small,42,e469ac5d152b50c21427eecb0c098f60c618f9f3,6f2181b8e38c9454f0e5c0e44c3d52a8d1e1e11d7c4abe30331f6c5c8ef4e824,ppo_epoch,288,18432,,,,,,,,,,,,,,,71,3,71,72,0.0003,0.0003,0.2,2.08516001701355,PPO clipped-surrogate actor + half-MSE critic,1.2824944257736206,1.6276443004608154,1.1156485080718994,2.08516001701355,0.997875988483429,0.8288611173629761,6.857471942901611,signal-watch
ca_gat_mappo__small__seed-42__cfg-6f2181b8e38c__git-e469ac5d152b,ca_gat_mappo,small,42,e469ac5d152b50c21427eecb0c098f60c618f9f3,6f2181b8e38c9454f0e5c0e44c3d52a8d1e1e11d7c4abe30331f6c5c8ef4e824,ppo_epoch,289,18688,,,,,,,,,,,,,,,72,0,72,73,0.0003,0.0003,0.2,1.8419671058654785,PPO clipped-surrogate actor + half-MSE critic,-0.7852093577384949,5.271615982055664,0.863147497177124,1.8419671058654785,1.0,1.0050787925720215,5.92460298538208,signal-watch
ca_gat_mappo__small__seed-42__cfg-6f2181b8e38c__git-e469ac5d152b,ca_gat_mappo,small,42,e469ac5d152b50c21427eecb0c098f60c618f9f3,6f2181b8e38c9454f0e5c0e44c3d52a8d1e1e11d7c4abe30331f6c5c8ef4e824,ppo_epoch,290,18688,,,,,,,,,,,,,,,72,1,72,73,0.0003,0.0003,0.2,1.8509975671768188,PPO clipped-surrogate actor + half-MSE critic,-0.7884312272071838,5.296191692352295,0.8667124509811401,1.8509975671768188,0.9998427033424377,1.0293270349502563,6.1408772468566895,signal-watch
ca_gat_mappo__small__seed-42__cfg-6f2181b8e38c__git-e469ac5d152b,ca_gat_mappo,small,42,e469ac5d152b50c21427eecb0c098f60c618f9f3,6f2181b8e38c9454f0e5c0e44c3d52a8d1e1e11d7c4abe30331f6c5c8ef4e824,ppo_epoch,291,18688,,,,,,,,,,,,,,,72,2,72,73,0.0003,0.0003,0.2,1.8449187278747559,PPO clipped-surrogate actor + half-MSE critic,-0.7965821027755737,5.300364971160889,0.8681621551513672,1.8449187278747559,1.000190019607544,0.8349639773368835,6.409064769744873,signal-watch
ca_gat_mappo__small__seed-42__cfg-6f2181b8e38c__git-e469ac5d152b,ca_gat_mappo,small,42,e469ac5d152b50c21427eecb0c098f60c618f9f3,6f2181b8e38c9454f0e5c0e44c3d52a8d1e1e11d7c4abe30331f6c5c8ef4e824,ppo_epoch,292,18688,,,,,,,,,,,,,,,72,3,72,73,0.0003,0.0003,0.2,1.8284833431243896,PPO clipped-surrogate actor + half-MSE critic,-0.8078343868255615,5.290019989013672,0.8692299127578735,1.8284833431243896,1.0007476806640625,0.903171956539154,6.683083534240723,signal-watch
ca_gat_mappo__small__seed-42__cfg-6f2181b8e38c__git-e469ac5d152b,ca_gat_mappo,small,42,e469ac5d152b50c21427eecb0c098f60c618f9f3,6f2181b8e38c9454f0e5c0e44c3d52a8d1e1e11d7c4abe30331f6c5c8ef4e824,ppo_epoch,293,18944,,,,,,,,,,,,,,,73,0,73,74,0.0003,0.0003,0.2,2.212022542953491,PPO clipped-surrogate actor + half-MSE critic,1.3825279474258423,1.6811599731445312,1.108527421951294,2.212022542953491,1.0,0.7414754629135132,10.574981689453125,signal-watch
ca_gat_mappo__small__seed-42__cfg-6f2181b8e38c__git-e469ac5d152b,ca_gat_mappo,small,42,e469ac5d152b50c21427eecb0c098f60c618f9f3,6f2181b8e38c9454f0e5c0e44c3d52a8d1e1e11d7c4abe30331f6c5c8ef4e824,ppo_epoch,294,18944,,,,,,,,,,,,,,,73,1,73,74,0.0003,0.0003,0.2,2.1611456871032715,PPO clipped-surrogate actor + half-MSE critic,1.380871057510376,1.58266019821167,1.1055546998977661,2.1611456871032715,0.9992640018463135,1.3038240671157837,9.798391342163086,signal-watch
ca_gat_mappo__small__seed-42__cfg-6f2181b8e38c__git-e469ac5d152b,ca_gat_mappo,small,42,e469ac5d152b50c21427eecb0c098f60c618f9f3,6f2181b8e38c9454f0e5c0e44c3d52a8d1e1e11d7c4abe30331f6c5c8ef4e824,ppo_epoch,295,18944,,,,,,,,,,,,,,,73,2,73,74,0.0003,0.0003,0.2,2.1051642894744873,PPO clipped-surrogate actor + half-MSE critic,1.3786234855651855,1.4751355648040771,1.1027008295059204,2.1051642894744873,0.9984170794487,0.5961079597473145,8.940557479858398,signal-watch
ca_gat_mappo__small__seed-42__cfg-6f2181b8e38c__git-e469ac5d152b,ca_gat_mappo,small,42,e469ac5d152b50c21427eecb0c098f60c618f9f3,6f2181b8e38c9454f0e5c0e44c3d52a8d1e1e11d7c4abe30331f6c5c8ef4e824,ppo_epoch,296,18944,,,,,,,,,,,,,,,73,3,73,74,0.0003,0.0003,0.2,2.0496466159820557,PPO clipped-surrogate actor + half-MSE critic,1.3752955198287964,1.3706589937210083,1.0978509187698364,2.0496466159820557,0.9970493912696838,0.49950042366981506,8.087306022644043,signal-watch
ca_gat_mappo__small__seed-42__cfg-6f2181b8e38c__git-e469ac5d152b,ca_gat_mappo,small,42,e469ac5d152b50c21427eecb0c098f60c618f9f3,6f2181b8e38c9454f0e5c0e44c3d52a8d1e1e11d7c4abe30331f6c5c8ef4e824,ppo_epoch,297,19200,,,,,,,,,,,,,,,74,0,74,75,0.0003,0.0003,0.2,2.520965576171875,PPO clipped-surrogate actor + half-MSE critic,-0.022370420396327972,5.107163906097412,1.0246027708053589,2.520965576171875,1.0,1.157763957977295,3.2447433471679688,signal-watch
ca_gat_mappo__small__seed-42__cfg-6f2181b8e38c__git-e469ac5d152b,ca_gat_mappo,small,42,e469ac5d152b50c21427eecb0c098f60c618f9f3,6f2181b8e38c9454f0e5c0e44c3d52a8d1e1e11d7c4abe30331f6c5c8ef4e824,ppo_epoch,298,19200,,,,,,,,,,,,,,,74,1,74,75,0.0003,0.0003,0.2,2.5163276195526123,PPO clipped-surrogate actor + half-MSE critic,-0.028644979000091553,5.110442161560059,1.0248417854309082,2.5163276195526123,1.0004487037658691,3.308170795440674,3.0154547691345215,signal-watch
ca_gat_mappo__small__seed-42__cfg-6f2181b8e38c__git-e469ac5d152b,ca_gat_mappo,small,42,e469ac5d152b50c21427eecb0c098f60c618f9f3,6f2181b8e38c9454f0e5c0e44c3d52a8d1e1e11d7c4abe30331f6c5c8ef4e824,ppo_epoch,299,19200,,,,,,,,,,,,,,,74,2,74,75,0.0003,0.0003,0.2,2.4886739253997803,PPO clipped-surrogate actor + half-MSE critic,-0.04032868891954422,5.078517436981201,1.0255955457687378,2.4886739253997803,1.0002288818359375,1.0109922885894775,2.856001138687134,signal-watch
ca_gat_mappo__small__seed-42__cfg-6f2181b8e38c__git-e469ac5d152b,ca_gat_mappo,small,42,e469ac5d152b50c21427eecb0c098f60c618f9f3,6f2181b8e38c9454f0e5c0e44c3d52a8d1e1e11d7c4abe30331f6c5c8ef4e824,ppo_epoch,300,19200,,,,,,,,,,,,,,,74,3,74,75,0.0003,0.0003,0.2,2.4524025917053223,PPO clipped-surrogate actor + half-MSE critic,-0.049881115555763245,5.025087356567383,1.0259822607040405,2.4524025917053223,0.9997612237930298,1.0531845092773438,2.7921719551086426,signal-watch
ca_gat_mappo__small__seed-42__cfg-6f2181b8e38c__git-e469ac5d152b,ca_gat_mappo,small,42,e469ac5d152b50c21427eecb0c098f60c618f9f3,6f2181b8e38c9454f0e5c0e44c3d52a8d1e1e11d7c4abe30331f6c5c8ef4e824,ppo_epoch,301,19456,,,,,,,,,,,,,,,75,0,75,76,0.0003,0.0003,0.2,2.151747941970825,PPO clipped-surrogate actor + half-MSE critic,1.3162063360214233,1.6907885074615479,0.9852727651596069,2.151747941970825,1.0,1.6409306526184082,8.796300888061523,signal-watch
ca_gat_mappo__small__seed-42__cfg-6f2181b8e38c__git-e469ac5d152b,ca_gat_mappo,small,42,e469ac5d152b50c21427eecb0c098f60c618f9f3,6f2181b8e38c9454f0e5c0e44c3d52a8d1e1e11d7c4abe30331f6c5c8ef4e824,ppo_epoch,302,19456,,,,,,,,,,,,,,,75,1,75,76,0.0003,0.0003,0.2,2.137258529663086,PPO clipped-surrogate actor + half-MSE critic,1.3132638931274414,1.6677494049072266,0.9879958629608154,2.137258529663086,0.9986780881881714,0.7469146251678467,8.67599868774414,signal-watch
ca_gat_mappo__small__seed-42__cfg-6f2181b8e38c__git-e469ac5d152b,ca_gat_mappo,small,42,e469ac5d152b50c21427eecb0c098f60c618f9f3,6f2181b8e38c9454f0e5c0e44c3d52a8d1e1e11d7c4abe30331f6c5c8ef4e824,ppo_epoch,303,19456,,,,,,,,,,,,,,,75,2,75,76,0.0003,0.0003,0.2,2.1173765659332275,PPO clipped-surrogate actor + half-MSE critic,1.3107632398605347,1.6331403255462646,0.995676577091217,2.1173765659332275,0.9978020787239075,18.04242515563965,8.488028526306152,signal-watch
ca_gat_mappo__small__seed-42__cfg-6f2181b8e38c__git-e469ac5d152b,ca_gat_mappo,small,42,e469ac5d152b50c21427eecb0c098f60c618f9f3,6f2181b8e38c9454f0e5c0e44c3d52a8d1e1e11d7c4abe30331f6c5c8ef4e824,ppo_epoch,304,19456,,,,,,,,,,,,,,,75,3,75,76,0.0003,0.0003,0.2,2.0923213958740234,PPO clipped-surrogate actor + half-MSE critic,1.307653546333313,1.5893902778625488,1.0027474164962769,2.0923213958740234,0.9959930777549744,2.08756422996521,8.243414878845215,signal-watch
ca_gat_mappo__small__seed-42__cfg-6f2181b8e38c__git-e469ac5d152b,ca_gat_mappo,small,42,e469ac5d152b50c21427eecb0c098f60c618f9f3,6f2181b8e38c9454f0e5c0e44c3d52a8d1e1e11d7c4abe30331f6c5c8ef4e824,ppo_epoch,305,19712,,,,,,,,,,,,,,,76,0,76,77,0.0003,0.0003,0.2,3.671196222305298,PPO clipped-surrogate actor + half-MSE critic,0.8457311987876892,5.670411586761475,0.9740784168243408,3.671196222305298,1.0,1.0734045505523682,7.185335636138916,signal-watch
ca_gat_mappo__small__seed-42__cfg-6f2181b8e38c__git-e469ac5d152b,ca_gat_mappo,small,42,e469ac5d152b50c21427eecb0c098f60c618f9f3,6f2181b8e38c9454f0e5c0e44c3d52a8d1e1e11d7c4abe30331f6c5c8ef4e824,ppo_epoch,306,19712,,,,,,,,,,,,,,,76,1,76,77,0.0003,0.0003,0.2,3.632124662399292,PPO clipped-surrogate actor + half-MSE critic,0.8424161672592163,5.598989009857178,0.9785799980163574,3.632124662399292,0.999293863773346,3.3174173831939697,6.689797401428223,signal-watch
ca_gat_mappo__small__seed-42__cfg-6f2181b8e38c__git-e469ac5d152b,ca_gat_mappo,small,42,e469ac5d152b50c21427eecb0c098f60c618f9f3,6f2181b8e38c9454f0e5c0e44c3d52a8d1e1e11d7c4abe30331f6c5c8ef4e824,ppo_epoch,307,19712,,,,,,,,,,,,,,,76,2,76,77,0.0003,0.0003,0.2,3.5752112865448,PPO clipped-surrogate actor + half-MSE critic,0.8367975950241089,5.496500015258789,0.9836451411247253,3.5752112865448,0.998338520526886,1.1749526262283325,6.0082926750183105,signal-watch
ca_gat_mappo__small__seed-42__cfg-6f2181b8e38c__git-e469ac5d152b,ca_gat_mappo,small,42,e469ac5d152b50c21427eecb0c098f60c618f9f3,6f2181b8e38c9454f0e5c0e44c3d52a8d1e1e11d7c4abe30331f6c5c8ef4e824,ppo_epoch,308,19712,,,,,,,,,,,,,,,76,3,76,77,0.0003,0.0003,0.2,3.508186101913452,PPO clipped-surrogate actor + half-MSE critic,0.8266146183013916,5.382928848266602,0.9892998337745667,3.508186101913452,0.9968539476394653,2.235679864883423,5.2437849044799805,signal-watch
ca_gat_mappo__small__seed-42__cfg-6f2181b8e38c__git-e469ac5d152b,ca_gat_mappo,small,42,e469ac5d152b50c21427eecb0c098f60c618f9f3,6f2181b8e38c9454f0e5c0e44c3d52a8d1e1e11d7c4abe30331f6c5c8ef4e824,ppo_epoch,309,19968,,,,,,,,,,,,,,,77,0,77,78,0.0003,0.0003,0.2,5.30792236328125,PPO clipped-surrogate actor + half-MSE critic,2.806009292602539,5.028934478759766,1.2554357051849365,5.30792236328125,1.0,3.073133945465088,19.566343307495117,signal-watch
ca_gat_mappo__small__seed-42__cfg-6f2181b8e38c__git-e469ac5d152b,ca_gat_mappo,small,42,e469ac5d152b50c21427eecb0c098f60c618f9f3,6f2181b8e38c9454f0e5c0e44c3d52a8d1e1e11d7c4abe30331f6c5c8ef4e824,ppo_epoch,310,19968,,,,,,,,,,,,,,,77,1,77,78,0.0003,0.0003,0.2,5.189767837524414,PPO clipped-surrogate actor + half-MSE critic,2.8029026985168457,4.798908710479736,1.2589290142059326,5.189767837524414,0.9992887377738953,2.2960944175720215,18.818403244018555,signal-watch
ca_gat_mappo__small__seed-42__cfg-6f2181b8e38c__git-e469ac5d152b,ca_gat_mappo,small,42,e469ac5d152b50c21427eecb0c098f60c618f9f3,6f2181b8e38c9454f0e5c0e44c3d52a8d1e1e11d7c4abe30331f6c5c8ef4e824,ppo_epoch,311,19968,,,,,,,,,,,,,,,77,2,77,78,0.0003,0.0003,0.2,5.064054012298584,PPO clipped-surrogate actor + half-MSE critic,2.7959492206573486,4.561447620391846,1.261925220489502,5.064054012298584,0.9975376725196838,1.6001825332641602,18.033641815185547,signal-watch
ca_gat_mappo__small__seed-42__cfg-6f2181b8e38c__git-e469ac5d152b,ca_gat_mappo,small,42,e469ac5d152b50c21427eecb0c098f60c618f9f3,6f2181b8e38c9454f0e5c0e44c3d52a8d1e1e11d7c4abe30331f6c5c8ef4e824,ppo_epoch,312,19968,,,,,,,,,,,,,,,77,3,77,78,0.0003,0.0003,0.2,4.9348464012146,PPO clipped-surrogate actor + half-MSE critic,2.782578706741333,4.329834938049316,1.264983892440796,4.9348464012146,0.9934418201446533,6.776233196258545,17.26087760925293,signal-watch
ca_gat_mappo__small__seed-42__cfg-6f2181b8e38c__git-e469ac5d152b,ca_gat_mappo,small,42,e469ac5d152b50c21427eecb0c098f60c618f9f3,6f2181b8e38c9454f0e5c0e44c3d52a8d1e1e11d7c4abe30331f6c5c8ef4e824,ppo_epoch,313,20224,,,,,,,,,,,,,,,78,0,78,79,0.0003,0.0003,0.2,3.8547515869140625,PPO clipped-surrogate actor + half-MSE critic,1.1607792377471924,5.41048526763916,1.127035140991211,3.8547515869140625,1.0,1.3502670526504517,10.758585929870605,signal-watch
ca_gat_mappo__small__seed-42__cfg-6f2181b8e38c__git-e469ac5d152b,ca_gat_mappo,small,42,e469ac5d152b50c21427eecb0c098f60c618f9f3,6f2181b8e38c9454f0e5c0e44c3d52a8d1e1e11d7c4abe30331f6c5c8ef4e824,ppo_epoch,314,20224,,,,,,,,,,,,,,,78,1,78,79,0.0003,0.0003,0.2,3.7594833374023438,PPO clipped-surrogate actor + half-MSE critic,1.1553696393966675,5.230751037597656,1.1262047290802002,3.7594833374023438,0.9989099502563477,1.8528252840042114,9.472413063049316,signal-watch
ca_gat_mappo__small__seed-42__cfg-6f2181b8e38c__git-e469ac5d152b,ca_gat_mappo,small,42,e469ac5d152b50c21427eecb0c098f60c618f9f3,6f2181b8e38c9454f0e5c0e44c3d52a8d1e1e11d7c4abe30331f6c5c8ef4e824,ppo_epoch,315,20224,,,,,,,,,,,,,,,78,2,78,79,0.0003,0.0003,0.2,3.6447174549102783,PPO clipped-surrogate actor + half-MSE critic,1.1467721462249756,5.018365383148193,1.1237465143203735,3.6447174549102783,0.9971246123313904,0.980301558971405,7.926959991455078,signal-watch
ca_gat_mappo__small__seed-42__cfg-6f2181b8e38c__git-e469ac5d152b,ca_gat_mappo,small,42,e469ac5d152b50c21427eecb0c098f60c618f9f3,6f2181b8e38c9454f0e5c0e44c3d52a8d1e1e11d7c4abe30331f6c5c8ef4e824,ppo_epoch,316,20224,,,,,,,,,,,,,,,78,3,78,79,0.0003,0.0003,0.2,3.531726837158203,PPO clipped-surrogate actor + half-MSE critic,1.1342427730560303,4.817329406738281,1.1180564165115356,3.531726837158203,0.9947885274887085,1.5521475076675415,6.394390106201172,signal-watch
ca_gat_mappo__small__seed-42__cfg-6f2181b8e38c__git-e469ac5d152b,ca_gat_mappo,small,42,e469ac5d152b50c21427eecb0c098f60c618f9f3,6f2181b8e38c9454f0e5c0e44c3d52a8d1e1e11d7c4abe30331f6c5c8ef4e824,ppo_epoch,317,20480,,,,,,,,,,,,,,,79,0,79,80,0.0003,0.0003,0.2,1.5374531745910645,PPO clipped-surrogate actor + half-MSE critic,0.9846577048301697,1.1255648136138916,0.9986926317214966,1.5374531745910645,1.0,0.501961886882782,6.7216105461120605,signal-watch
ca_gat_mappo__small__seed-42__cfg-6f2181b8e38c__git-e469ac5d152b,ca_gat_mappo,small,42,e469ac5d152b50c21427eecb0c098f60c618f9f3,6f2181b8e38c9454f0e5c0e44c3d52a8d1e1e11d7c4abe30331f6c5c8ef4e824,ppo_epoch,318,20480,,,,,,,,,,,,,,,79,1,79,80,0.0003,0.0003,0.2,1.4861760139465332,PPO clipped-surrogate actor + half-MSE critic,0.9808372855186462,1.030440092086792,0.9881303310394287,1.4861760139465332,0.9973163604736328,2.8706843852996826,5.956156253814697,signal-watch
ca_gat_mappo__small__seed-42__cfg-6f2181b8e38c__git-e469ac5d152b,ca_gat_mappo,small,42,e469ac5d152b50c21427eecb0c098f60c618f9f3,6f2181b8e38c9454f0e5c0e44c3d52a8d1e1e11d7c4abe30331f6c5c8ef4e824,ppo_epoch,319,20480,,,,,,,,,,,,,,,79,2,79,80,0.0003,0.0003,0.2,1.447224736213684,PPO clipped-surrogate actor + half-MSE critic,0.9772316813468933,0.959551990032196,0.9782931804656982,1.447224736213684,0.9946924448013306,0.4354460835456848,5.358531951904297,signal-watch
ca_gat_mappo__small__seed-42__cfg-6f2181b8e38c__git-e469ac5d152b,ca_gat_mappo,small,42,e469ac5d152b50c21427eecb0c098f60c618f9f3,6f2181b8e38c9454f0e5c0e44c3d52a8d1e1e11d7c4abe30331f6c5c8ef4e824,ppo_epoch,320,20480,,,,,,,,,,,,,,,79,3,79,80,0.0003,0.0003,0.2,1.417111873626709,PPO clipped-surrogate actor + half-MSE critic,0.973615288734436,0.906343936920166,0.9675323963165283,1.417111873626709,0.9911059141159058,0.42319828271865845,4.89414119720459,signal-watch
ca_gat_mappo__small__seed-42__cfg-6f2181b8e38c__git-e469ac5d152b,ca_gat_mappo,small,42,e469ac5d152b50c21427eecb0c098f60c618f9f3,6f2181b8e38c9454f0e5c0e44c3d52a8d1e1e11d7c4abe30331f6c5c8ef4e824,ppo_epoch,321,20736,,,,,,,,,,,,,,,80,0,80,81,0.0003,0.0003,0.2,1.499761939048767,PPO clipped-surrogate actor + half-MSE critic,-0.7046535015106201,4.426941871643066,0.9055445790290833,1.499761939048767,1.0,0.8984190821647644,5.763313293457031,signal-watch
ca_gat_mappo__small__seed-42__cfg-6f2181b8e38c__git-e469ac5d152b,ca_gat_mappo,small,42,e469ac5d152b50c21427eecb0c098f60c618f9f3,6f2181b8e38c9454f0e5c0e44c3d52a8d1e1e11d7c4abe30331f6c5c8ef4e824,ppo_epoch,322,20736,,,,,,,,,,,,,,,80,1,80,81,0.0003,0.0003,0.2,1.4872292280197144,PPO clipped-surrogate actor + half-MSE critic,-0.7148153185844421,4.422163009643555,0.9036920070648193,1.4872292280197144,1.0012781620025635,0.930569052696228,5.8695478439331055,signal-watch
ca_gat_mappo__small__seed-42__cfg-6f2181b8e38c__git-e469ac5d152b,ca_gat_mappo,small,42,e469ac5d152b50c21427eecb0c098f60c618f9f3,6f2181b8e38c9454f0e5c0e44c3d52a8d1e1e11d7c4abe30331f6c5c8ef4e824,ppo_epoch,323,20736,,,,,,,,,,,,,,,80,2,80,81,0.0003,0.0003,0.2,1.462523102760315,PPO clipped-surrogate actor + half-MSE critic,-0.7229697108268738,4.389033317565918,0.90238356590271,1.462523102760315,1.0028908252716064,0.8281136155128479,6.033610820770264,signal-watch
ca_gat_mappo__small__seed-42__cfg-6f2181b8e38c__git-e469ac5d152b,ca_gat_mappo,small,42,e469ac5d152b50c21427eecb0c098f60c618f9f3,6f2181b8e38c9454f0e5c0e44c3d52a8d1e1e11d7c4abe30331f6c5c8ef4e824,ppo_epoch,324,20736,,,,,,,,,,,,,,,80,3,80,81,0.0003,0.0003,0.2,1.4297456741333008,PPO clipped-surrogate actor + half-MSE critic,-0.7298965454101562,4.337330341339111,0.9022958874702454,1.4297456741333008,1.0041099786758423,1.3186914920806885,6.2519965171813965,signal-watch
ca_gat_mappo__small__seed-42__cfg-6f2181b8e38c__git-e469ac5d152b,ca_gat_mappo,small,42,e469ac5d152b50c21427eecb0c098f60c618f9f3,6f2181b8e38c9454f0e5c0e44c3d52a8d1e1e11d7c4abe30331f6c5c8ef4e824,ppo_epoch,325,20992,,,,,,,,,,,,,,,81,0,81,82,0.0003,0.0003,0.2,0.724787712097168,PPO clipped-surrogate actor + half-MSE critic,0.324283242225647,0.8206078410148621,0.9799500703811646,0.724787712097168,1.0,0.4350738525390625,2.324552536010742,signal-watch
ca_gat_mappo__small__seed-42__cfg-6f2181b8e38c__git-e469ac5d152b,ca_gat_mappo,small,42,e469ac5d152b50c21427eecb0c098f60c618f9f3,6f2181b8e38c9454f0e5c0e44c3d52a8d1e1e11d7c4abe30331f6c5c8ef4e824,ppo_epoch,326,20992,,,,,,,,,,,,,,,81,1,81,82,0.0003,0.0003,0.2,0.7142390012741089,PPO clipped-surrogate actor + half-MSE critic,0.32192564010620117,0.8042333722114563,0.980329155921936,0.7142390012741089,0.9993779063224792,0.7668547630310059,2.0190927982330322,signal-watch
ca_gat_mappo__small__seed-42__cfg-6f2181b8e38c__git-e469ac5d152b,ca_gat_mappo,small,42,e469ac5d152b50c21427eecb0c098f60c618f9f3,6f2181b8e38c9454f0e5c0e44c3d52a8d1e1e11d7c4abe30331f6c5c8ef4e824,ppo_epoch,327,20992,,,,,,,,,,,,,,,81,2,81,82,0.0003,0.0003,0.2,0.7024851441383362,PPO clipped-surrogate actor + half-MSE critic,0.31893908977508545,0.7867448329925537,0.9826343059539795,0.7024851441383362,1.000309944152832,0.4252625107765198,1.6656266450881958,signal-watch
ca_gat_mappo__small__seed-42__cfg-6f2181b8e38c__git-e469ac5d152b,ca_gat_mappo,small,42,e469ac5d152b50c21427eecb0c098f60c618f9f3,6f2181b8e38c9454f0e5c0e44c3d52a8d1e1e11d7c4abe30331f6c5c8ef4e824,ppo_epoch,328,20992,,,,,,,,,,,,,,,81,3,81,82,0.0003,0.0003,0.2,0.6911709308624268,PPO clipped-surrogate actor + half-MSE critic,0.31561434268951416,0.7708269357681274,0.9856865406036377,0.6911709308624268,1.0000183582305908,0.3450171649456024,1.3090126514434814,signal-watch
ca_gat_mappo__small__seed-42__cfg-6f2181b8e38c__git-e469ac5d152b,ca_gat_mappo,small,42,e469ac5d152b50c21427eecb0c098f60c618f9f3,6f2181b8e38c9454f0e5c0e44c3d52a8d1e1e11d7c4abe30331f6c5c8ef4e824,ppo_epoch,329,21248,,,,,,,,,,,,,,,82,0,82,83,0.0003,0.0003,0.2,0.8300446271896362,PPO clipped-surrogate actor + half-MSE critic,-0.9258980751037598,3.532942771911621,1.052866816520691,0.8300446271896362,1.0,0.6862035393714905,7.808525562286377,signal-watch
ca_gat_mappo__small__seed-42__cfg-6f2181b8e38c__git-e469ac5d152b,ca_gat_mappo,small,42,e469ac5d152b50c21427eecb0c098f60c618f9f3,6f2181b8e38c9454f0e5c0e44c3d52a8d1e1e11d7c4abe30331f6c5c8ef4e824,ppo_epoch,330,21248,,,,,,,,,,,,,,,82,1,82,83,0.0003,0.0003,0.2,0.7904475331306458,PPO clipped-surrogate actor + half-MSE critic,-0.9357942342758179,3.4738240242004395,1.0670236349105835,0.7904475331306458,1.001886010169983,0.7035265564918518,6.222071170806885,signal-watch
ca_gat_mappo__small__seed-42__cfg-6f2181b8e38c__git-e469ac5d152b,ca_gat_mappo,small,42,e469ac5d152b50c21427eecb0c098f60c618f9f3,6f2181b8e38c9454f0e5c0e44c3d52a8d1e1e11d7c4abe30331f6c5c8ef4e824,ppo_epoch,331,21248,,,,,,,,,,,,,,,82,2,82,83,0.0003,0.0003,0.2,0.7590268850326538,PPO clipped-surrogate actor + half-MSE critic,-0.9392317533493042,3.4182651042938232,1.0873936414718628,0.7590268850326538,1.0045034885406494,0.8169496655464172,4.058581352233887,signal-watch
ca_gat_mappo__small__seed-42__cfg-6f2181b8e38c__git-e469ac5d152b,ca_gat_mappo,small,42,e469ac5d152b50c21427eecb0c098f60c618f9f3,6f2181b8e38c9454f0e5c0e44c3d52a8d1e1e11d7c4abe30331f6c5c8ef4e824,ppo_epoch,332,21248,,,,,,,,,,,,,,,82,3,82,83,0.0003,0.0003,0.2,0.7527669668197632,PPO clipped-surrogate actor + half-MSE critic,-0.937347412109375,3.4022066593170166,1.0988930463790894,0.7527669668197632,1.0069866180419922,0.9204975366592407,2.598076820373535,signal-watch
ca_gat_mappo__small__seed-42__cfg-6f2181b8e38c__git-e469ac5d152b,ca_gat_mappo,small,42,e469ac5d152b50c21427eecb0c098f60c618f9f3,6f2181b8e38c9454f0e5c0e44c3d52a8d1e1e11d7c4abe30331f6c5c8ef4e824,ppo_epoch,333,21504,,,,,,,,,,,,,,,83,0,83,84,0.0003,0.0003,0.2,1.0601600408554077,PPO clipped-surrogate actor + half-MSE critic,-0.26684409379959106,2.6711361408233643,0.8563921451568604,1.0601600408554077,1.0,0.4927769601345062,3.520928382873535,signal-watch
ca_gat_mappo__small__seed-42__cfg-6f2181b8e38c__git-e469ac5d152b,ca_gat_mappo,small,42,e469ac5d152b50c21427eecb0c098f60c618f9f3,6f2181b8e38c9454f0e5c0e44c3d52a8d1e1e11d7c4abe30331f6c5c8ef4e824,ppo_epoch,334,21504,,,,,,,,,,,,,,,83,1,83,84,0.0003,0.0003,0.2,1.0415996313095093,PPO clipped-surrogate actor + half-MSE critic,-0.2675660252571106,2.6354737281799316,0.8571212291717529,1.0415996313095093,0.9998572468757629,0.5000706911087036,0.1239374428987503,signal-watch
ca_gat_mappo__small__seed-42__cfg-6f2181b8e38c__git-e469ac5d152b,ca_gat_mappo,small,42,e469ac5d152b50c21427eecb0c098f60c618f9f3,6f2181b8e38c9454f0e5c0e44c3d52a8d1e1e11d7c4abe30331f6c5c8ef4e824,ppo_epoch,335,21504,,,,,,,,,,,,,,,83,2,83,84,0.0003,0.0003,0.2,1.0523227453231812,PPO clipped-surrogate actor + half-MSE critic,-0.2706296145915985,2.663029670715332,0.8562405705451965,1.0523227453231812,0.9995236396789551,0.5065228939056396,3.256477117538452,signal-watch
ca_gat_mappo__small__seed-42__cfg-6f2181b8e38c__git-e469ac5d152b,ca_gat_mappo,small,42,e469ac5d152b50c21427eecb0c098f60c618f9f3,6f2181b8e38c9454f0e5c0e44c3d52a8d1e1e11d7c4abe30331f6c5c8ef4e824,ppo_epoch,336,21504,,,,,,,,,,,,,,,83,3,83,84,0.0003,0.0003,0.2,1.06063973903656,PPO clipped-surrogate actor + half-MSE critic,-0.27575141191482544,2.689866542816162,0.8542162775993347,1.06063973903656,0.9990289211273193,0.5119234919548035,4.586493968963623,signal-watch
ca_gat_mappo__small__seed-42__cfg-6f2181b8e38c__git-e469ac5d152b,ca_gat_mappo,small,42,e469ac5d152b50c21427eecb0c098f60c618f9f3,6f2181b8e38c9454f0e5c0e44c3d52a8d1e1e11d7c4abe30331f6c5c8ef4e824,ppo_epoch,337,21760,,,,,,,,,,,,,,,84,0,84,85,0.0003,0.0003,0.2,2.125880002975464,PPO clipped-surrogate actor + half-MSE critic,0.8883827924728394,2.4982357025146484,1.1620709896087646,2.125880002975464,1.0,3.513814687728882,6.585300445556641,signal-watch
ca_gat_mappo__small__seed-42__cfg-6f2181b8e38c__git-e469ac5d152b,ca_gat_mappo,small,42,e469ac5d152b50c21427eecb0c098f60c618f9f3,6f2181b8e38c9454f0e5c0e44c3d52a8d1e1e11d7c4abe30331f6c5c8ef4e824,ppo_epoch,338,21760,,,,,,,,,,,,,,,84,1,84,85,0.0003,0.0003,0.2,2.1085429191589355,PPO clipped-surrogate actor + half-MSE critic,0.8881640434265137,2.464136838912964,1.168954849243164,2.1085429191589355,0.9989380836486816,1.4447228908538818,6.3506622314453125,signal-watch
ca_gat_mappo__small__seed-42__cfg-6f2181b8e38c__git-e469ac5d152b,ca_gat_mappo,small,42,e469ac5d152b50c21427eecb0c098f60c618f9f3,6f2181b8e38c9454f0e5c0e44c3d52a8d1e1e11d7c4abe30331f6c5c8ef4e824,ppo_epoch,339,21760,,,,,,,,,,,,,,,84,2,84,85,0.0003,0.0003,0.2,2.0774452686309814,PPO clipped-surrogate actor + half-MSE critic,0.8852066993713379,2.407921314239502,1.1722006797790527,2.0774452686309814,0.9979311227798462,0.8280736207962036,5.950328350067139,signal-watch
ca_gat_mappo__small__seed-42__cfg-6f2181b8e38c__git-e469ac5d152b,ca_gat_mappo,small,42,e469ac5d152b50c21427eecb0c098f60c618f9f3,6f2181b8e38c9454f0e5c0e44c3d52a8d1e1e11d7c4abe30331f6c5c8ef4e824,ppo_epoch,340,21760,,,,,,,,,,,,,,,84,3,84,85,0.0003,0.0003,0.2,2.0376269817352295,PPO clipped-surrogate actor + half-MSE critic,0.8793331384658813,2.3401989936828613,1.1805689334869385,2.0376269817352295,0.9961014986038208,6.559174537658691,5.449747085571289,signal-watch
ca_gat_mappo__small__seed-42__cfg-6f2181b8e38c__git-e469ac5d152b,ca_gat_mappo,small,42,e469ac5d152b50c21427eecb0c098f60c618f9f3,6f2181b8e38c9454f0e5c0e44c3d52a8d1e1e11d7c4abe30331f6c5c8ef4e824,ppo_epoch,341,22016,,,,,,,,,,,,,,,85,0,85,86,0.0003,0.0003,0.2,1.7262934446334839,PPO clipped-surrogate actor + half-MSE critic,-0.7258539199829102,4.92134428024292,0.8524764180183411,1.7262934446334839,1.0,3.1499011516571045,5.353829383850098,signal-watch
ca_gat_mappo__small__seed-42__cfg-6f2181b8e38c__git-e469ac5d152b,ca_gat_mappo,small,42,e469ac5d152b50c21427eecb0c098f60c618f9f3,6f2181b8e38c9454f0e5c0e44c3d52a8d1e1e11d7c4abe30331f6c5c8ef4e824,ppo_epoch,342,22016,,,,,,,,,,,,,,,85,1,85,86,0.0003,0.0003,0.2,1.7290469408035278,PPO clipped-surrogate actor + half-MSE critic,-0.7294847965240479,4.934141159057617,0.8538901209831238,1.7290469408035278,1.0003883838653564,1.297043800354004,5.501114845275879,signal-watch
ca_gat_mappo__small__seed-42__cfg-6f2181b8e38c__git-e469ac5d152b,ca_gat_mappo,small,42,e469ac5d152b50c21427eecb0c098f60c618f9f3,6f2181b8e38c9454f0e5c0e44c3d52a8d1e1e11d7c4abe30331f6c5c8ef4e824,ppo_epoch,343,22016,,,,,,,,,,,,,,,85,2,85,86,0.0003,0.0003,0.2,1.7190988063812256,PPO clipped-surrogate actor + half-MSE critic,-0.7393292188644409,4.933901786804199,0.852286696434021,1.7190988063812256,1.0007338523864746,1.762503981590271,5.5625224113464355,signal-watch
ca_gat_mappo__small__seed-42__cfg-6f2181b8e38c__git-e469ac5d152b,ca_gat_mappo,small,42,e469ac5d152b50c21427eecb0c098f60c618f9f3,6f2181b8e38c9454f0e5c0e44c3d52a8d1e1e11d7c4abe30331f6c5c8ef4e824,ppo_epoch,344,22016,,,,,,,,,,,,,,,85,3,85,86,0.0003,0.0003,0.2,1.7010633945465088,PPO clipped-surrogate actor + half-MSE critic,-0.751550555229187,4.922214984893799,0.8493541479110718,1.7010633945465088,1.00040602684021,1.3126671314239502,5.549460411071777,signal-watch
ca_gat_mappo__small__seed-42__cfg-6f2181b8e38c__git-e469ac5d152b,ca_gat_mappo,small,42,e469ac5d152b50c21427eecb0c098f60c618f9f3,6f2181b8e38c9454f0e5c0e44c3d52a8d1e1e11d7c4abe30331f6c5c8ef4e824,ppo_epoch,345,22272,,,,,,,,,,,,,,,86,0,86,87,0.0003,0.0003,0.2,1.4369838237762451,PPO clipped-surrogate actor + half-MSE critic,0.8000497221946716,1.2946977615356445,1.0414820909500122,1.4369838237762451,1.0,7.133414268493652,9.65377140045166,signal-watch
ca_gat_mappo__small__seed-42__cfg-6f2181b8e38c__git-e469ac5d152b,ca_gat_mappo,small,42,e469ac5d152b50c21427eecb0c098f60c618f9f3,6f2181b8e38c9454f0e5c0e44c3d52a8d1e1e11d7c4abe30331f6c5c8ef4e824,ppo_epoch,346,22272,,,,,,,,,,,,,,,86,1,86,87,0.0003,0.0003,0.2,1.3956298828125,PPO clipped-surrogate actor + half-MSE critic,0.7992209196090698,1.2135719060897827,1.0376955270767212,1.3956298828125,1.0003751516342163,2.0232601165771484,8.566197395324707,signal-watch
ca_gat_mappo__small__seed-42__cfg-6f2181b8e38c__git-e469ac5d152b,ca_gat_mappo,small,42,e469ac5d152b50c21427eecb0c098f60c618f9f3,6f2181b8e38c9454f0e5c0e44c3d52a8d1e1e11d7c4abe30331f6c5c8ef4e824,ppo_epoch,347,22272,,,,,,,,,,,,,,,86,2,86,87,0.0003,0.0003,0.2,1.3366798162460327,PPO clipped-surrogate actor + half-MSE critic,0.7974628210067749,1.0991318225860596,1.034886360168457,1.3366798162460327,1.000572919845581,0.8094301819801331,6.8962931632995605,signal-watch
ca_gat_mappo__small__seed-42__cfg-6f2181b8e38c__git-e469ac5d152b,ca_gat_mappo,small,42,e469ac5d152b50c21427eecb0c098f60c618f9f3,6f2181b8e38c9454f0e5c0e44c3d52a8d1e1e11d7c4abe30331f6c5c8ef4e824,ppo_epoch,348,22272,,,,,,,,,,,,,,,86,3,86,87,0.0003,0.0003,0.2,1.276360273361206,PPO clipped-surrogate actor + half-MSE critic,0.7929388284683228,0.9874701499938965,1.0313570499420166,1.276360273361206,0.9987712502479553,0.8606165051460266,5.117983818054199,signal-watch
ca_gat_mappo__small__seed-42__cfg-6f2181b8e38c__git-e469ac5d152b,ca_gat_mappo,small,42,e469ac5d152b50c21427eecb0c098f60c618f9f3,6f2181b8e38c9454f0e5c0e44c3d52a8d1e1e11d7c4abe30331f6c5c8ef4e824,ppo_epoch,349,22528,,,,,,,,,,,,,,,87,0,87,88,0.0003,0.0003,0.2,4.82097864151001,PPO clipped-surrogate actor + half-MSE critic,0.876768946647644,7.90562629699707,0.8603577613830566,4.82097864151001,1.0,6.088657379150391,7.637742519378662,signal-watch
ca_gat_mappo__small__seed-42__cfg-6f2181b8e38c__git-e469ac5d152b,ca_gat_mappo,small,42,e469ac5d152b50c21427eecb0c098f60c618f9f3,6f2181b8e38c9454f0e5c0e44c3d52a8d1e1e11d7c4abe30331f6c5c8ef4e824,ppo_epoch,350,22528,,,,,,,,,,,,,,,87,1,87,88,0.0003,0.0003,0.2,4.769030570983887,PPO clipped-surrogate actor + half-MSE critic,0.8733683824539185,7.80859899520874,0.8637433052062988,4.769030570983887,0.9989091753959656,8.660807609558105,6.5941081047058105,signal-watch
ca_gat_mappo__small__seed-42__cfg-6f2181b8e38c__git-e469ac5d152b,ca_gat_mappo,small,42,e469ac5d152b50c21427eecb0c098f60c618f9f3,6f2181b8e38c9454f0e5c0e44c3d52a8d1e1e11d7c4abe30331f6c5c8ef4e824,ppo_epoch,351,22528,,,,,,,,,,,,,,,87,2,87,88,0.0003,0.0003,0.2,4.7145915031433105,PPO clipped-surrogate actor + half-MSE critic,0.8716565370559692,7.703100681304932,0.8615441918373108,4.7145915031433105,0.9983216524124146,30.942455291748047,5.590600967407227,signal-watch
ca_gat_mappo__small__seed-42__cfg-6f2181b8e38c__git-e469ac5d152b,ca_gat_mappo,small,42,e469ac5d152b50c21427eecb0c098f60c618f9f3,6f2181b8e38c9454f0e5c0e44c3d52a8d1e1e11d7c4abe30331f6c5c8ef4e824,ppo_epoch,352,22528,,,,,,,,,,,,,,,87,3,87,88,0.0003,0.0003,0.2,4.6633830070495605,PPO clipped-surrogate actor + half-MSE critic,0.8710866570472717,7.601776599884033,0.8592267632484436,4.6633830070495605,0.9985259175300598,3.8140201568603516,4.75769567489624,signal-watch
ca_gat_mappo__small__seed-42__cfg-6f2181b8e38c__git-e469ac5d152b,ca_gat_mappo,small,42,e469ac5d152b50c21427eecb0c098f60c618f9f3,6f2181b8e38c9454f0e5c0e44c3d52a8d1e1e11d7c4abe30331f6c5c8ef4e824,ppo_epoch,353,22784,,,,,,,,,,,,,,,88,0,88,89,0.0003,0.0003,0.2,-0.020374171435832977,PPO clipped-surrogate actor + half-MSE critic,-0.43902283906936646,0.8569791913032532,0.9840929508209229,-0.020374171435832977,1.0,0.59378582239151,5.671624183654785,signal-watch
ca_gat_mappo__small__seed-42__cfg-6f2181b8e38c__git-e469ac5d152b,ca_gat_mappo,small,42,e469ac5d152b50c21427eecb0c098f60c618f9f3,6f2181b8e38c9454f0e5c0e44c3d52a8d1e1e11d7c4abe30331f6c5c8ef4e824,ppo_epoch,354,22784,,,,,,,,,,,,,,,88,1,88,89,0.0003,0.0003,0.2,-0.054666973650455475,PPO clipped-surrogate actor + half-MSE critic,-0.4416984021663666,0.7936528325080872,0.9794986248016357,-0.054666973650455475,1.0004262924194336,0.5608328580856323,5.261704921722412,signal-watch
ca_gat_mappo__small__seed-42__cfg-6f2181b8e38c__git-e469ac5d152b,ca_gat_mappo,small,42,e469ac5d152b50c21427eecb0c098f60c618f9f3,6f2181b8e38c9454f0e5c0e44c3d52a8d1e1e11d7c4abe30331f6c5c8ef4e824,ppo_epoch,355,22784,,,,,,,,,,,,,,,88,2,88,89,0.0003,0.0003,0.2,-0.09856728464365005,PPO clipped-surrogate actor + half-MSE critic,-0.44734543561935425,0.7169870734214783,0.9715384244918823,-0.09856728464365005,1.001354694366455,3.325115919113159,4.358098983764648,signal-watch
ca_gat_mappo__small__seed-42__cfg-6f2181b8e38c__git-e469ac5d152b,ca_gat_mappo,small,42,e469ac5d152b50c21427eecb0c098f60c618f9f3,6f2181b8e38c9454f0e5c0e44c3d52a8d1e1e11d7c4abe30331f6c5c8ef4e824,ppo_epoch,356,22784,,,,,,,,,,,,,,,88,3,88,89,0.0003,0.0003,0.2,-0.1405254751443863,PPO clipped-surrogate actor + half-MSE critic,-0.45307424664497375,0.6443849802017212,0.9643716812133789,-0.1405254751443863,1.0025192499160767,0.5277498960494995,2.941831111907959,signal-watch
ca_gat_mappo__small__seed-42__cfg-6f2181b8e38c__git-e469ac5d152b,ca_gat_mappo,small,42,e469ac5d152b50c21427eecb0c098f60c618f9f3,6f2181b8e38c9454f0e5c0e44c3d52a8d1e1e11d7c4abe30331f6c5c8ef4e824,ppo_epoch,357,23040,,,,,,,,,,,,,,,89,0,89,90,0.0003,0.0003,0.2,4.253195285797119,PPO clipped-surrogate actor + half-MSE critic,1.1009526252746582,6.328426837921143,1.197112798690796,4.253195285797119,1.0,1.249478816986084,9.741537094116211,signal-watch
ca_gat_mappo__small__seed-42__cfg-6f2181b8e38c__git-e469ac5d152b,ca_gat_mappo,small,42,e469ac5d152b50c21427eecb0c098f60c618f9f3,6f2181b8e38c9454f0e5c0e44c3d52a8d1e1e11d7c4abe30331f6c5c8ef4e824,ppo_epoch,358,23040,,,,,,,,,,,,,,,89,1,89,90,0.0003,0.0003,0.2,4.222292423248291,PPO clipped-surrogate actor + half-MSE critic,1.0918331146240234,6.284573554992676,1.1827328205108643,4.222292423248291,0.9991054534912109,3.8705344200134277,9.445151329040527,signal-watch
ca_gat_mappo__small__seed-42__cfg-6f2181b8e38c__git-e469ac5d152b,ca_gat_mappo,small,42,e469ac5d152b50c21427eecb0c098f60c618f9f3,6f2181b8e38c9454f0e5c0e44c3d52a8d1e1e11d7c4abe30331f6c5c8ef4e824,ppo_epoch,359,23040,,,,,,,,,,,,,,,89,2,89,90,0.0003,0.0003,0.2,4.164670467376709,PPO clipped-surrogate actor + half-MSE critic,1.0817663669586182,6.189199924468994,1.1696069240570068,4.164670467376709,0.9978585243225098,11.187172889709473,8.773794174194336,signal-watch
ca_gat_mappo__small__seed-42__cfg-6f2181b8e38c__git-e469ac5d152b,ca_gat_mappo,small,42,e469ac5d152b50c21427eecb0c098f60c618f9f3,6f2181b8e38c9454f0e5c0e44c3d52a8d1e1e11d7c4abe30331f6c5c8ef4e824,ppo_epoch,360,23040,,,,,,,,,,,,,,,89,3,89,90,0.0003,0.0003,0.2,4.09692907333374,PPO clipped-surrogate actor + half-MSE critic,1.0743327140808105,6.068357467651367,1.158240556716919,4.09692907333374,0.9971038699150085,1.8133524656295776,7.918657302856445,signal-watch
ca_gat_mappo__small__seed-42__cfg-6f2181b8e38c__git-e469ac5d152b,ca_gat_mappo,small,42,e469ac5d152b50c21427eecb0c098f60c618f9f3,6f2181b8e38c9454f0e5c0e44c3d52a8d1e1e11d7c4abe30331f6c5c8ef4e824,ppo_epoch,361,23296,,,,,,,,,,,,,,,90,0,90,91,0.0003,0.0003,0.2,0.6604568958282471,PPO clipped-surrogate actor + half-MSE critic,0.3348553776741028,0.6655769348144531,0.7186951041221619,0.6604568958282471,0.9999999403953552,8.898463249206543,2.4976961612701416,signal-watch
ca_gat_mappo__small__seed-42__cfg-6f2181b8e38c__git-e469ac5d152b,ca_gat_mappo,small,42,e469ac5d152b50c21427eecb0c098f60c618f9f3,6f2181b8e38c9454f0e5c0e44c3d52a8d1e1e11d7c4abe30331f6c5c8ef4e824,ppo_epoch,362,23296,,,,,,,,,,,,,,,90,1,90,91,0.0003,0.0003,0.2,0.6534473896026611,PPO clipped-surrogate actor + half-MSE critic,0.33515459299087524,0.6508868932723999,0.7150624990463257,0.6534473896026611,1.000895380973816,1.7161802053451538,2.1603965759277344,signal-watch
ca_gat_mappo__small__seed-42__cfg-6f2181b8e38c__git-e469ac5d152b,ca_gat_mappo,small,42,e469ac5d152b50c21427eecb0c098f60c618f9f3,6f2181b8e38c9454f0e5c0e44c3d52a8d1e1e11d7c4abe30331f6c5c8ef4e824,ppo_epoch,363,23296,,,,,,,,,,,,,,,90,2,90,91,0.0003,0.0003,0.2,0.6435970664024353,PPO clipped-surrogate actor + half-MSE critic,0.3344525098800659,0.6325482130050659,0.7129570245742798,0.6435970664024353,1.0017372369766235,1.1379543542861938,1.6844927072525024,signal-watch
ca_gat_mappo__small__seed-42__cfg-6f2181b8e38c__git-e469ac5d152b,ca_gat_mappo,small,42,e469ac5d152b50c21427eecb0c098f60c618f9f3,6f2181b8e38c9454f0e5c0e44c3d52a8d1e1e11d7c4abe30331f6c5c8ef4e824,ppo_epoch,364,23296,,,,,,,,,,,,,,,90,3,90,91,0.0003,0.0003,0.2,0.633374810218811,PPO clipped-surrogate actor + half-MSE critic,0.33284762501716614,0.6152852177619934,0.7115399241447449,0.633374810218811,1.0014629364013672,0.4128864109516144,1.2032004594802856,signal-watch
ca_gat_mappo__small__seed-42__cfg-6f2181b8e38c__git-e469ac5d152b,ca_gat_mappo,small,42,e469ac5d152b50c21427eecb0c098f60c618f9f3,6f2181b8e38c9454f0e5c0e44c3d52a8d1e1e11d7c4abe30331f6c5c8ef4e824,ppo_epoch,365,23552,,,,,,,,,,,,,,,91,0,91,92,0.0003,0.0003,0.2,2.834897041320801,PPO clipped-surrogate actor + half-MSE critic,0.6093968152999878,4.469020843505859,0.901025116443634,2.834897041320801,1.0,1.1864114999771118,5.585781097412109,signal-watch
ca_gat_mappo__small__seed-42__cfg-6f2181b8e38c__git-e469ac5d152b,ca_gat_mappo,small,42,e469ac5d152b50c21427eecb0c098f60c618f9f3,6f2181b8e38c9454f0e5c0e44c3d52a8d1e1e11d7c4abe30331f6c5c8ef4e824,ppo_epoch,366,23552,,,,,,,,,,,,,,,91,1,91,92,0.0003,0.0003,0.2,2.800816774368286,PPO clipped-surrogate actor + half-MSE critic,0.6078199744224548,4.404006004333496,0.9006181955337524,2.800816774368286,0.9997647404670715,1.7669554948806763,4.758248805999756,signal-watch
ca_gat_mappo__small__seed-42__cfg-6f2181b8e38c__git-e469ac5d152b,ca_gat_mappo,small,42,e469ac5d152b50c21427eecb0c098f60c618f9f3,6f2181b8e38c9454f0e5c0e44c3d52a8d1e1e11d7c4abe30331f6c5c8ef4e824,ppo_epoch,367,23552,,,,,,,,,,,,,,,91,2,91,92,0.0003,0.0003,0.2,2.7653520107269287,PPO clipped-surrogate actor + half-MSE critic,0.6087833046913147,4.331065654754639,0.8964089155197144,2.7653520107269287,0.9991462826728821,6.2447190284729,3.6815574169158936,signal-watch
ca_gat_mappo__small__seed-42__cfg-6f2181b8e38c__git-e469ac5d152b,ca_gat_mappo,small,42,e469ac5d152b50c21427eecb0c098f60c618f9f3,6f2181b8e38c9454f0e5c0e44c3d52a8d1e1e11d7c4abe30331f6c5c8ef4e824,ppo_epoch,368,23552,,,,,,,,,,,,,,,91,3,91,92,0.0003,0.0003,0.2,2.7291409969329834,PPO clipped-surrogate actor + half-MSE critic,0.60524582862854,4.265668869018555,0.8939352631568909,2.7291409969329834,0.9984395503997803,85.99363708496094,2.517172336578369,signal-watch
ca_gat_mappo__small__seed-42__cfg-6f2181b8e38c__git-e469ac5d152b,ca_gat_mappo,small,42,e469ac5d152b50c21427eecb0c098f60c618f9f3,6f2181b8e38c9454f0e5c0e44c3d52a8d1e1e11d7c4abe30331f6c5c8ef4e824,ppo_epoch,369,23808,,,,,,,,,,,,,,,92,0,92,93,0.0003,0.0003,0.2,4.115920066833496,PPO clipped-surrogate actor + half-MSE critic,2.159579038619995,3.933772325515747,1.0545251369476318,4.115920066833496,1.0,5.2540974617004395,14.85226821899414,signal-watch
ca_gat_mappo__small__seed-42__cfg-6f2181b8e38c__git-e469ac5d152b,ca_gat_mappo,small,42,e469ac5d152b50c21427eecb0c098f60c618f9f3,6f2181b8e38c9454f0e5c0e44c3d52a8d1e1e11d7c4abe30331f6c5c8ef4e824,ppo_epoch,370,23808,,,,,,,,,,,,,,,92,1,92,93,0.0003,0.0003,0.2,4.05765438079834,PPO clipped-surrogate actor + half-MSE critic,2.1564438343048096,3.8234989643096924,1.0539090633392334,4.05765438079834,0.9991664886474609,4.132740020751953,14.45669937133789,signal-watch
ca_gat_mappo__small__seed-42__cfg-6f2181b8e38c__git-e469ac5d152b,ca_gat_mappo,small,42,e469ac5d152b50c21427eecb0c098f60c618f9f3,6f2181b8e38c9454f0e5c0e44c3d52a8d1e1e11d7c4abe30331f6c5c8ef4e824,ppo_epoch,371,23808,,,,,,,,,,,,,,,92,2,92,93,0.0003,0.0003,0.2,3.992830991744995,PPO clipped-surrogate actor + half-MSE critic,2.1565744876861572,3.6937031745910645,1.0595084428787231,3.992830991744995,1.000976800918579,7.134094715118408,13.98253059387207,signal-watch
ca_gat_mappo__small__seed-42__cfg-6f2181b8e38c__git-e469ac5d152b,ca_gat_mappo,small,42,e469ac5d152b50c21427eecb0c098f60c618f9f3,6f2181b8e38c9454f0e5c0e44c3d52a8d1e1e11d7c4abe30331f6c5c8ef4e824,ppo_epoch,372,23808,,,,,,,,,,,,,,,92,3,92,93,0.0003,0.0003,0.2,3.919907331466675,PPO clipped-surrogate actor + half-MSE critic,2.1544137001037598,3.552265167236328,1.0638964176177979,3.919907331466675,0.9995200634002686,2.3309566974639893,13.454414367675781,signal-watch
ca_gat_mappo__small__seed-42__cfg-6f2181b8e38c__git-e469ac5d152b,ca_gat_mappo,small,42,e469ac5d152b50c21427eecb0c098f60c618f9f3,6f2181b8e38c9454f0e5c0e44c3d52a8d1e1e11d7c4abe30331f6c5c8ef4e824,ppo_epoch,373,24064,,,,,,,,,,,,,,,93,0,93,94,0.0003,0.0003,0.2,1.2977981567382812,PPO clipped-surrogate actor + half-MSE critic,-0.7234950065612793,4.056443214416504,0.6928399801254272,1.2977981567382812,1.0,1.0327929258346558,5.044898986816406,signal-watch
ca_gat_mappo__small__seed-42__cfg-6f2181b8e38c__git-e469ac5d152b,ca_gat_mappo,small,42,e469ac5d152b50c21427eecb0c098f60c618f9f3,6f2181b8e38c9454f0e5c0e44c3d52a8d1e1e11d7c4abe30331f6c5c8ef4e824,ppo_epoch,374,24064,,,,,,,,,,,,,,,93,1,93,94,0.0003,0.0003,0.2,1.3128470182418823,PPO clipped-surrogate actor + half-MSE critic,-0.7252179384231567,4.089988708496094,0.6929396986961365,1.3128470182418823,0.9999350309371948,2.7152199745178223,5.35499382019043,signal-watch
ca_gat_mappo__small__seed-42__cfg-6f2181b8e38c__git-e469ac5d152b,ca_gat_mappo,small,42,e469ac5d152b50c21427eecb0c098f60c618f9f3,6f2181b8e38c9454f0e5c0e44c3d52a8d1e1e11d7c4abe30331f6c5c8ef4e824,ppo_epoch,375,24064,,,,,,,,,,,,,,,93,2,93,94,0.0003,0.0003,0.2,1.3179506063461304,PPO clipped-surrogate actor + half-MSE critic,-0.7274660468101501,4.104726791381836,0.6946651935577393,1.3179506063461304,0.9993335604667664,0.5913751125335693,5.5132622718811035,signal-watch
ca_gat_mappo__small__seed-42__cfg-6f2181b8e38c__git-e469ac5d152b,ca_gat_mappo,small,42,e469ac5d152b50c21427eecb0c098f60c618f9f3,6f2181b8e38c9454f0e5c0e44c3d52a8d1e1e11d7c4abe30331f6c5c8ef4e824,ppo_epoch,376,24064,,,,,,,,,,,,,,,93,3,93,94,0.0003,0.0003,0.2,1.3137109279632568,PPO clipped-surrogate actor + half-MSE critic,-0.7304015159606934,4.102042198181152,0.6908686757087708,1.3137109279632568,1.0004390478134155,0.5362548828125,5.538802623748779,signal-watch
ca_gat_mappo__small__seed-42__cfg-6f2181b8e38c__git-e469ac5d152b,ca_gat_mappo,small,42,e469ac5d152b50c21427eecb0c098f60c618f9f3,6f2181b8e38c9454f0e5c0e44c3d52a8d1e1e11d7c4abe30331f6c5c8ef4e824,ppo_epoch,377,24320,,,,,,,,,,,,,,,94,0,94,95,0.0003,0.0003,0.2,2.4807863235473633,PPO clipped-surrogate actor + half-MSE critic,1.5014292001724243,1.9792182445526123,1.0252056121826172,2.4807863235473633,1.0,1.324664831161499,12.672507286071777,signal-watch
ca_gat_mappo__small__seed-42__cfg-6f2181b8e38c__git-e469ac5d152b,ca_gat_mappo,small,42,e469ac5d152b50c21427eecb0c098f60c618f9f3,6f2181b8e38c9454f0e5c0e44c3d52a8d1e1e11d7c4abe30331f6c5c8ef4e824,ppo_epoch,378,24320,,,,,,,,,,,,,,,94,1,94,95,0.0003,0.0003,0.2,2.466480255126953,PPO clipped-surrogate actor + half-MSE critic,1.4975718259811401,1.958426833152771,1.030497431755066,2.466480255126953,0.997995138168335,0.8804724812507629,12.510969161987305,signal-watch
ca_gat_mappo__small__seed-42__cfg-6f2181b8e38c__git-e469ac5d152b,ca_gat_mappo,small,42,e469ac5d152b50c21427eecb0c098f60c618f9f3,6f2181b8e38c9454f0e5c0e44c3d52a8d1e1e11d7c4abe30331f6c5c8ef4e824,ppo_epoch,379,24320,,,,,,,,,,,,,,,94,2,94,95,0.0003,0.0003,0.2,2.4210760593414307,PPO clipped-surrogate actor + half-MSE critic,1.4915070533752441,1.8798632621765137,1.0362612009048462,2.4210760593414307,0.9958409070968628,0.8509151935577393,12.033417701721191,signal-watch
ca_gat_mappo__small__seed-42__cfg-6f2181b8e38c__git-e469ac5d152b,ca_gat_mappo,small,42,e469ac5d152b50c21427eecb0c098f60c618f9f3,6f2181b8e38c9454f0e5c0e44c3d52a8d1e1e11d7c4abe30331f6c5c8ef4e824,ppo_epoch,380,24320,,,,,,,,,,,,,,,94,3,94,95,0.0003,0.0003,0.2,2.3514175415039062,PPO clipped-surrogate actor + half-MSE critic,1.4823341369628906,1.759026050567627,1.0429538488388062,2.3514175415039062,0.9917494058609009,0.8451408743858337,11.31066608428955,signal-watch
ca_gat_mappo__small__seed-42__cfg-6f2181b8e38c__git-e469ac5d152b,ca_gat_mappo,small,42,e469ac5d152b50c21427eecb0c098f60c618f9f3,6f2181b8e38c9454f0e5c0e44c3d52a8d1e1e11d7c4abe30331f6c5c8ef4e824,ppo_epoch,381,24576,,,,,,,,,,,,,,,95,0,95,96,0.0003,0.0003,0.2,1.3311506509780884,PPO clipped-surrogate actor + half-MSE critic,-1.0127415657043457,4.704614162445068,0.8414849042892456,1.3311506509780884,1.0,0.8652181625366211,7.248592376708984,signal-watch
ca_gat_mappo__small__seed-42__cfg-6f2181b8e38c__git-e469ac5d152b,ca_gat_mappo,small,42,e469ac5d152b50c21427eecb0c098f60c618f9f3,6f2181b8e38c9454f0e5c0e44c3d52a8d1e1e11d7c4abe30331f6c5c8ef4e824,ppo_epoch,382,24576,,,,,,,,,,,,,,,95,1,95,96,0.0003,0.0003,0.2,1.3397789001464844,PPO clipped-surrogate actor + half-MSE critic,-1.0183568000793457,4.733168601989746,0.8448579907417297,1.3397789001464844,1.0015417337417603,0.7993995547294617,7.4420599937438965,signal-watch
ca_gat_mappo__small__seed-42__cfg-6f2181b8e38c__git-e469ac5d152b,ca_gat_mappo,small,42,e469ac5d152b50c21427eecb0c098f60c618f9f3,6f2181b8e38c9454f0e5c0e44c3d52a8d1e1e11d7c4abe30331f6c5c8ef4e824,ppo_epoch,383,24576,,,,,,,,,,,,,,,95,2,95,96,0.0003,0.0003,0.2,1.3300743103027344,PPO clipped-surrogate actor + half-MSE critic,-1.028076410293579,4.733242034912109,0.8470311164855957,1.3300743103027344,1.0038254261016846,0.8598568439483643,7.4739789962768555,signal-watch
ca_gat_mappo__small__seed-42__cfg-6f2181b8e38c__git-e469ac5d152b,ca_gat_mappo,small,42,e469ac5d152b50c21427eecb0c098f60c618f9f3,6f2181b8e38c9454f0e5c0e44c3d52a8d1e1e11d7c4abe30331f6c5c8ef4e824,ppo_epoch,384,24576,,,,,,,,,,,,,,,95,3,95,96,0.0003,0.0003,0.2,1.30808687210083,PPO clipped-surrogate actor + half-MSE critic,-1.0373163223266602,4.707780361175537,0.8487035036087036,1.30808687210083,1.0067468881607056,1.4700416326522827,7.3617730140686035,signal-watch
ca_gat_mappo__small__seed-42__cfg-6f2181b8e38c__git-e469ac5d152b,ca_gat_mappo,small,42,e469ac5d152b50c21427eecb0c098f60c618f9f3,6f2181b8e38c9454f0e5c0e44c3d52a8d1e1e11d7c4abe30331f6c5c8ef4e824,ppo_epoch,385,24832,,,,,,,,,,,,,,,96,0,96,97,0.0003,0.0003,0.2,0.7304814457893372,PPO clipped-surrogate actor + half-MSE critic,0.17803892493247986,1.123819351196289,0.9467177391052246,0.7304814457893372,1.0,0.6477720141410828,2.286294937133789,signal-watch
ca_gat_mappo__small__seed-42__cfg-6f2181b8e38c__git-e469ac5d152b,ca_gat_mappo,small,42,e469ac5d152b50c21427eecb0c098f60c618f9f3,6f2181b8e38c9454f0e5c0e44c3d52a8d1e1e11d7c4abe30331f6c5c8ef4e824,ppo_epoch,386,24832,,,,,,,,,,,,,,,96,1,96,97,0.0003,0.0003,0.2,0.7180710434913635,PPO clipped-surrogate actor + half-MSE critic,0.17429152131080627,1.1064224243164062,0.943168580532074,0.7180710434913635,0.9993839263916016,0.543803334236145,2.1521778106689453,signal-watch
ca_gat_mappo__small__seed-42__cfg-6f2181b8e38c__git-e469ac5d152b,ca_gat_mappo,small,42,e469ac5d152b50c21427eecb0c098f60c618f9f3,6f2181b8e38c9454f0e5c0e44c3d52a8d1e1e11d7c4abe30331f6c5c8ef4e824,ppo_epoch,387,24832,,,,,,,,,,,,,,,96,2,96,97,0.0003,0.0003,0.2,0.6991094350814819,PPO clipped-surrogate actor + half-MSE critic,0.16701634228229523,1.0828759670257568,0.9344902038574219,0.6991094350814819,0.9982383847236633,0.5302134156227112,1.9635964632034302,signal-watch
ca_gat_mappo__small__seed-42__cfg-6f2181b8e38c__git-e469ac5d152b,ca_gat_mappo,small,42,e469ac5d152b50c21427eecb0c098f60c618f9f3,6f2181b8e38c9454f0e5c0e44c3d52a8d1e1e11d7c4abe30331f6c5c8ef4e824,ppo_epoch,388,24832,,,,,,,,,,,,,,,96,3,96,97,0.0003,0.0003,0.2,0.6825860738754272,PPO clipped-surrogate actor + half-MSE critic,0.1622295081615448,1.059141755104065,0.9214264750480652,0.6825860738754272,0.9966209530830383,0.6065154671669006,1.7827078104019165,signal-watch
ca_gat_mappo__small__seed-42__cfg-6f2181b8e38c__git-e469ac5d152b,ca_gat_mappo,small,42,e469ac5d152b50c21427eecb0c098f60c618f9f3,6f2181b8e38c9454f0e5c0e44c3d52a8d1e1e11d7c4abe30331f6c5c8ef4e824,ppo_epoch,389,25088,,,,,,,,,,,,,,,97,0,97,98,0.0003,0.0003,0.2,2.437375545501709,PPO clipped-surrogate actor + half-MSE critic,-0.5397301912307739,5.971205234527588,0.8496817350387573,2.437375545501709,1.0,1.7821972370147705,4.2767133712768555,signal-watch
ca_gat_mappo__small__seed-42__cfg-6f2181b8e38c__git-e469ac5d152b,ca_gat_mappo,small,42,e469ac5d152b50c21427eecb0c098f60c618f9f3,6f2181b8e38c9454f0e5c0e44c3d52a8d1e1e11d7c4abe30331f6c5c8ef4e824,ppo_epoch,390,25088,,,,,,,,,,,,,,,97,1,97,98,0.0003,0.0003,0.2,2.4235668182373047,PPO clipped-surrogate actor + half-MSE critic,-0.5488443374633789,5.961918830871582,0.8548324108123779,2.4235668182373047,1.0001684427261353,3.301008701324463,4.28880500793457,signal-watch
ca_gat_mappo__small__seed-42__cfg-6f2181b8e38c__git-e469ac5d152b,ca_gat_mappo,small,42,e469ac5d152b50c21427eecb0c098f60c618f9f3,6f2181b8e38c9454f0e5c0e44c3d52a8d1e1e11d7c4abe30331f6c5c8ef4e824,ppo_epoch,391,25088,,,,,,,,,,,,,,,97,2,97,98,0.0003,0.0003,0.2,2.3984289169311523,PPO clipped-surrogate actor + half-MSE critic,-0.5600159764289856,5.934158802032471,0.8634465932846069,2.3984289169311523,1.0005017518997192,1.3681299686431885,4.240993499755859,signal-watch
ca_gat_mappo__small__seed-42__cfg-6f2181b8e38c__git-e469ac5d152b,ca_gat_mappo,small,42,e469ac5d152b50c21427eecb0c098f60c618f9f3,6f2181b8e38c9454f0e5c0e44c3d52a8d1e1e11d7c4abe30331f6c5c8ef4e824,ppo_epoch,392,25088,,,,,,,,,,,,,,,97,3,97,98,0.0003,0.0003,0.2,2.3670148849487305,PPO clipped-surrogate actor + half-MSE critic,-0.569685697555542,5.890876770019531,0.8737747669219971,2.3670148849487305,1.0008604526519775,1.4667949676513672,4.128436088562012,signal-watch
ca_gat_mappo__small__seed-42__cfg-6f2181b8e38c__git-e469ac5d152b,ca_gat_mappo,small,42,e469ac5d152b50c21427eecb0c098f60c618f9f3,6f2181b8e38c9454f0e5c0e44c3d52a8d1e1e11d7c4abe30331f6c5c8ef4e824,ppo_epoch,393,25344,,,,,,,,,,,,,,,98,0,98,99,0.0003,0.0003,0.2,2.095493793487549,PPO clipped-surrogate actor + half-MSE critic,1.3609251976013184,1.4889978170394897,0.9930423498153687,2.095493793487549,1.0,0.7382630705833435,10.25484561920166,signal-watch
ca_gat_mappo__small__seed-42__cfg-6f2181b8e38c__git-e469ac5d152b,ca_gat_mappo,small,42,e469ac5d152b50c21427eecb0c098f60c618f9f3,6f2181b8e38c9454f0e5c0e44c3d52a8d1e1e11d7c4abe30331f6c5c8ef4e824,ppo_epoch,394,25344,,,,,,,,,,,,,,,98,1,98,99,0.0003,0.0003,0.2,2.0627026557922363,PPO clipped-surrogate actor + half-MSE critic,1.3536255359649658,1.4384682178497314,1.0157109498977661,2.0627026557922363,0.9959275722503662,1.1352458000183105,9.858377456665039,signal-watch
ca_gat_mappo__small__seed-42__cfg-6f2181b8e38c__git-e469ac5d152b,ca_gat_mappo,small,42,e469ac5d152b50c21427eecb0c098f60c618f9f3,6f2181b8e38c9454f0e5c0e44c3d52a8d1e1e11d7c4abe30331f6c5c8ef4e824,ppo_epoch,395,25344,,,,,,,,,,,,,,,98,2,98,99,0.0003,0.0003,0.2,2.0169577598571777,PPO clipped-surrogate actor + half-MSE critic,1.345212697982788,1.3644084930419922,1.0459175109863281,2.0169577598571777,0.9912888407707214,0.6835169792175293,9.289383888244629,signal-watch
ca_gat_mappo__small__seed-42__cfg-6f2181b8e38c__git-e469ac5d152b,ca_gat_mappo,small,42,e469ac5d152b50c21427eecb0c098f60c618f9f3,6f2181b8e38c9454f0e5c0e44c3d52a8d1e1e11d7c4abe30331f6c5c8ef4e824,ppo_epoch,396,25344,,,,,,,,,,,,,,,98,3,98,99,0.0003,0.0003,0.2,1.9662724733352661,PPO clipped-surrogate actor + half-MSE critic,1.3372588157653809,1.2797050476074219,1.0838840007781982,1.9662724733352661,0.9846253395080566,0.6076925992965698,8.636137008666992,signal-watch
ca_gat_mappo__small__seed-42__cfg-6f2181b8e38c__git-e469ac5d152b,ca_gat_mappo,small,42,e469ac5d152b50c21427eecb0c098f60c618f9f3,6f2181b8e38c9454f0e5c0e44c3d52a8d1e1e11d7c4abe30331f6c5c8ef4e824,ppo_epoch,397,25600,,,,,,,,,,,,,,,99,0,99,100,0.0003,0.0003,0.2,3.555912733078003,PPO clipped-surrogate actor + half-MSE critic,-0.12165325880050659,7.3749589920043945,0.9913482666015625,3.555912733078003,1.0,1.3096884489059448,4.320372104644775,signal-watch
ca_gat_mappo__small__seed-42__cfg-6f2181b8e38c__git-e469ac5d152b,ca_gat_mappo,small,42,e469ac5d152b50c21427eecb0c098f60c618f9f3,6f2181b8e38c9454f0e5c0e44c3d52a8d1e1e11d7c4abe30331f6c5c8ef4e824,ppo_epoch,398,25600,,,,,,,,,,,,,,,99,1,99,100,0.0003,0.0003,0.2,3.5407752990722656,PPO clipped-surrogate actor + half-MSE critic,-0.13172969222068787,7.365154266357422,1.007213830947876,3.5407752990722656,0.9994145035743713,1.3487322330474854,4.263723373413086,signal-watch
ca_gat_mappo__small__seed-42__cfg-6f2181b8e38c__git-e469ac5d152b,ca_gat_mappo,small,42,e469ac5d152b50c21427eecb0c098f60c618f9f3,6f2181b8e38c9454f0e5c0e44c3d52a8d1e1e11d7c4abe30331f6c5c8ef4e824,ppo_epoch,399,25600,,,,,,,,,,,,,,,99,2,99,100,0.0003,0.0003,0.2,3.5095300674438477,PPO clipped-surrogate actor + half-MSE critic,-0.13882336020469666,7.317131042480469,1.0212199687957764,3.5095300674438477,0.9987508058547974,1.7087525129318237,4.1638875007629395,signal-watch
ca_gat_mappo__small__seed-42__cfg-6f2181b8e38c__git-e469ac5d152b,ca_gat_mappo,small,42,e469ac5d152b50c21427eecb0c098f60c618f9f3,6f2181b8e38c9454f0e5c0e44c3d52a8d1e1e11d7c4abe30331f6c5c8ef4e824,ppo_epoch,400,25600,,,,,,,,,,,,,,,99,3,99,100,0.0003,0.0003,0.2,3.470830202102661,PPO clipped-surrogate actor + half-MSE critic,-0.1407577246427536,7.243669509887695,1.0246782302856445,3.470830202102661,0.9976676106452942,2.2388193607330322,4.048020362854004,signal-watch
ca_gat_mappo__small__seed-42__cfg-6f2181b8e38c__git-e469ac5d152b,ca_gat_mappo,small,42,e469ac5d152b50c21427eecb0c098f60c618f9f3,6f2181b8e38c9454f0e5c0e44c3d52a8d1e1e11d7c4abe30331f6c5c8ef4e824,ppo_epoch,401,25856,,,,,,,,,,,,,,,100,0,100,101,0.0003,0.0003,0.2,1.0043516159057617,PPO clipped-surrogate actor + half-MSE critic,0.5186253786087036,0.9904735088348389,0.9510511159896851,1.0043516159057617,1.0,0.7557561993598938,3.5480775833129883,signal-watch
ca_gat_mappo__small__seed-42__cfg-6f2181b8e38c__git-e469ac5d152b,ca_gat_mappo,small,42,e469ac5d152b50c21427eecb0c098f60c618f9f3,6f2181b8e38c9454f0e5c0e44c3d52a8d1e1e11d7c4abe30331f6c5c8ef4e824,ppo_epoch,402,25856,,,,,,,,,,,,,,,100,1,100,101,0.0003,0.0003,0.2,0.995576798915863,PPO clipped-surrogate actor + half-MSE critic,0.5165348649024963,0.977081835269928,0.9499021172523499,0.995576798915863,0.9990164041519165,0.9052231907844543,3.396655797958374,signal-watch
ca_gat_mappo__small__seed-42__cfg-6f2181b8e38c__git-e469ac5d152b,ca_gat_mappo,small,42,e469ac5d152b50c21427eecb0c098f60c618f9f3,6f2181b8e38c9454f0e5c0e44c3d52a8d1e1e11d7c4abe30331f6c5c8ef4e824,ppo_epoch,403,25856,,,,,,,,,,,,,,,100,2,100,101,0.0003,0.0003,0.2,0.9826842546463013,PPO clipped-surrogate actor + half-MSE critic,0.5113483667373657,0.9617782831192017,0.9553232192993164,0.9826842546463013,0.9966782331466675,0.7559062838554382,3.219370126724243,signal-watch
ca_gat_mappo__small__seed-42__cfg-6f2181b8e38c__git-e469ac5d152b,ca_gat_mappo,small,42,e469ac5d152b50c21427eecb0c098f60c618f9f3,6f2181b8e38c9454f0e5c0e44c3d52a8d1e1e11d7c4abe30331f6c5c8ef4e824,ppo_epoch,404,25856,,,,,,,,,,,,,,,100,3,100,101,0.0003,0.0003,0.2,0.9678441286087036,PPO clipped-surrogate actor + half-MSE critic,0.5048688650131226,0.9452413320541382,0.9645376205444336,0.9678441286087036,0.994229257106781,0.7331982254981995,3.0226807594299316,signal-watch
ca_gat_mappo__small__seed-42__cfg-6f2181b8e38c__git-e469ac5d152b,ca_gat_mappo,small,42,e469ac5d152b50c21427eecb0c098f60c618f9f3,6f2181b8e38c9454f0e5c0e44c3d52a8d1e1e11d7c4abe30331f6c5c8ef4e824,ppo_epoch,405,26112,,,,,,,,,,,,,,,101,0,101,102,0.0003,0.0003,0.2,0.6791922450065613,PPO clipped-surrogate actor + half-MSE critic,-1.4713190793991089,4.319244384765625,0.9110887050628662,0.6791922450065613,1.0,5.265985488891602,13.185656547546387,signal-watch
ca_gat_mappo__small__seed-42__cfg-6f2181b8e38c__git-e469ac5d152b,ca_gat_mappo,small,42,e469ac5d152b50c21427eecb0c098f60c618f9f3,6f2181b8e38c9454f0e5c0e44c3d52a8d1e1e11d7c4abe30331f6c5c8ef4e824,ppo_epoch,406,26112,,,,,,,,,,,,,,,101,1,101,102,0.0003,0.0003,0.2,0.6381953358650208,PPO clipped-surrogate actor + half-MSE critic,-1.4794743061065674,4.2536845207214355,0.9172618985176086,0.6381953358650208,1.0017718076705933,1.4349126815795898,13.117532730102539,signal-watch
ca_gat_mappo__small__seed-42__cfg-6f2181b8e38c__git-e469ac5d152b,ca_gat_mappo,small,42,e469ac5d152b50c21427eecb0c098f60c618f9f3,6f2181b8e38c9454f0e5c0e44c3d52a8d1e1e11d7c4abe30331f6c5c8ef4e824,ppo_epoch,407,26112,,,,,,,,,,,,,,,101,2,101,102,0.0003,0.0003,0.2,0.5634521245956421,PPO clipped-surrogate actor + half-MSE critic,-1.4873244762420654,4.120021343231201,0.923408031463623,0.5634521245956421,1.0068784952163696,1.304970383644104,12.819279670715332,signal-watch
ca_gat_mappo__small__seed-42__cfg-6f2181b8e38c__git-e469ac5d152b,ca_gat_mappo,small,42,e469ac5d152b50c21427eecb0c098f60c618f9f3,6f2181b8e38c9454f0e5c0e44c3d52a8d1e1e11d7c4abe30331f6c5c8ef4e824,ppo_epoch,408,26112,,,,,,,,,,,,,,,101,3,101,102,0.0003,0.0003,0.2,0.46457839012145996,PPO clipped-surrogate actor + half-MSE critic,-1.4906392097473145,3.9290428161621094,0.9303813576698303,0.46457839012145996,1.0096938610076904,3.1085715293884277,12.318018913269043,signal-watch
ca_gat_mappo__small__seed-42__cfg-6f2181b8e38c__git-e469ac5d152b,ca_gat_mappo,small,42,e469ac5d152b50c21427eecb0c098f60c618f9f3,6f2181b8e38c9454f0e5c0e44c3d52a8d1e1e11d7c4abe30331f6c5c8ef4e824,ppo_epoch,409,26368,,,,,,,,,,,,,,,102,0,102,103,0.0003,0.0003,0.2,1.0950567722320557,PPO clipped-surrogate actor + half-MSE critic,0.6986318826675415,0.8149981498718262,1.107417345046997,1.0950567722320557,1.0,2.7618112564086914,6.34731388092041,signal-watch
ca_gat_mappo__small__seed-42__cfg-6f2181b8e38c__git-e469ac5d152b,ca_gat_mappo,small,42,e469ac5d152b50c21427eecb0c098f60c618f9f3,6f2181b8e38c9454f0e5c0e44c3d52a8d1e1e11d7c4abe30331f6c5c8ef4e824,ppo_epoch,410,26368,,,,,,,,,,,,,,,102,1,102,103,0.0003,0.0003,0.2,1.07303786277771,PPO clipped-surrogate actor + half-MSE critic,0.6985814571380615,0.7711142301559448,1.1100739240646362,1.07303786277771,1.000631332397461,3.0486016273498535,5.736161708831787,signal-watch
ca_gat_mappo__small__seed-42__cfg-6f2181b8e38c__git-e469ac5d152b,ca_gat_mappo,small,42,e469ac5d152b50c21427eecb0c098f60c618f9f3,6f2181b8e38c9454f0e5c0e44c3d52a8d1e1e11d7c4abe30331f6c5c8ef4e824,ppo_epoch,411,26368,,,,,,,,,,,,,,,102,2,102,103,0.0003,0.0003,0.2,1.041329026222229,PPO clipped-surrogate actor + half-MSE critic,0.7027432918548584,0.6994485855102539,1.1138505935668945,1.041329026222229,1.0001702308654785,3.1039249897003174,4.615997314453125,signal-watch
ca_gat_mappo__small__seed-42__cfg-6f2181b8e38c__git-e469ac5d152b,ca_gat_mappo,small,42,e469ac5d152b50c21427eecb0c098f60c618f9f3,6f2181b8e38c9454f0e5c0e44c3d52a8d1e1e11d7c4abe30331f6c5c8ef4e824,ppo_epoch,412,26368,,,,,,,,,,,,,,,102,3,102,103,0.0003,0.0003,0.2,1.005758285522461,PPO clipped-surrogate actor + half-MSE critic,0.7025077939033508,0.6288286447525024,1.1163840293884277,1.005758285522461,1.0024998188018799,27.833980560302734,3.298236846923828,signal-watch
ca_gat_mappo__small__seed-42__cfg-6f2181b8e38c__git-e469ac5d152b,ca_gat_mappo,small,42,e469ac5d152b50c21427eecb0c098f60c618f9f3,6f2181b8e38c9454f0e5c0e44c3d52a8d1e1e11d7c4abe30331f6c5c8ef4e824,ppo_epoch,413,26624,,,,,,,,,,,,,,,103,0,103,104,0.0003,0.0003,0.2,1.6716415882110596,PPO clipped-surrogate actor + half-MSE critic,-0.6018974184989929,4.571854591369629,1.2388229370117188,1.6716415882110596,1.0,1.1911792755126953,5.0539984703063965,signal-watch
ca_gat_mappo__small__seed-42__cfg-6f2181b8e38c__git-e469ac5d152b,ca_gat_mappo,small,42,e469ac5d152b50c21427eecb0c098f60c618f9f3,6f2181b8e38c9454f0e5c0e44c3d52a8d1e1e11d7c4abe30331f6c5c8ef4e824,ppo_epoch,414,26624,,,,,,,,,,,,,,,103,1,103,104,0.0003,0.0003,0.2,1.691651701927185,PPO clipped-surrogate actor + half-MSE critic,-0.6054921746253967,4.6190595626831055,1.2385950088500977,1.691651701927185,1.0011348724365234,1.2738174200057983,5.268415927886963,signal-watch
ca_gat_mappo__small__seed-42__cfg-6f2181b8e38c__git-e469ac5d152b,ca_gat_mappo,small,42,e469ac5d152b50c21427eecb0c098f60c618f9f3,6f2181b8e38c9454f0e5c0e44c3d52a8d1e1e11d7c4abe30331f6c5c8ef4e824,ppo_epoch,415,26624,,,,,,,,,,,,,,,103,2,103,104,0.0003,0.0003,0.2,1.6925722360610962,PPO clipped-surrogate actor + half-MSE critic,-0.6117610931396484,4.633397579193115,1.2365443706512451,1.6925722360610962,1.001273512840271,0.8519629240036011,5.385056018829346,signal-watch
ca_gat_mappo__small__seed-42__cfg-6f2181b8e38c__git-e469ac5d152b,ca_gat_mappo,small,42,e469ac5d152b50c21427eecb0c098f60c618f9f3,6f2181b8e38c9454f0e5c0e44c3d52a8d1e1e11d7c4abe30331f6c5c8ef4e824,ppo_epoch,416,26624,,,,,,,,,,,,,,,103,3,103,104,0.0003,0.0003,0.2,1.6757522821426392,PPO clipped-surrogate actor + half-MSE critic,-0.6227044463157654,4.621631622314453,1.235908031463623,1.6757522821426392,1.0020201206207275,0.8864644765853882,5.420141220092773,signal-watch
ca_gat_mappo__small__seed-42__cfg-6f2181b8e38c__git-e469ac5d152b,ca_gat_mappo,small,42,e469ac5d152b50c21427eecb0c098f60c618f9f3,6f2181b8e38c9454f0e5c0e44c3d52a8d1e1e11d7c4abe30331f6c5c8ef4e824,ppo_epoch,417,26880,,,,,,,,,,,,,,,104,0,104,105,0.0003,0.0003,0.2,0.770781934261322,PPO clipped-surrogate actor + half-MSE critic,0.3161374032497406,0.9354110360145569,1.3060961961746216,0.770781934261322,1.0,0.551683783531189,2.2773501873016357,signal-watch
ca_gat_mappo__small__seed-42__cfg-6f2181b8e38c__git-e469ac5d152b,ca_gat_mappo,small,42,e469ac5d152b50c21427eecb0c098f60c618f9f3,6f2181b8e38c9454f0e5c0e44c3d52a8d1e1e11d7c4abe30331f6c5c8ef4e824,ppo_epoch,418,26880,,,,,,,,,,,,,,,104,1,104,105,0.0003,0.0003,0.2,0.7671147584915161,PPO clipped-surrogate actor + half-MSE critic,0.3144870400428772,0.9314277172088623,1.3086165189743042,0.7671147584915161,1.0006940364837646,0.45998087525367737,2.216310739517212,signal-watch
ca_gat_mappo__small__seed-42__cfg-6f2181b8e38c__git-e469ac5d152b,ca_gat_mappo,small,42,e469ac5d152b50c21427eecb0c098f60c618f9f3,6f2181b8e38c9454f0e5c0e44c3d52a8d1e1e11d7c4abe30331f6c5c8ef4e824,ppo_epoch,419,26880,,,,,,,,,,,,,,,104,2,104,105,0.0003,0.0003,0.2,0.7583023309707642,PPO clipped-surrogate actor + half-MSE critic,0.3105470836162567,0.9217814207077026,1.3135435581207275,0.7583023309707642,1.0010383129119873,6.044397354125977,2.0219085216522217,signal-watch
ca_gat_mappo__small__seed-42__cfg-6f2181b8e38c__git-e469ac5d152b,ca_gat_mappo,small,42,e469ac5d152b50c21427eecb0c098f60c618f9f3,6f2181b8e38c9454f0e5c0e44c3d52a8d1e1e11d7c4abe30331f6c5c8ef4e824,ppo_epoch,420,26880,,,,,,,,,,,,,,,104,3,104,105,0.0003,0.0003,0.2,0.7478962540626526,PPO clipped-surrogate actor + half-MSE critic,0.30656611919403076,0.9090496897697449,1.319474458694458,0.7478962540626526,1.0036280155181885,0.525175154209137,1.7289479970932007,signal-watch
ca_gat_mappo__small__seed-42__cfg-6f2181b8e38c__git-e469ac5d152b,ca_gat_mappo,small,42,e469ac5d152b50c21427eecb0c098f60c618f9f3,6f2181b8e38c9454f0e5c0e44c3d52a8d1e1e11d7c4abe30331f6c5c8ef4e824,ppo_epoch,421,27136,,,,,,,,,,,,,,,105,0,105,106,0.0003,0.0003,0.2,1.5620038509368896,PPO clipped-surrogate actor + half-MSE critic,-1.670470952987671,6.483893394470215,0.9471893310546875,1.5620038509368896,1.0,5.468822479248047,16.01641273498535,signal-watch
ca_gat_mappo__small__seed-42__cfg-6f2181b8e38c__git-e469ac5d152b,ca_gat_mappo,small,42,e469ac5d152b50c21427eecb0c098f60c618f9f3,6f2181b8e38c9454f0e5c0e44c3d52a8d1e1e11d7c4abe30331f6c5c8ef4e824,ppo_epoch,422,27136,,,,,,,,,,,,,,,105,1,105,106,0.0003,0.0003,0.2,1.5340514183044434,PPO clipped-surrogate actor + half-MSE critic,-1.6659661531448364,6.419083118438721,0.9524032473564148,1.5340514183044434,1.000272274017334,5.3619065284729,15.251386642456055,signal-watch
ca_gat_mappo__small__seed-42__cfg-6f2181b8e38c__git-e469ac5d152b,ca_gat_mappo,small,42,e469ac5d152b50c21427eecb0c098f60c618f9f3,6f2181b8e38c9454f0e5c0e44c3d52a8d1e1e11d7c4abe30331f6c5c8ef4e824,ppo_epoch,423,27136,,,,,,,,,,,,,,,105,2,105,106,0.0003,0.0003,0.2,1.459834337234497,PPO clipped-surrogate actor + half-MSE critic,-1.6698346138000488,6.278489112854004,0.9575568437576294,1.459834337234497,1.00101637840271,2.9991977214813232,13.63290786743164,signal-watch
ca_gat_mappo__small__seed-42__cfg-6f2181b8e38c__git-e469ac5d152b,ca_gat_mappo,small,42,e469ac5d152b50c21427eecb0c098f60c618f9f3,6f2181b8e38c9454f0e5c0e44c3d52a8d1e1e11d7c4abe30331f6c5c8ef4e824,ppo_epoch,424,27136,,,,,,,,,,,,,,,105,3,105,106,0.0003,0.0003,0.2,1.379095435142517,PPO clipped-surrogate actor + half-MSE critic,-1.6727910041809082,6.123003959655762,0.9615535736083984,1.379095435142517,1.0018082857131958,3.7796077728271484,11.660435676574707,signal-watch
ca_gat_mappo__small__seed-42__cfg-6f2181b8e38c__git-e469ac5d152b,ca_gat_mappo,small,42,e469ac5d152b50c21427eecb0c098f60c618f9f3,6f2181b8e38c9454f0e5c0e44c3d52a8d1e1e11d7c4abe30331f6c5c8ef4e824,ppo_epoch,425,27392,,,,,,,,,,,,,,,106,0,106,107,0.0003,0.0003,0.2,1.1305792331695557,PPO clipped-surrogate actor + half-MSE critic,0.44661012291908264,1.3839020729064941,0.7981847524642944,1.1305792331695557,1.0,0.41564884781837463,8.12782096862793,signal-watch
ca_gat_mappo__small__seed-42__cfg-6f2181b8e38c__git-e469ac5d152b,ca_gat_mappo,small,42,e469ac5d152b50c21427eecb0c098f60c618f9f3,6f2181b8e38c9454f0e5c0e44c3d52a8d1e1e11d7c4abe30331f6c5c8ef4e824,ppo_epoch,426,27392,,,,,,,,,,,,,,,106,1,106,107,0.0003,0.0003,0.2,1.1600100994110107,PPO clipped-surrogate actor + half-MSE critic,0.4445987045764923,1.4469596147537231,0.8068401217460632,1.1600100994110107,1.0002996921539307,0.4164700210094452,9.190320014953613,signal-watch
ca_gat_mappo__small__seed-42__cfg-6f2181b8e38c__git-e469ac5d152b,ca_gat_mappo,small,42,e469ac5d152b50c21427eecb0c098f60c618f9f3,6f2181b8e38c9454f0e5c0e44c3d52a8d1e1e11d7c4abe30331f6c5c8ef4e824,ppo_epoch,427,27392,,,,,,,,,,,,,,,106,2,106,107,0.0003,0.0003,0.2,1.1514041423797607,PPO clipped-surrogate actor + half-MSE critic,0.441318154335022,1.4365571737289429,0.8192487359046936,1.1514041423797607,1.0005674362182617,0.4168755114078522,9.145184516906738,signal-watch
ca_gat_mappo__small__seed-42__cfg-6f2181b8e38c__git-e469ac5d152b,ca_gat_mappo,small,42,e469ac5d152b50c21427eecb0c098f60c618f9f3,6f2181b8e38c9454f0e5c0e44c3d52a8d1e1e11d7c4abe30331f6c5c8ef4e824,ppo_epoch,428,27392,,,,,,,,,,,,,,,106,3,106,107,0.0003,0.0003,0.2,1.1172919273376465,PPO clipped-surrogate actor + half-MSE critic,0.43852710723876953,1.3742177486419678,0.8344035744667053,1.1172919273376465,1.0008524656295776,0.38755857944488525,8.116893768310547,signal-watch
ca_gat_mappo__small__seed-42__cfg-6f2181b8e38c__git-e469ac5d152b,ca_gat_mappo,small,42,e469ac5d152b50c21427eecb0c098f60c618f9f3,6f2181b8e38c9454f0e5c0e44c3d52a8d1e1e11d7c4abe30331f6c5c8ef4e824,ppo_epoch,429,27648,,,,,,,,,,,,,,,107,0,107,108,0.0003,0.0003,0.2,2.0054104328155518,PPO clipped-surrogate actor + half-MSE critic,-0.15023358166217804,4.332826614379883,1.0769374370574951,2.0054104328155518,1.0,0.8054431080818176,13.162168502807617,signal-watch
ca_gat_mappo__small__seed-42__cfg-6f2181b8e38c__git-e469ac5d152b,ca_gat_mappo,small,42,e469ac5d152b50c21427eecb0c098f60c618f9f3,6f2181b8e38c9454f0e5c0e44c3d52a8d1e1e11d7c4abe30331f6c5c8ef4e824,ppo_epoch,430,27648,,,,,,,,,,,,,,,107,1,107,108,0.0003,0.0003,0.2,1.911147117614746,PPO clipped-surrogate actor + half-MSE critic,-0.15456907451152802,4.153139114379883,1.0853452682495117,1.911147117614746,0.9988516569137573,0.8204577565193176,11.96906852722168,signal-watch
ca_gat_mappo__small__seed-42__cfg-6f2181b8e38c__git-e469ac5d152b,ca_gat_mappo,small,42,e469ac5d152b50c21427eecb0c098f60c618f9f3,6f2181b8e38c9454f0e5c0e44c3d52a8d1e1e11d7c4abe30331f6c5c8ef4e824,ppo_epoch,431,27648,,,,,,,,,,,,,,,107,2,107,108,0.0003,0.0003,0.2,1.7795652151107788,PPO clipped-surrogate actor + half-MSE critic,-0.16328994929790497,3.9075489044189453,1.091928482055664,1.7795652151107788,0.9973273873329163,0.7464653253555298,10.020957946777344,signal-watch
ca_gat_mappo__small__seed-42__cfg-6f2181b8e38c__git-e469ac5d152b,ca_gat_mappo,small,42,e469ac5d152b50c21427eecb0c098f60c618f9f3,6f2181b8e38c9454f0e5c0e44c3d52a8d1e1e11d7c4abe30331f6c5c8ef4e824,ppo_epoch,432,27648,,,,,,,,,,,,,,,107,3,107,108,0.0003,0.0003,0.2,1.64832603931427,PPO clipped-surrogate actor + half-MSE critic,-0.17214210331439972,3.662874698638916,1.0969189405441284,1.64832603931427,0.9956628680229187,1.1018345355987549,7.588604927062988,signal-watch
ca_gat_mappo__small__seed-42__cfg-6f2181b8e38c__git-e469ac5d152b,ca_gat_mappo,small,42,e469ac5d152b50c21427eecb0c098f60c618f9f3,6f2181b8e38c9454f0e5c0e44c3d52a8d1e1e11d7c4abe30331f6c5c8ef4e824,ppo_epoch,433,27904,,,,,,,,,,,,,,,108,0,108,109,0.0003,0.0003,0.2,1.0726546049118042,PPO clipped-surrogate actor + half-MSE critic,0.6026345491409302,0.9638481140136719,1.1904010772705078,1.0726546049118042,1.0,1.5371679067611694,7.0441975593566895,signal-watch
ca_gat_mappo__small__seed-42__cfg-6f2181b8e38c__git-e469ac5d152b,ca_gat_mappo,small,42,e469ac5d152b50c21427eecb0c098f60c618f9f3,6f2181b8e38c9454f0e5c0e44c3d52a8d1e1e11d7c4abe30331f6c5c8ef4e824,ppo_epoch,434,27904,,,,,,,,,,,,,,,108,1,108,109,0.0003,0.0003,0.2,1.011940360069275,PPO clipped-surrogate actor + half-MSE critic,0.6017258167266846,0.8441681861877441,1.1869512796401978,1.011940360069275,1.0001773834228516,0.9308503866195679,4.476046085357666,signal-watch
ca_gat_mappo__small__seed-42__cfg-6f2181b8e38c__git-e469ac5d152b,ca_gat_mappo,small,42,e469ac5d152b50c21427eecb0c098f60c618f9f3,6f2181b8e38c9454f0e5c0e44c3d52a8d1e1e11d7c4abe30331f6c5c8ef4e824,ppo_epoch,435,27904,,,,,,,,,,,,,,,108,2,108,109,0.0003,0.0003,0.2,0.9700525403022766,PPO clipped-surrogate actor + half-MSE critic,0.598031759262085,0.7677879333496094,1.187317132949829,0.9700525403022766,0.999160885810852,0.6826140284538269,1.7614891529083252,signal-watch
ca_gat_mappo__small__seed-42__cfg-6f2181b8e38c__git-e469ac5d152b,ca_gat_mappo,small,42,e469ac5d152b50c21427eecb0c098f60c618f9f3,6f2181b8e38c9454f0e5c0e44c3d52a8d1e1e11d7c4abe30331f6c5c8ef4e824,ppo_epoch,436,27904,,,,,,,,,,,,,,,108,3,108,109,0.0003,0.0003,0.2,0.9597936868667603,PPO clipped-surrogate actor + half-MSE critic,0.5928086042404175,0.7577951550483704,1.191246509552002,0.9597936868667603,0.9966185688972473,0.5970736742019653,1.7586950063705444,signal-watch
ca_gat_mappo__small__seed-42__cfg-6f2181b8e38c__git-e469ac5d152b,ca_gat_mappo,small,42,e469ac5d152b50c21427eecb0c098f60c618f9f3,6f2181b8e38c9454f0e5c0e44c3d52a8d1e1e11d7c4abe30331f6c5c8ef4e824,ppo_epoch,437,28160,,,,,,,,,,,,,,,109,0,109,110,0.0003,0.0003,0.2,0.6841501593589783,PPO clipped-surrogate actor + half-MSE critic,-1.392158031463623,4.1727705001831055,1.007706880569458,0.6841501593589783,1.0,1.3136143684387207,12.343957901000977,signal-watch
ca_gat_mappo__small__seed-42__cfg-6f2181b8e38c__git-e469ac5d152b,ca_gat_mappo,small,42,e469ac5d152b50c21427eecb0c098f60c618f9f3,6f2181b8e38c9454f0e5c0e44c3d52a8d1e1e11d7c4abe30331f6c5c8ef4e824,ppo_epoch,438,28160,,,,,,,,,,,,,,,109,1,109,110,0.0003,0.0003,0.2,0.7176973223686218,PPO clipped-surrogate actor + half-MSE critic,-1.4024715423583984,4.260598659515381,1.013047456741333,0.7176973223686218,1.0029062032699585,24.854684829711914,12.77567195892334,signal-watch
ca_gat_mappo__small__seed-42__cfg-6f2181b8e38c__git-e469ac5d152b,ca_gat_mappo,small,42,e469ac5d152b50c21427eecb0c098f60c618f9f3,6f2181b8e38c9454f0e5c0e44c3d52a8d1e1e11d7c4abe30331f6c5c8ef4e824,ppo_epoch,439,28160,,,,,,,,,,,,,,,109,2,109,110,0.0003,0.0003,0.2,0.7191867828369141,PPO clipped-surrogate actor + half-MSE critic,-1.4071930646896362,4.2731122970581055,1.0176271200180054,0.7191867828369141,1.0046465396881104,2.1068363189697266,12.836742401123047,signal-watch
ca_gat_mappo__small__seed-42__cfg-6f2181b8e38c__git-e469ac5d152b,ca_gat_mappo,small,42,e469ac5d152b50c21427eecb0c098f60c618f9f3,6f2181b8e38c9454f0e5c0e44c3d52a8d1e1e11d7c4abe30331f6c5c8ef4e824,ppo_epoch,440,28160,,,,,,,,,,,,,,,109,3,109,110,0.0003,0.0003,0.2,0.6887080073356628,PPO clipped-surrogate actor + half-MSE critic,-1.4108754396438599,4.2195611000061035,1.0197120904922485,0.6887080073356628,1.0044071674346924,2.887136459350586,12.54791259765625,signal-watch
ca_gat_mappo__small__seed-42__cfg-6f2181b8e38c__git-e469ac5d152b,ca_gat_mappo,small,42,e469ac5d152b50c21427eecb0c098f60c618f9f3,6f2181b8e38c9454f0e5c0e44c3d52a8d1e1e11d7c4abe30331f6c5c8ef4e824,ppo_epoch,441,28416,,,,,,,,,,,,,,,110,0,110,111,0.0003,0.0003,0.2,-0.2496938854455948,PPO clipped-surrogate actor + half-MSE critic,-0.7739848494529724,1.072143793106079,1.178093671798706,-0.2496938854455948,1.0,0.9946923851966858,7.913971424102783,signal-watch
ca_gat_mappo__small__seed-42__cfg-6f2181b8e38c__git-e469ac5d152b,ca_gat_mappo,small,42,e469ac5d152b50c21427eecb0c098f60c618f9f3,6f2181b8e38c9454f0e5c0e44c3d52a8d1e1e11d7c4abe30331f6c5c8ef4e824,ppo_epoch,442,28416,,,,,,,,,,,,,,,110,1,110,111,0.0003,0.0003,0.2,-0.2937600612640381,PPO clipped-surrogate actor + half-MSE critic,-0.7762468457221985,0.9886728525161743,1.1849631071090698,-0.2937600612640381,1.0063488483428955,1.8255150318145752,6.972696781158447,signal-watch
ca_gat_mappo__small__seed-42__cfg-6f2181b8e38c__git-e469ac5d152b,ca_gat_mappo,small,42,e469ac5d152b50c21427eecb0c098f60c618f9f3,6f2181b8e38c9454f0e5c0e44c3d52a8d1e1e11d7c4abe30331f6c5c8ef4e824,ppo_epoch,443,28416,,,,,,,,,,,,,,,110,2,110,111,0.0003,0.0003,0.2,-0.34910881519317627,PPO clipped-surrogate actor + half-MSE critic,-0.7779470682144165,0.881460428237915,1.1891974210739136,-0.34910881519317627,1.0056573152542114,1.010054588317871,5.290811538696289,signal-watch
ca_gat_mappo__small__seed-42__cfg-6f2181b8e38c__git-e469ac5d152b,ca_gat_mappo,small,42,e469ac5d152b50c21427eecb0c098f60c618f9f3,6f2181b8e38c9454f0e5c0e44c3d52a8d1e1e11d7c4abe30331f6c5c8ef4e824,ppo_epoch,444,28416,,,,,,,,,,,,,,,110,3,110,111,0.0003,0.0003,0.2,-0.3970663249492645,PPO clipped-surrogate actor + half-MSE critic,-0.7797001004219055,0.789188027381897,1.1960234642028809,-0.3970663249492645,1.0061745643615723,0.9891864657402039,2.907763719558716,signal-watch
ca_gat_mappo__small__seed-42__cfg-6f2181b8e38c__git-e469ac5d152b,ca_gat_mappo,small,42,e469ac5d152b50c21427eecb0c098f60c618f9f3,6f2181b8e38c9454f0e5c0e44c3d52a8d1e1e11d7c4abe30331f6c5c8ef4e824,ppo_epoch,445,28672,,,,,,,,,,,,,,,111,0,111,112,0.0003,0.0003,0.2,0.9300905466079712,PPO clipped-surrogate actor + half-MSE critic,-1.6778500080108643,5.238170623779297,1.1144731044769287,0.9300905466079712,1.0,2.132789373397827,16.66387367248535,signal-watch
ca_gat_mappo__small__seed-42__cfg-6f2181b8e38c__git-e469ac5d152b,ca_gat_mappo,small,42,e469ac5d152b50c21427eecb0c098f60c618f9f3,6f2181b8e38c9454f0e5c0e44c3d52a8d1e1e11d7c4abe30331f6c5c8ef4e824,ppo_epoch,446,28672,,,,,,,,,,,,,,,111,1,111,112,0.0003,0.0003,0.2,0.6958379149436951,PPO clipped-surrogate actor + half-MSE critic,-1.6887707710266113,4.791582107543945,1.118234634399414,0.6958379149436951,1.0018278360366821,1.9928323030471802,15.648938179016113,signal-watch
ca_gat_mappo__small__seed-42__cfg-6f2181b8e38c__git-e469ac5d152b,ca_gat_mappo,small,42,e469ac5d152b50c21427eecb0c098f60c618f9f3,6f2181b8e38c9454f0e5c0e44c3d52a8d1e1e11d7c4abe30331f6c5c8ef4e824,ppo_epoch,447,28672,,,,,,,,,,,,,,,111,2,111,112,0.0003,0.0003,0.2,0.44608649611473083,PPO clipped-surrogate actor + half-MSE critic,-1.7048224210739136,4.32423734664917,1.1209745407104492,0.44608649611473083,1.0042626857757568,2.983591318130493,14.12509822845459,signal-watch
ca_gat_mappo__small__seed-42__cfg-6f2181b8e38c__git-e469ac5d152b,ca_gat_mappo,small,42,e469ac5d152b50c21427eecb0c098f60c618f9f3,6f2181b8e38c9454f0e5c0e44c3d52a8d1e1e11d7c4abe30331f6c5c8ef4e824,ppo_epoch,448,28672,,,,,,,,,,,,,,,111,3,111,112,0.0003,0.0003,0.2,0.20887281000614166,PPO clipped-surrogate actor + half-MSE critic,-1.715637445449829,3.8714778423309326,1.1228663921356201,0.20887281000614166,1.007999300956726,1.0994051694869995,11.948381423950195,signal-watch
ca_gat_mappo__small__seed-42__cfg-6f2181b8e38c__git-e469ac5d152b,ca_gat_mappo,small,42,e469ac5d152b50c21427eecb0c098f60c618f9f3,6f2181b8e38c9454f0e5c0e44c3d52a8d1e1e11d7c4abe30331f6c5c8ef4e824,ppo_epoch,449,28928,,,,,,,,,,,,,,,112,0,112,113,0.0003,0.0003,0.2,1.8322089910507202,PPO clipped-surrogate actor + half-MSE critic,0.9298421144485474,1.8321812152862549,1.3723725080490112,1.8322089910507202,1.0,0.8970702290534973,6.8136515617370605,signal-watch
ca_gat_mappo__small__seed-42__cfg-6f2181b8e38c__git-e469ac5d152b,ca_gat_mappo,small,42,e469ac5d152b50c21427eecb0c098f60c618f9f3,6f2181b8e38c9454f0e5c0e44c3d52a8d1e1e11d7c4abe30331f6c5c8ef4e824,ppo_epoch,450,28928,,,,,,,,,,,,,,,112,1,112,113,0.0003,0.0003,0.2,1.834458351135254,PPO clipped-surrogate actor + half-MSE critic,0.9247483015060425,1.846822738647461,1.3701363801956177,1.834458351135254,0.998603105545044,0.8793686032295227,6.9302077293396,signal-watch
ca_gat_mappo__small__seed-42__cfg-6f2181b8e38c__git-e469ac5d152b,ca_gat_mappo,small,42,e469ac5d152b50c21427eecb0c098f60c618f9f3,6f2181b8e38c9454f0e5c0e44c3d52a8d1e1e11d7c4abe30331f6c5c8ef4e824,ppo_epoch,451,28928,,,,,,,,,,,,,,,112,2,112,113,0.0003,0.0003,0.2,1.8215866088867188,PPO clipped-surrogate actor + half-MSE critic,0.9170793294906616,1.8363163471221924,1.3650846481323242,1.8215866088867188,0.9961110949516296,0.8227964043617249,6.847387313842773,signal-watch
ca_gat_mappo__small__seed-42__cfg-6f2181b8e38c__git-e469ac5d152b,ca_gat_mappo,small,42,e469ac5d152b50c21427eecb0c098f60c618f9f3,6f2181b8e38c9454f0e5c0e44c3d52a8d1e1e11d7c4abe30331f6c5c8ef4e824,ppo_epoch,452,28928,,,,,,,,,,,,,,,112,3,112,113,0.0003,0.0003,0.2,1.7985081672668457,PPO clipped-surrogate actor + half-MSE critic,0.9090808629989624,1.8059985637664795,1.3572003841400146,1.7985081672668457,0.9923228025436401,0.7867630124092102,6.605076789855957,signal-watch
ca_gat_mappo__small__seed-42__cfg-6f2181b8e38c__git-e469ac5d152b,ca_gat_mappo,small,42,e469ac5d152b50c21427eecb0c098f60c618f9f3,6f2181b8e38c9454f0e5c0e44c3d52a8d1e1e11d7c4abe30331f6c5c8ef4e824,ppo_epoch,453,29184,,,,,,,,,,,,,,,113,0,113,114,0.0003,0.0003,0.2,1.0356742143630981,PPO clipped-surrogate actor + half-MSE critic,-2.135222911834717,6.367222785949707,1.271420955657959,1.0356742143630981,1.0,1.2238370180130005,15.330846786499023,signal-watch
ca_gat_mappo__small__seed-42__cfg-6f2181b8e38c__git-e469ac5d152b,ca_gat_mappo,small,42,e469ac5d152b50c21427eecb0c098f60c618f9f3,6f2181b8e38c9454f0e5c0e44c3d52a8d1e1e11d7c4abe30331f6c5c8ef4e824,ppo_epoch,454,29184,,,,,,,,,,,,,,,113,1,113,114,0.0003,0.0003,0.2,1.0257073640823364,PPO clipped-surrogate actor + half-MSE critic,-2.145535945892334,6.3677215576171875,1.2617416381835938,1.0257073640823364,1.002692699432373,2.022500514984131,15.257811546325684,signal-watch
ca_gat_mappo__small__seed-42__cfg-6f2181b8e38c__git-e469ac5d152b,ca_gat_mappo,small,42,e469ac5d152b50c21427eecb0c098f60c618f9f3,6f2181b8e38c9454f0e5c0e44c3d52a8d1e1e11d7c4abe30331f6c5c8ef4e824,ppo_epoch,455,29184,,,,,,,,,,,,,,,113,2,113,114,0.0003,0.0003,0.2,0.9905486702919006,PPO clipped-surrogate actor + half-MSE critic,-2.156705379486084,6.319533824920654,1.2512843608856201,0.9905486702919006,1.008120059967041,0.9716478586196899,15.046059608459473,signal-watch
ca_gat_mappo__small__seed-42__cfg-6f2181b8e38c__git-e469ac5d152b,ca_gat_mappo,small,42,e469ac5d152b50c21427eecb0c098f60c618f9f3,6f2181b8e38c9454f0e5c0e44c3d52a8d1e1e11d7c4abe30331f6c5c8ef4e824,ppo_epoch,456,29184,,,,,,,,,,,,,,,113,3,113,114,0.0003,0.0003,0.2,0.9364421367645264,PPO clipped-surrogate actor + half-MSE critic,-2.1662325859069824,6.230079650878906,1.2365107536315918,0.9364421367645264,1.0135774612426758,1.164160132408142,14.700223922729492,signal-watch
ca_gat_mappo__small__seed-42__cfg-6f2181b8e38c__git-e469ac5d152b,ca_gat_mappo,small,42,e469ac5d152b50c21427eecb0c098f60c618f9f3,6f2181b8e38c9454f0e5c0e44c3d52a8d1e1e11d7c4abe30331f6c5c8ef4e824,ppo_epoch,457,29440,,,,,,,,,,,,,,,114,0,114,115,0.0003,0.0003,0.2,-0.2083287537097931,PPO clipped-surrogate actor + half-MSE critic,-0.8600698113441467,1.3260414600372314,1.1279667615890503,-0.2083287537097931,1.0,1.4374878406524658,7.190073490142822,signal-watch
ca_gat_mappo__small__seed-42__cfg-6f2181b8e38c__git-e469ac5d152b,ca_gat_mappo,small,42,e469ac5d152b50c21427eecb0c098f60c618f9f3,6f2181b8e38c9454f0e5c0e44c3d52a8d1e1e11d7c4abe30331f6c5c8ef4e824,ppo_epoch,458,29440,,,,,,,,,,,,,,,114,1,114,115,0.0003,0.0003,0.2,-0.260010302066803,PPO clipped-surrogate actor + half-MSE critic,-0.8648269176483154,1.231978178024292,1.1172478199005127,-0.260010302066803,0.9998440146446228,1.021933674812317,6.2839155197143555,signal-watch
ca_gat_mappo__small__seed-42__cfg-6f2181b8e38c__git-e469ac5d152b,ca_gat_mappo,small,42,e469ac5d152b50c21427eecb0c098f60c618f9f3,6f2181b8e38c9454f0e5c0e44c3d52a8d1e1e11d7c4abe30331f6c5c8ef4e824,ppo_epoch,459,29440,,,,,,,,,,,,,,,114,2,114,115,0.0003,0.0003,0.2,-0.3188208341598511,PPO clipped-surrogate actor + half-MSE critic,-0.8707961440086365,1.1260452270507812,1.104731559753418,-0.3188208341598511,1.000028371810913,1.0618937015533447,5.003671646118164,signal-watch
ca_gat_mappo__small__seed-42__cfg-6f2181b8e38c__git-e469ac5d152b,ca_gat_mappo,small,42,e469ac5d152b50c21427eecb0c098f60c618f9f3,6f2181b8e38c9454f0e5c0e44c3d52a8d1e1e11d7c4abe30331f6c5c8ef4e824,ppo_epoch,460,29440,,,,,,,,,,,,,,,114,3,114,115,0.0003,0.0003,0.2,-0.37153390049934387,PPO clipped-surrogate actor + half-MSE critic,-0.8751963376998901,1.0291762351989746,1.0925687551498413,-0.37153390049934387,1.0013346672058105,0.7110170125961304,3.328930616378784,signal-watch
ca_gat_mappo__small__seed-42__cfg-6f2181b8e38c__git-e469ac5d152b,ca_gat_mappo,small,42,e469ac5d152b50c21427eecb0c098f60c618f9f3,6f2181b8e38c9454f0e5c0e44c3d52a8d1e1e11d7c4abe30331f6c5c8ef4e824,ppo_epoch,461,29696,,,,,,,,,,,,,,,115,0,115,116,0.0003,0.0003,0.2,0.9232708811759949,PPO clipped-surrogate actor + half-MSE critic,-2.109121799468994,6.084417819976807,0.9816230535507202,0.9232708811759949,1.0,4.862118244171143,16.18368911743164,signal-watch
ca_gat_mappo__small__seed-42__cfg-6f2181b8e38c__git-e469ac5d152b,ca_gat_mappo,small,42,e469ac5d152b50c21427eecb0c098f60c618f9f3,6f2181b8e38c9454f0e5c0e44c3d52a8d1e1e11d7c4abe30331f6c5c8ef4e824,ppo_epoch,462,29696,,,,,,,,,,,,,,,115,1,115,116,0.0003,0.0003,0.2,0.721057653427124,PPO clipped-surrogate actor + half-MSE critic,-2.114394426345825,5.690430164337158,0.9763011336326599,0.721057653427124,1.0003042221069336,1.5906298160552979,15.252742767333984,signal-watch
ca_gat_mappo__small__seed-42__cfg-6f2181b8e38c__git-e469ac5d152b,ca_gat_mappo,small,42,e469ac5d152b50c21427eecb0c098f60c618f9f3,6f2181b8e38c9454f0e5c0e44c3d52a8d1e1e11d7c4abe30331f6c5c8ef4e824,ppo_epoch,463,29696,,,,,,,,,,,,,,,115,2,115,116,0.0003,0.0003,0.2,0.5023148059844971,PPO clipped-surrogate actor + half-MSE critic,-2.122681140899658,5.269433975219727,0.9721028804779053,0.5023148059844971,1.0016850233078003,3.65864634513855,14.140824317932129,signal-watch
ca_gat_mappo__small__seed-42__cfg-6f2181b8e38c__git-e469ac5d152b,ca_gat_mappo,small,42,e469ac5d152b50c21427eecb0c098f60c618f9f3,6f2181b8e38c9454f0e5c0e44c3d52a8d1e1e11d7c4abe30331f6c5c8ef4e824,ppo_epoch,464,29696,,,,,,,,,,,,,,,115,3,115,116,0.0003,0.0003,0.2,0.2735182046890259,PPO clipped-surrogate actor + half-MSE critic,-2.134594678878784,4.835592269897461,0.9683253765106201,0.2735182046890259,1.0042353868484497,1.4883102178573608,12.80152702331543,signal-watch
ca_gat_mappo__small__seed-42__cfg-6f2181b8e38c__git-e469ac5d152b,ca_gat_mappo,small,42,e469ac5d152b50c21427eecb0c098f60c618f9f3,6f2181b8e38c9454f0e5c0e44c3d52a8d1e1e11d7c4abe30331f6c5c8ef4e824,ppo_epoch,465,29952,,,,,,,,,,,,,,,116,0,116,117,0.0003,0.0003,0.2,0.1567509025335312,PPO clipped-surrogate actor + half-MSE critic,-0.9908545613288879,2.322627544403076,1.3708302974700928,0.1567509025335312,1.0,4.206700325012207,7.330774307250977,signal-watch
ca_gat_mappo__small__seed-42__cfg-6f2181b8e38c__git-e469ac5d152b,ca_gat_mappo,small,42,e469ac5d152b50c21427eecb0c098f60c618f9f3,6f2181b8e38c9454f0e5c0e44c3d52a8d1e1e11d7c4abe30331f6c5c8ef4e824,ppo_epoch,466,29952,,,,,,,,,,,,,,,116,1,116,117,0.0003,0.0003,0.2,0.08815314620733261,PPO clipped-surrogate actor + half-MSE critic,-0.99127596616745,2.186197519302368,1.36696457862854,0.08815314620733261,0.999346137046814,4.130605220794678,6.299339771270752,signal-watch
ca_gat_mappo__small__seed-42__cfg-6f2181b8e38c__git-e469ac5d152b,ca_gat_mappo,small,42,e469ac5d152b50c21427eecb0c098f60c618f9f3,6f2181b8e38c9454f0e5c0e44c3d52a8d1e1e11d7c4abe30331f6c5c8ef4e824,ppo_epoch,467,29952,,,,,,,,,,,,,,,116,2,116,117,0.0003,0.0003,0.2,0.023544341325759888,PPO clipped-surrogate actor + half-MSE critic,-0.9914404153823853,2.0572102069854736,1.3620346784591675,0.023544341325759888,0.9985920190811157,1.5712482929229736,5.0846147537231445,signal-watch
ca_gat_mappo__small__seed-42__cfg-6f2181b8e38c__git-e469ac5d152b,ca_gat_mappo,small,42,e469ac5d152b50c21427eecb0c098f60c618f9f3,6f2181b8e38c9454f0e5c0e44c3d52a8d1e1e11d7c4abe30331f6c5c8ef4e824,ppo_epoch,468,29952,,,,,,,,,,,,,,,116,3,116,117,0.0003,0.0003,0.2,-0.03437527269124985,PPO clipped-surrogate actor + half-MSE critic,-0.9941521883010864,1.9467520713806152,1.3599121570587158,-0.03437527269124985,0.9985017776489258,6.616440773010254,3.6762657165527344,signal-watch
ca_gat_mappo__small__seed-42__cfg-6f2181b8e38c__git-e469ac5d152b,ca_gat_mappo,small,42,e469ac5d152b50c21427eecb0c098f60c618f9f3,6f2181b8e38c9454f0e5c0e44c3d52a8d1e1e11d7c4abe30331f6c5c8ef4e824,ppo_epoch,469,30208,,,,,,,,,,,,,,,117,0,117,118,0.0003,0.0003,0.2,1.4106248617172241,PPO clipped-surrogate actor + half-MSE critic,-0.6091152429580688,4.060585975646973,1.0552937984466553,1.4106248617172241,1.0,1.4786403179168701,6.626934051513672,signal-watch
ca_gat_mappo__small__seed-42__cfg-6f2181b8e38c__git-e469ac5d152b,ca_gat_mappo,small,42,e469ac5d152b50c21427eecb0c098f60c618f9f3,6f2181b8e38c9454f0e5c0e44c3d52a8d1e1e11d7c4abe30331f6c5c8ef4e824,ppo_epoch,470,30208,,,,,,,,,,,,,,,117,1,117,118,0.0003,0.0003,0.2,1.340003490447998,PPO clipped-surrogate actor + half-MSE critic,-0.6152344942092896,3.931576728820801,1.055032730102539,1.340003490447998,0.9998721480369568,17.571998596191406,6.349093914031982,signal-watch
ca_gat_mappo__small__seed-42__cfg-6f2181b8e38c__git-e469ac5d152b,ca_gat_mappo,small,42,e469ac5d152b50c21427eecb0c098f60c618f9f3,6f2181b8e38c9454f0e5c0e44c3d52a8d1e1e11d7c4abe30331f6c5c8ef4e824,ppo_epoch,471,30208,,,,,,,,,,,,,,,117,2,117,118,0.0003,0.0003,0.2,1.2549312114715576,PPO clipped-surrogate actor + half-MSE critic,-0.6212266683578491,3.77339506149292,1.0539594888687134,1.2549312114715576,1.0010240077972412,2.7042014598846436,5.972388744354248,signal-watch
ca_gat_mappo__small__seed-42__cfg-6f2181b8e38c__git-e469ac5d152b,ca_gat_mappo,small,42,e469ac5d152b50c21427eecb0c098f60c618f9f3,6f2181b8e38c9454f0e5c0e44c3d52a8d1e1e11d7c4abe30331f6c5c8ef4e824,ppo_epoch,472,30208,,,,,,,,,,,,,,,117,3,117,118,0.0003,0.0003,0.2,1.1588873863220215,PPO clipped-surrogate actor + half-MSE critic,-0.6290436387062073,3.596947193145752,1.0542652606964111,1.1588873863220215,1.0013542175292969,1.6520084142684937,5.503946304321289,signal-watch
ca_gat_mappo__small__seed-42__cfg-6f2181b8e38c__git-e469ac5d152b,ca_gat_mappo,small,42,e469ac5d152b50c21427eecb0c098f60c618f9f3,6f2181b8e38c9454f0e5c0e44c3d52a8d1e1e11d7c4abe30331f6c5c8ef4e824,ppo_epoch,473,30464,,,,,,,,,,,,,,,118,0,118,119,0.0003,0.0003,0.2,-0.33711203932762146,PPO clipped-surrogate actor + half-MSE critic,-0.8244816064834595,0.994728147983551,0.999451756477356,-0.33711203932762146,1.0,3.968473434448242,9.234308242797852,signal-watch
ca_gat_mappo__small__seed-42__cfg-6f2181b8e38c__git-e469ac5d152b,ca_gat_mappo,small,42,e469ac5d152b50c21427eecb0c098f60c618f9f3,6f2181b8e38c9454f0e5c0e44c3d52a8d1e1e11d7c4abe30331f6c5c8ef4e824,ppo_epoch,474,30464,,,,,,,,,,,,,,,118,1,118,119,0.0003,0.0003,0.2,-0.37792322039604187,PPO clipped-surrogate actor + half-MSE critic,-0.82491135597229,0.914023756980896,1.0023746490478516,-0.37792322039604187,1.0003509521484375,0.7018061280250549,8.40024185180664,signal-watch
ca_gat_mappo__small__seed-42__cfg-6f2181b8e38c__git-e469ac5d152b,ca_gat_mappo,small,42,e469ac5d152b50c21427eecb0c098f60c618f9f3,6f2181b8e38c9454f0e5c0e44c3d52a8d1e1e11d7c4abe30331f6c5c8ef4e824,ppo_epoch,475,30464,,,,,,,,,,,,,,,118,2,118,119,0.0003,0.0003,0.2,-0.44087180495262146,PPO clipped-surrogate actor + half-MSE critic,-0.8271795511245728,0.792690634727478,1.0037572383880615,-0.44087180495262146,1.001006841659546,0.6035774946212769,6.7754974365234375,signal-watch
ca_gat_mappo__small__seed-42__cfg-6f2181b8e38c__git-e469ac5d152b,ca_gat_mappo,small,42,e469ac5d152b50c21427eecb0c098f60c618f9f3,6f2181b8e38c9454f0e5c0e44c3d52a8d1e1e11d7c4abe30331f6c5c8ef4e824,ppo_epoch,476,30464,,,,,,,,,,,,,,,118,3,118,119,0.0003,0.0003,0.2,-0.5086680054664612,PPO clipped-surrogate actor + half-MSE critic,-0.8326984643936157,0.6681418418884277,1.004045009613037,-0.5086680054664612,1.0029696226119995,0.6200554966926575,4.594610214233398,signal-watch
ca_gat_mappo__small__seed-42__cfg-6f2181b8e38c__git-e469ac5d152b,ca_gat_mappo,small,42,e469ac5d152b50c21427eecb0c098f60c618f9f3,6f2181b8e38c9454f0e5c0e44c3d52a8d1e1e11d7c4abe30331f6c5c8ef4e824,ppo_epoch,477,30720,,,,,,,,,,,,,,,119,0,119,120,0.0003,0.0003,0.2,0.3484964966773987,PPO clipped-surrogate actor + half-MSE critic,-1.7541224956512451,4.223904609680176,0.9333299398422241,0.3484964966773987,1.0,0.9396411776542664,13.957040786743164,signal-watch
ca_gat_mappo__small__seed-42__cfg-6f2181b8e38c__git-e469ac5d152b,ca_gat_mappo,small,42,e469ac5d152b50c21427eecb0c098f60c618f9f3,6f2181b8e38c9454f0e5c0e44c3d52a8d1e1e11d7c4abe30331f6c5c8ef4e824,ppo_epoch,478,30720,,,,,,,,,,,,,,,119,1,119,120,0.0003,0.0003,0.2,0.20333360135555267,PPO clipped-surrogate actor + half-MSE critic,-1.7590270042419434,3.9432692527770996,0.9274023771286011,0.20333360135555267,1.001305103302002,1.0479544401168823,13.182045936584473,signal-watch
ca_gat_mappo__small__seed-42__cfg-6f2181b8e38c__git-e469ac5d152b,ca_gat_mappo,small,42,e469ac5d152b50c21427eecb0c098f60c618f9f3,6f2181b8e38c9454f0e5c0e44c3d52a8d1e1e11d7c4abe30331f6c5c8ef4e824,ppo_epoch,479,30720,,,,,,,,,,,,,,,119,2,119,120,0.0003,0.0003,0.2,0.033052656799554825,PPO clipped-surrogate actor + half-MSE critic,-1.768317461013794,3.621152877807617,0.9206322431564331,0.033052656799554825,1.0036814212799072,0.812887966632843,12.22278881072998,signal-watch
ca_gat_mappo__small__seed-42__cfg-6f2181b8e38c__git-e469ac5d152b,ca_gat_mappo,small,42,e469ac5d152b50c21427eecb0c098f60c618f9f3,6f2181b8e38c9454f0e5c0e44c3d52a8d1e1e11d7c4abe30331f6c5c8ef4e824,ppo_epoch,480,30720,,,,,,,,,,,,,,,119,3,119,120,0.0003,0.0003,0.2,-0.14586703479290009,PPO clipped-surrogate actor + half-MSE critic,-1.7751516103744507,3.2768285274505615,0.9129684567451477,-0.14586703479290009,1.0055936574935913,0.9099164605140686,11.087158203125,signal-watch
ca_gat_mappo__small__seed-42__cfg-6f2181b8e38c__git-e469ac5d152b,ca_gat_mappo,small,42,e469ac5d152b50c21427eecb0c098f60c618f9f3,6f2181b8e38c9454f0e5c0e44c3d52a8d1e1e11d7c4abe30331f6c5c8ef4e824,ppo_epoch,481,30976,,,,,,,,,,,,,,,120,0,120,121,0.0003,0.0003,0.2,-0.1403694748878479,PPO clipped-surrogate actor + half-MSE critic,-0.4775961935520172,0.6981564164161682,1.1851487159729004,-0.1403694748878479,0.9999999403953552,2.6903164386749268,3.8382034301757812,signal-watch
ca_gat_mappo__small__seed-42__cfg-6f2181b8e38c__git-e469ac5d152b,ca_gat_mappo,small,42,e469ac5d152b50c21427eecb0c098f60c618f9f3,6f2181b8e38c9454f0e5c0e44c3d52a8d1e1e11d7c4abe30331f6c5c8ef4e824,ppo_epoch,482,30976,,,,,,,,,,,,,,,120,1,120,121,0.0003,0.0003,0.2,-0.16561844944953918,PPO clipped-surrogate actor + half-MSE critic,-0.4772390127182007,0.6468065977096558,1.178274154663086,-0.16561844944953918,0.9995313882827759,1.3682280778884888,2.8126776218414307,signal-watch
ca_gat_mappo__small__seed-42__cfg-6f2181b8e38c__git-e469ac5d152b,ca_gat_mappo,small,42,e469ac5d152b50c21427eecb0c098f60c618f9f3,6f2181b8e38c9454f0e5c0e44c3d52a8d1e1e11d7c4abe30331f6c5c8ef4e824,ppo_epoch,483,30976,,,,,,,,,,,,,,,120,2,120,121,0.0003,0.0003,0.2,-0.1898740828037262,PPO clipped-surrogate actor + half-MSE critic,-0.4806654155254364,0.6050232648849487,1.1720304489135742,-0.1898740828037262,1.0002508163452148,0.9822098612785339,1.4295382499694824,signal-watch
ca_gat_mappo__small__seed-42__cfg-6f2181b8e38c__git-e469ac5d152b,ca_gat_mappo,small,42,e469ac5d152b50c21427eecb0c098f60c618f9f3,6f2181b8e38c9454f0e5c0e44c3d52a8d1e1e11d7c4abe30331f6c5c8ef4e824,ppo_epoch,484,30976,,,,,,,,,,,,,,,120,3,120,121,0.0003,0.0003,0.2,-0.19912976026535034,PPO clipped-surrogate actor + half-MSE critic,-0.48434653878211975,0.5938063859939575,1.1686409711837769,-0.19912976026535034,1.001947283744812,0.4988457262516022,0.7083489298820496,signal-watch
ca_gat_mappo__small__seed-42__cfg-6f2181b8e38c__git-e469ac5d152b,ca_gat_mappo,small,42,e469ac5d152b50c21427eecb0c098f60c618f9f3,6f2181b8e38c9454f0e5c0e44c3d52a8d1e1e11d7c4abe30331f6c5c8ef4e824,ppo_epoch,485,31232,,,,,,,,,,,,,,,121,0,121,122,0.0003,0.0003,0.2,2.012888193130493,PPO clipped-surrogate actor + half-MSE critic,-0.5697991251945496,5.184678077697754,0.9651552438735962,2.012888193130493,1.0,1.428971529006958,4.923931121826172,signal-watch
ca_gat_mappo__small__seed-42__cfg-6f2181b8e38c__git-e469ac5d152b,ca_gat_mappo,small,42,e469ac5d152b50c21427eecb0c098f60c618f9f3,6f2181b8e38c9454f0e5c0e44c3d52a8d1e1e11d7c4abe30331f6c5c8ef4e824,ppo_epoch,486,31232,,,,,,,,,,,,,,,121,1,121,122,0.0003,0.0003,0.2,1.963020920753479,PPO clipped-surrogate actor + half-MSE critic,-0.5792939066886902,5.103916168212891,0.9643229246139526,1.963020920753479,0.9997813105583191,1.4520448446273804,4.334453582763672,signal-watch
ca_gat_mappo__small__seed-42__cfg-6f2181b8e38c__git-e469ac5d152b,ca_gat_mappo,small,42,e469ac5d152b50c21427eecb0c098f60c618f9f3,6f2181b8e38c9454f0e5c0e44c3d52a8d1e1e11d7c4abe30331f6c5c8ef4e824,ppo_epoch,487,31232,,,,,,,,,,,,,,,121,2,121,122,0.0003,0.0003,0.2,1.9049293994903564,PPO clipped-surrogate actor + half-MSE critic,-0.5925736427307129,5.014303684234619,0.9648741483688354,1.9049293994903564,0.9976387619972229,1.0983868837356567,3.896657705307007,signal-watch
ca_gat_mappo__small__seed-42__cfg-6f2181b8e38c__git-e469ac5d152b,ca_gat_mappo,small,42,e469ac5d152b50c21427eecb0c098f60c618f9f3,6f2181b8e38c9454f0e5c0e44c3d52a8d1e1e11d7c4abe30331f6c5c8ef4e824,ppo_epoch,488,31232,,,,,,,,,,,,,,,121,3,121,122,0.0003,0.0003,0.2,1.8598697185516357,PPO clipped-surrogate actor + half-MSE critic,-0.588112473487854,4.915189743041992,0.9612677693367004,1.8598697185516357,0.9964358806610107,2.1873695850372314,3.612377643585205,signal-watch
ca_gat_mappo__small__seed-42__cfg-6f2181b8e38c__git-e469ac5d152b,ca_gat_mappo,small,42,e469ac5d152b50c21427eecb0c098f60c618f9f3,6f2181b8e38c9454f0e5c0e44c3d52a8d1e1e11d7c4abe30331f6c5c8ef4e824,ppo_epoch,489,31488,,,,,,,,,,,,,,,122,0,122,123,0.0003,0.0003,0.2,0.8375177979469299,PPO clipped-surrogate actor + half-MSE critic,0.4654145836830139,0.7677634954452515,1.177851676940918,0.8375177979469299,1.0,0.6015666127204895,4.166769981384277,signal-watch
ca_gat_mappo__small__seed-42__cfg-6f2181b8e38c__git-e469ac5d152b,ca_gat_mappo,small,42,e469ac5d152b50c21427eecb0c098f60c618f9f3,6f2181b8e38c9454f0e5c0e44c3d52a8d1e1e11d7c4abe30331f6c5c8ef4e824,ppo_epoch,490,31488,,,,,,,,,,,,,,,122,1,122,123,0.0003,0.0003,0.2,0.866395890712738,PPO clipped-surrogate actor + half-MSE critic,0.46398046612739563,0.8283252716064453,1.174719214439392,0.866395890712738,0.9992786645889282,0.6768388748168945,5.211572170257568,signal-watch
ca_gat_mappo__small__seed-42__cfg-6f2181b8e38c__git-e469ac5d152b,ca_gat_mappo,small,42,e469ac5d152b50c21427eecb0c098f60c618f9f3,6f2181b8e38c9454f0e5c0e44c3d52a8d1e1e11d7c4abe30331f6c5c8ef4e824,ppo_epoch,491,31488,,,,,,,,,,,,,,,122,2,122,123,0.0003,0.0003,0.2,0.879435122013092,PPO clipped-surrogate actor + half-MSE critic,0.46388882398605347,0.8545275926589966,1.1717498302459717,0.879435122013092,0.9970158934593201,6.2858567237854,5.5835771560668945,signal-watch
ca_gat_mappo__small__seed-42__cfg-6f2181b8e38c__git-e469ac5d152b,ca_gat_mappo,small,42,e469ac5d152b50c21427eecb0c098f60c618f9f3,6f2181b8e38c9454f0e5c0e44c3d52a8d1e1e11d7c4abe30331f6c5c8ef4e824,ppo_epoch,492,31488,,,,,,,,,,,,,,,122,3,122,123,0.0003,0.0003,0.2,0.8735090494155884,PPO clipped-surrogate actor + half-MSE critic,0.4633690118789673,0.8436094522476196,1.166466474533081,0.8735090494155884,0.995669960975647,2.217559814453125,5.380023002624512,signal-watch
ca_gat_mappo__small__seed-42__cfg-6f2181b8e38c__git-e469ac5d152b,ca_gat_mappo,small,42,e469ac5d152b50c21427eecb0c098f60c618f9f3,6f2181b8e38c9454f0e5c0e44c3d52a8d1e1e11d7c4abe30331f6c5c8ef4e824,ppo_epoch,493,31744,,,,,,,,,,,,,,,123,0,123,124,0.0003,0.0003,0.2,1.1908214092254639,PPO clipped-surrogate actor + half-MSE critic,-0.9221958518028259,4.248744010925293,1.1354732513427734,1.1908214092254639,1.0,0.7068592309951782,8.407064437866211,signal-watch
ca_gat_mappo__small__seed-42__cfg-6f2181b8e38c__git-e469ac5d152b,ca_gat_mappo,small,42,e469ac5d152b50c21427eecb0c098f60c618f9f3,6f2181b8e38c9454f0e5c0e44c3d52a8d1e1e11d7c4abe30331f6c5c8ef4e824,ppo_epoch,494,31744,,,,,,,,,,,,,,,123,1,123,124,0.0003,0.0003,0.2,1.176316499710083,PPO clipped-surrogate actor + half-MSE critic,-0.9262607097625732,4.227809429168701,1.1327481269836426,1.176316499710083,0.9997664093971252,1.5154967308044434,8.135696411132812,signal-watch
ca_gat_mappo__small__seed-42__cfg-6f2181b8e38c__git-e469ac5d152b,ca_gat_mappo,small,42,e469ac5d152b50c21427eecb0c098f60c618f9f3,6f2181b8e38c9454f0e5c0e44c3d52a8d1e1e11d7c4abe30331f6c5c8ef4e824,ppo_epoch,495,31744,,,,,,,,,,,,,,,123,2,123,124,0.0003,0.0003,0.2,1.1370829343795776,PPO clipped-surrogate actor + half-MSE critic,-0.9319841861724854,4.160716533660889,1.1291108131408691,1.1370829343795776,1.0006139278411865,3.525780200958252,7.708258628845215,signal-watch
ca_gat_mappo__small__seed-42__cfg-6f2181b8e38c__git-e469ac5d152b,ca_gat_mappo,small,42,e469ac5d152b50c21427eecb0c098f60c618f9f3,6f2181b8e38c9454f0e5c0e44c3d52a8d1e1e11d7c4abe30331f6c5c8ef4e824,ppo_epoch,496,31744,,,,,,,,,,,,,,,123,3,123,124,0.0003,0.0003,0.2,1.0813875198364258,PPO clipped-surrogate actor + half-MSE critic,-0.9375618696212769,4.060458660125732,1.1279898881912231,1.0813875198364258,1.0014901161193848,0.7867773771286011,7.149471759796143,signal-watch
ca_gat_mappo__small__seed-42__cfg-6f2181b8e38c__git-e469ac5d152b,ca_gat_mappo,small,42,e469ac5d152b50c21427eecb0c098f60c618f9f3,6f2181b8e38c9454f0e5c0e44c3d52a8d1e1e11d7c4abe30331f6c5c8ef4e824,ppo_epoch,497,32000,,,,,,,,,,,,,,,124,0,124,125,0.0003,0.0003,0.2,1.2791398763656616,PPO clipped-surrogate actor + half-MSE critic,-1.4073646068572998,5.39261531829834,0.9803138971328735,1.2791398763656616,1.0,1.7243924140930176,10.405726432800293,signal-watch
ca_gat_mappo__small__seed-42__cfg-6f2181b8e38c__git-e469ac5d152b,ca_gat_mappo,small,42,e469ac5d152b50c21427eecb0c098f60c618f9f3,6f2181b8e38c9454f0e5c0e44c3d52a8d1e1e11d7c4abe30331f6c5c8ef4e824,ppo_epoch,498,32000,,,,,,,,,,,,,,,124,1,124,125,0.0003,0.0003,0.2,1.2023465633392334,PPO clipped-surrogate actor + half-MSE critic,-1.411202311515808,5.246665954589844,0.9784119725227356,1.2023465633392334,1.0009818077087402,14.86215877532959,9.630537986755371,signal-watch
ca_gat_mappo__small__seed-42__cfg-6f2181b8e38c__git-e469ac5d152b,ca_gat_mappo,small,42,e469ac5d152b50c21427eecb0c098f60c618f9f3,6f2181b8e38c9454f0e5c0e44c3d52a8d1e1e11d7c4abe30331f6c5c8ef4e824,ppo_epoch,499,32000,,,,,,,,,,,,,,,124,2,124,125,0.0003,0.0003,0.2,1.114321231842041,PPO clipped-surrogate actor + half-MSE critic,-1.4160867929458618,5.08035945892334,0.9771758317947388,1.114321231842041,1.0011422634124756,2.22516131401062,8.658886909484863,signal-watch
ca_gat_mappo__small__seed-42__cfg-6f2181b8e38c__git-e469ac5d152b,ca_gat_mappo,small,42,e469ac5d152b50c21427eecb0c098f60c618f9f3,6f2181b8e38c9454f0e5c0e44c3d52a8d1e1e11d7c4abe30331f6c5c8ef4e824,ppo_epoch,500,32000,,,,,,,,,,,,,,,124,3,124,125,0.0003,0.0003,0.2,1.0229761600494385,PPO clipped-surrogate actor + half-MSE critic,-1.4202580451965332,4.906009674072266,0.9770687818527222,1.0229761600494385,1.0017967224121094,41.461334228515625,7.451948165893555,signal-watch
ca_gat_mappo__small__seed-42__cfg-6f2181b8e38c__git-e469ac5d152b,ca_gat_mappo,small,42,e469ac5d152b50c21427eecb0c098f60c618f9f3,6f2181b8e38c9454f0e5c0e44c3d52a8d1e1e11d7c4abe30331f6c5c8ef4e824,ppo_epoch,501,32256,,,,,,,,,,,,,,,125,0,125,126,0.0003,0.0003,0.2,0.31588661670684814,PPO clipped-surrogate actor + half-MSE critic,0.05155572667717934,0.5464963316917419,0.8917282223701477,0.31588661670684814,1.0,0.39659395813941956,1.2499845027923584,signal-watch
ca_gat_mappo__small__seed-42__cfg-6f2181b8e38c__git-e469ac5d152b,ca_gat_mappo,small,42,e469ac5d152b50c21427eecb0c098f60c618f9f3,6f2181b8e38c9454f0e5c0e44c3d52a8d1e1e11d7c4abe30331f6c5c8ef4e824,ppo_epoch,502,32256,,,,,,,,,,,,,,,125,1,125,126,0.0003,0.0003,0.2,0.309801310300827,PPO clipped-surrogate actor + half-MSE critic,0.0505712553858757,0.5362780094146729,0.890894889831543,0.309801310300827,0.9999843835830688,0.3120414614677429,1.2536038160324097,signal-watch
ca_gat_mappo__small__seed-42__cfg-6f2181b8e38c__git-e469ac5d152b,ca_gat_mappo,small,42,e469ac5d152b50c21427eecb0c098f60c618f9f3,6f2181b8e38c9454f0e5c0e44c3d52a8d1e1e11d7c4abe30331f6c5c8ef4e824,ppo_epoch,503,32256,,,,,,,,,,,,,,,125,2,125,126,0.0003,0.0003,0.2,0.29896557331085205,PPO clipped-surrogate actor + half-MSE critic,0.04927092790603638,0.5171879529953003,0.8899316787719727,0.29896557331085205,0.9993261694908142,0.4531201720237732,1.0556586980819702,signal-watch
ca_gat_mappo__small__seed-42__cfg-6f2181b8e38c__git-e469ac5d152b,ca_gat_mappo,small,42,e469ac5d152b50c21427eecb0c098f60c618f9f3,6f2181b8e38c9454f0e5c0e44c3d52a8d1e1e11d7c4abe30331f6c5c8ef4e824,ppo_epoch,504,32256,,,,,,,,,,,,,,,125,3,125,126,0.0003,0.0003,0.2,0.2854580283164978,PPO clipped-surrogate actor + half-MSE critic,0.04741576313972473,0.49386876821517944,0.8892107009887695,0.2854580283164978,0.9991092681884766,0.33650925755500793,0.8635109066963196,signal-watch
ca_gat_mappo__small__seed-42__cfg-6f2181b8e38c__git-e469ac5d152b,ca_gat_mappo,small,42,e469ac5d152b50c21427eecb0c098f60c618f9f3,6f2181b8e38c9454f0e5c0e44c3d52a8d1e1e11d7c4abe30331f6c5c8ef4e824,ppo_epoch,505,32512,,,,,,,,,,,,,,,126,0,126,127,0.0003,0.0003,0.2,0.8957412838935852,PPO clipped-surrogate actor + half-MSE critic,-1.096170425415039,3.99912691116333,0.7651728391647339,0.8957412838935852,1.0,2.6713263988494873,11.452847480773926,signal-watch
ca_gat_mappo__small__seed-42__cfg-6f2181b8e38c__git-e469ac5d152b,ca_gat_mappo,small,42,e469ac5d152b50c21427eecb0c098f60c618f9f3,6f2181b8e38c9454f0e5c0e44c3d52a8d1e1e11d7c4abe30331f6c5c8ef4e824,ppo_epoch,506,32512,,,,,,,,,,,,,,,126,1,126,127,0.0003,0.0003,0.2,0.9077829718589783,PPO clipped-surrogate actor + half-MSE critic,-1.099236249923706,4.029350280761719,0.7655916213989258,0.9077829718589783,1.001306414604187,1.6604968309402466,11.675334930419922,signal-watch
ca_gat_mappo__small__seed-42__cfg-6f2181b8e38c__git-e469ac5d152b,ca_gat_mappo,small,42,e469ac5d152b50c21427eecb0c098f60c618f9f3,6f2181b8e38c9454f0e5c0e44c3d52a8d1e1e11d7c4abe30331f6c5c8ef4e824,ppo_epoch,507,32512,,,,,,,,,,,,,,,126,2,126,127,0.0003,0.0003,0.2,0.8758156895637512,PPO clipped-surrogate actor + half-MSE critic,-1.1075818538665771,3.9821414947509766,0.7673203945159912,0.8758156895637512,1.001636266708374,1.835349202156067,11.215902328491211,signal-watch
ca_gat_mappo__small__seed-42__cfg-6f2181b8e38c__git-e469ac5d152b,ca_gat_mappo,small,42,e469ac5d152b50c21427eecb0c098f60c618f9f3,6f2181b8e38c9454f0e5c0e44c3d52a8d1e1e11d7c4abe30331f6c5c8ef4e824,ppo_epoch,508,32512,,,,,,,,,,,,,,,126,3,126,127,0.0003,0.0003,0.2,0.8157556056976318,PPO clipped-surrogate actor + half-MSE critic,-1.1149808168411255,3.8768467903137207,0.7686998248100281,0.8157556056976318,1.0008729696273804,1.6789100170135498,10.175101280212402,signal-watch
ca_gat_mappo__small__seed-42__cfg-6f2181b8e38c__git-e469ac5d152b,ca_gat_mappo,small,42,e469ac5d152b50c21427eecb0c098f60c618f9f3,6f2181b8e38c9454f0e5c0e44c3d52a8d1e1e11d7c4abe30331f6c5c8ef4e824,ppo_epoch,509,32768,,,,,,,,,,,,,,,127,0,127,128,0.0003,0.0003,0.2,0.3892919421195984,PPO clipped-surrogate actor + half-MSE critic,-0.14861896634101868,1.0997552871704102,1.1966739892959595,0.3892919421195984,1.0,0.5838004946708679,3.1786181926727295,signal-watch
ca_gat_mappo__small__seed-42__cfg-6f2181b8e38c__git-e469ac5d152b,ca_gat_mappo,small,42,e469ac5d152b50c21427eecb0c098f60c618f9f3,6f2181b8e38c9454f0e5c0e44c3d52a8d1e1e11d7c4abe30331f6c5c8ef4e824,ppo_epoch,510,32768,,,,,,,,,,,,,,,127,1,127,128,0.0003,0.0003,0.2,0.37551403045654297,PPO clipped-surrogate actor + half-MSE critic,-0.14905911684036255,1.0730692148208618,1.1961445808410645,0.37551403045654297,0.9995346069335938,0.6323810815811157,2.6544134616851807,signal-watch
ca_gat_mappo__small__seed-42__cfg-6f2181b8e38c__git-e469ac5d152b,ca_gat_mappo,small,42,e469ac5d152b50c21427eecb0c098f60c618f9f3,6f2181b8e38c9454f0e5c0e44c3d52a8d1e1e11d7c4abe30331f6c5c8ef4e824,ppo_epoch,511,32768,,,,,,,,,,,,,,,127,2,127,128,0.0003,0.0003,0.2,0.35514020919799805,PPO clipped-surrogate actor + half-MSE critic,-0.15208174288272858,1.0383245944976807,1.1940371990203857,0.35514020919799805,0.9991244077682495,0.5699449181556702,2.0602853298187256,signal-watch
ca_gat_mappo__small__seed-42__cfg-6f2181b8e38c__git-e469ac5d152b,ca_gat_mappo,small,42,e469ac5d152b50c21427eecb0c098f60c618f9f3,6f2181b8e38c9454f0e5c0e44c3d52a8d1e1e11d7c4abe30331f6c5c8ef4e824,ppo_epoch,512,32768,,,,,,,,,,,,,,,127,3,127,128,0.0003,0.0003,0.2,0.33484190702438354,PPO clipped-surrogate actor + half-MSE critic,-0.15646860003471375,1.0064356327056885,1.1907299757003784,0.33484190702438354,0.9985373020172119,0.8212168216705322,1.7338391542434692,signal-watch
ca_gat_mappo__small__seed-42__cfg-6f2181b8e38c__git-e469ac5d152b,ca_gat_mappo,small,42,e469ac5d152b50c21427eecb0c098f60c618f9f3,6f2181b8e38c9454f0e5c0e44c3d52a8d1e1e11d7c4abe30331f6c5c8ef4e824,ppo_epoch,513,33024,,,,,,,,,,,,,,,128,0,128,129,0.0003,0.0003,0.2,0.5111356973648071,PPO clipped-surrogate actor + half-MSE critic,-1.3735569715499878,3.790165662765503,1.039014220237732,0.5111356973648071,1.0,1.4163440465927124,10.917616844177246,signal-watch
ca_gat_mappo__small__seed-42__cfg-6f2181b8e38c__git-e469ac5d152b,ca_gat_mappo,small,42,e469ac5d152b50c21427eecb0c098f60c618f9f3,6f2181b8e38c9454f0e5c0e44c3d52a8d1e1e11d7c4abe30331f6c5c8ef4e824,ppo_epoch,514,33024,,,,,,,,,,,,,,,128,1,128,129,0.0003,0.0003,0.2,0.44501882791519165,PPO clipped-surrogate actor + half-MSE critic,-1.3784279823303223,3.66763973236084,1.0373061895370483,0.44501882791519165,1.0001239776611328,1.359833002090454,10.086166381835938,signal-watch
ca_gat_mappo__small__seed-42__cfg-6f2181b8e38c__git-e469ac5d152b,ca_gat_mappo,small,42,e469ac5d152b50c21427eecb0c098f60c618f9f3,6f2181b8e38c9454f0e5c0e44c3d52a8d1e1e11d7c4abe30331f6c5c8ef4e824,ppo_epoch,515,33024,,,,,,,,,,,,,,,128,2,128,129,0.0003,0.0003,0.2,0.3606486916542053,PPO clipped-surrogate actor + half-MSE critic,-1.3868494033813477,3.5157203674316406,1.0362098217010498,0.3606486916542053,1.001220464706421,0.8975724577903748,8.942597389221191,signal-watch
ca_gat_mappo__small__seed-42__cfg-6f2181b8e38c__git-e469ac5d152b,ca_gat_mappo,small,42,e469ac5d152b50c21427eecb0c098f60c618f9f3,6f2181b8e38c9454f0e5c0e44c3d52a8d1e1e11d7c4abe30331f6c5c8ef4e824,ppo_epoch,516,33024,,,,,,,,,,,,,,,128,3,128,129,0.0003,0.0003,0.2,0.2716582119464874,PPO clipped-surrogate actor + half-MSE critic,-1.395780324935913,3.3555779457092285,1.0350441932678223,0.2716582119464874,1.0029360055923462,1.3321256637573242,7.540096282958984,signal-watch
ca_gat_mappo__small__seed-42__cfg-6f2181b8e38c__git-e469ac5d152b,ca_gat_mappo,small,42,e469ac5d152b50c21427eecb0c098f60c618f9f3,6f2181b8e38c9454f0e5c0e44c3d52a8d1e1e11d7c4abe30331f6c5c8ef4e824,ppo_epoch,517,33280,,,,,,,,,,,,,,,129,0,129,130,0.0003,0.0003,0.2,-0.29783910512924194,PPO clipped-surrogate actor + half-MSE critic,-1.0367233753204346,1.4952495098114014,0.8740484714508057,-0.29783910512924194,1.0,0.5266153812408447,10.5501127243042,signal-watch
ca_gat_mappo__small__seed-42__cfg-6f2181b8e38c__git-e469ac5d152b,ca_gat_mappo,small,42,e469ac5d152b50c21427eecb0c098f60c618f9f3,6f2181b8e38c9454f0e5c0e44c3d52a8d1e1e11d7c4abe30331f6c5c8ef4e824,ppo_epoch,518,33280,,,,,,,,,,,,,,,129,1,129,130,0.0003,0.0003,0.2,-0.3610728979110718,PPO clipped-surrogate actor + half-MSE critic,-1.0384491682052612,1.3722846508026123,0.8766059875488281,-0.3610728979110718,1.0005332231521606,0.510097086429596,9.781637191772461,signal-watch
ca_gat_mappo__small__seed-42__cfg-6f2181b8e38c__git-e469ac5d152b,ca_gat_mappo,small,42,e469ac5d152b50c21427eecb0c098f60c618f9f3,6f2181b8e38c9454f0e5c0e44c3d52a8d1e1e11d7c4abe30331f6c5c8ef4e824,ppo_epoch,519,33280,,,,,,,,,,,,,,,129,2,129,130,0.0003,0.0003,0.2,-0.44706466794013977,PPO clipped-surrogate actor + half-MSE critic,-1.0419414043426514,1.2073357105255127,0.8791121244430542,-0.44706466794013977,1.0009210109710693,0.7092775702476501,8.722290992736816,signal-watch
ca_gat_mappo__small__seed-42__cfg-6f2181b8e38c__git-e469ac5d152b,ca_gat_mappo,small,42,e469ac5d152b50c21427eecb0c098f60c618f9f3,6f2181b8e38c9454f0e5c0e44c3d52a8d1e1e11d7c4abe30331f6c5c8ef4e824,ppo_epoch,520,33280,,,,,,,,,,,,,,,129,3,129,130,0.0003,0.0003,0.2,-0.5432664752006531,PPO clipped-surrogate actor + half-MSE critic,-1.045844554901123,1.0227863788604736,0.8815089464187622,-0.5432664752006531,1.0018501281738281,0.5147985219955444,7.422769546508789,signal-watch
ca_gat_mappo__small__seed-42__cfg-6f2181b8e38c__git-e469ac5d152b,ca_gat_mappo,small,42,e469ac5d152b50c21427eecb0c098f60c618f9f3,6f2181b8e38c9454f0e5c0e44c3d52a8d1e1e11d7c4abe30331f6c5c8ef4e824,ppo_epoch,521,33536,,,,,,,,,,,,,,,130,0,130,131,0.0003,0.0003,0.2,0.5015944838523865,PPO clipped-surrogate actor + half-MSE critic,-0.7924706935882568,2.6059727668762207,0.8921189308166504,0.5015944838523865,1.0,9.003705024719238,8.204058647155762,signal-watch
ca_gat_mappo__small__seed-42__cfg-6f2181b8e38c__git-e469ac5d152b,ca_gat_mappo,small,42,e469ac5d152b50c21427eecb0c098f60c618f9f3,6f2181b8e38c9454f0e5c0e44c3d52a8d1e1e11d7c4abe30331f6c5c8ef4e824,ppo_epoch,522,33536,,,,,,,,,,,,,,,130,1,130,131,0.0003,0.0003,0.2,0.4401746690273285,PPO clipped-surrogate actor + half-MSE critic,-0.7936801314353943,2.485563039779663,0.8926717042922974,0.4401746690273285,0.998475193977356,0.7551929354667664,7.251965522766113,signal-watch
ca_gat_mappo__small__seed-42__cfg-6f2181b8e38c__git-e469ac5d152b,ca_gat_mappo,small,42,e469ac5d152b50c21427eecb0c098f60c618f9f3,6f2181b8e38c9454f0e5c0e44c3d52a8d1e1e11d7c4abe30331f6c5c8ef4e824,ppo_epoch,523,33536,,,,,,,,,,,,,,,130,2,130,131,0.0003,0.0003,0.2,0.3619857728481293,PPO clipped-surrogate actor + half-MSE critic,-0.7958078384399414,2.333444356918335,0.8928554058074951,0.3619857728481293,0.9971342086791992,3.5939910411834717,5.934169769287109,signal-watch
ca_gat_mappo__small__seed-42__cfg-6f2181b8e38c__git-e469ac5d152b,ca_gat_mappo,small,42,e469ac5d152b50c21427eecb0c098f60c618f9f3,6f2181b8e38c9454f0e5c0e44c3d52a8d1e1e11d7c4abe30331f6c5c8ef4e824,ppo_epoch,524,33536,,,,,,,,,,,,,,,130,3,130,131,0.0003,0.0003,0.2,0.28375333547592163,PPO clipped-surrogate actor + half-MSE critic,-0.797429084777832,2.1802334785461426,0.893431544303894,0.28375333547592163,0.9967396259307861,0.6604337096214294,4.346138000488281,signal-watch
ca_gat_mappo__small__seed-42__cfg-6f2181b8e38c__git-e469ac5d152b,ca_gat_mappo,small,42,e469ac5d152b50c21427eecb0c098f60c618f9f3,6f2181b8e38c9454f0e5c0e44c3d52a8d1e1e11d7c4abe30331f6c5c8ef4e824,ppo_epoch,525,33792,,,,,,,,,,,,,,,131,0,131,132,0.0003,0.0003,0.2,-0.32811757922172546,PPO clipped-surrogate actor + half-MSE critic,-1.0596296787261963,1.4831302165985107,1.0053009986877441,-0.32811757922172546,1.0,1.206839680671692,9.678227424621582,signal-watch
ca_gat_mappo__small__seed-42__cfg-6f2181b8e38c__git-e469ac5d152b,ca_gat_mappo,small,42,e469ac5d152b50c21427eecb0c098f60c618f9f3,6f2181b8e38c9454f0e5c0e44c3d52a8d1e1e11d7c4abe30331f6c5c8ef4e824,ppo_epoch,526,33792,,,,,,,,,,,,,,,131,1,131,132,0.0003,0.0003,0.2,-0.38117045164108276,PPO clipped-surrogate actor + half-MSE critic,-1.0617177486419678,1.3811960220336914,1.005070447921753,-0.38117045164108276,1.0010144710540771,0.7381502389907837,8.77882194519043,signal-watch
ca_gat_mappo__small__seed-42__cfg-6f2181b8e38c__git-e469ac5d152b,ca_gat_mappo,small,42,e469ac5d152b50c21427eecb0c098f60c618f9f3,6f2181b8e38c9454f0e5c0e44c3d52a8d1e1e11d7c4abe30331f6c5c8ef4e824,ppo_epoch,527,33792,,,,,,,,,,,,,,,131,2,131,132,0.0003,0.0003,0.2,-0.45664525032043457,PPO clipped-surrogate actor + half-MSE critic,-1.0650837421417236,1.2369486093521118,1.003582239151001,-0.45664525032043457,1.001940131187439,0.9332493543624878,7.320230960845947,signal-watch
ca_gat_mappo__small__seed-42__cfg-6f2181b8e38c__git-e469ac5d152b,ca_gat_mappo,small,42,e469ac5d152b50c21427eecb0c098f60c618f9f3,6f2181b8e38c9454f0e5c0e44c3d52a8d1e1e11d7c4abe30331f6c5c8ef4e824,ppo_epoch,528,33792,,,,,,,,,,,,,,,131,3,131,132,0.0003,0.0003,0.2,-0.5334899425506592,PPO clipped-surrogate actor + half-MSE critic,-1.067150592803955,1.087359070777893,1.0018855333328247,-0.5334899425506592,1.0024361610412598,1.3240792751312256,5.3748369216918945,signal-watch
ca_gat_mappo__small__seed-42__cfg-6f2181b8e38c__git-e469ac5d152b,ca_gat_mappo,small,42,e469ac5d152b50c21427eecb0c098f60c618f9f3,6f2181b8e38c9454f0e5c0e44c3d52a8d1e1e11d7c4abe30331f6c5c8ef4e824,ppo_epoch,529,34048,,,,,,,,,,,,,,,132,0,132,133,0.0003,0.0003,0.2,0.5092875957489014,PPO clipped-surrogate actor + half-MSE critic,-1.4713432788848877,3.978787660598755,0.8762980699539185,0.5092875957489014,1.0,0.9834761023521423,11.504067420959473,signal-watch
ca_gat_mappo__small__seed-42__cfg-6f2181b8e38c__git-e469ac5d152b,ca_gat_mappo,small,42,e469ac5d152b50c21427eecb0c098f60c618f9f3,6f2181b8e38c9454f0e5c0e44c3d52a8d1e1e11d7c4abe30331f6c5c8ef4e824,ppo_epoch,530,34048,,,,,,,,,,,,,,,132,1,132,133,0.0003,0.0003,0.2,0.3564317524433136,PPO clipped-surrogate actor + half-MSE critic,-1.4747414588928223,3.6798200607299805,0.8736832737922668,0.3564317524433136,1.0006005764007568,0.7507913708686829,9.48702621459961,signal-watch
ca_gat_mappo__small__seed-42__cfg-6f2181b8e38c__git-e469ac5d152b,ca_gat_mappo,small,42,e469ac5d152b50c21427eecb0c098f60c618f9f3,6f2181b8e38c9454f0e5c0e44c3d52a8d1e1e11d7c4abe30331f6c5c8ef4e824,ppo_epoch,531,34048,,,,,,,,,,,,,,,132,2,132,133,0.0003,0.0003,0.2,0.21855901181697845,PPO clipped-surrogate actor + half-MSE critic,-1.4831511974334717,3.4208340644836426,0.8706822395324707,0.21855901181697845,1.001451015472412,1.0083919763565063,7.337921619415283,signal-watch
ca_gat_mappo__small__seed-42__cfg-6f2181b8e38c__git-e469ac5d152b,ca_gat_mappo,small,42,e469ac5d152b50c21427eecb0c098f60c618f9f3,6f2181b8e38c9454f0e5c0e44c3d52a8d1e1e11d7c4abe30331f6c5c8ef4e824,ppo_epoch,532,34048,,,,,,,,,,,,,,,132,3,132,133,0.0003,0.0003,0.2,0.11033620685338974,PPO clipped-surrogate actor + half-MSE critic,-1.4933985471725464,3.2248196601867676,0.8675075769424438,0.11033620685338974,1.0027894973754883,0.6500893235206604,5.2377119064331055,signal-watch
ca_gat_mappo__small__seed-42__cfg-6f2181b8e38c__git-e469ac5d152b,ca_gat_mappo,small,42,e469ac5d152b50c21427eecb0c098f60c618f9f3,6f2181b8e38c9454f0e5c0e44c3d52a8d1e1e11d7c4abe30331f6c5c8ef4e824,ppo_epoch,533,34304,,,,,,,,,,,,,,,133,0,133,134,0.0003,0.0003,0.2,0.07945268601179123,PPO clipped-surrogate actor + half-MSE critic,-0.26752200722694397,0.7125964164733887,0.9323517680168152,0.07945268601179123,1.0,0.617891252040863,4.81259822845459,signal-watch
ca_gat_mappo__small__seed-42__cfg-6f2181b8e38c__git-e469ac5d152b,ca_gat_mappo,small,42,e469ac5d152b50c21427eecb0c098f60c618f9f3,6f2181b8e38c9454f0e5c0e44c3d52a8d1e1e11d7c4abe30331f6c5c8ef4e824,ppo_epoch,534,34304,,,,,,,,,,,,,,,133,1,133,134,0.0003,0.0003,0.2,0.05207362025976181,PPO clipped-surrogate actor + half-MSE critic,-0.26976752281188965,0.662397027015686,0.9357372522354126,0.05207362025976181,0.9993923902511597,0.41730818152427673,3.338935375213623,signal-watch
ca_gat_mappo__small__seed-42__cfg-6f2181b8e38c__git-e469ac5d152b,ca_gat_mappo,small,42,e469ac5d152b50c21427eecb0c098f60c618f9f3,6f2181b8e38c9454f0e5c0e44c3d52a8d1e1e11d7c4abe30331f6c5c8ef4e824,ppo_epoch,535,34304,,,,,,,,,,,,,,,133,2,133,134,0.0003,0.0003,0.2,0.026328813284635544,PPO clipped-surrogate actor + half-MSE critic,-0.2731548249721527,0.6177564859390259,0.9394605159759521,0.026328813284635544,0.9990665912628174,0.4283892810344696,2.1790080070495605,signal-watch
ca_gat_mappo__small__seed-42__cfg-6f2181b8e38c__git-e469ac5d152b,ca_gat_mappo,small,42,e469ac5d152b50c21427eecb0c098f60c618f9f3,6f2181b8e38c9454f0e5c0e44c3d52a8d1e1e11d7c4abe30331f6c5c8ef4e824,ppo_epoch,536,34304,,,,,,,,,,,,,,,133,3,133,134,0.0003,0.0003,0.2,0.012197875417768955,PPO clipped-surrogate actor + half-MSE critic,-0.2745785117149353,0.5924066305160522,0.9426928162574768,0.012197875417768955,0.9987696409225464,0.6977202296257019,2.768040895462036,signal-watch
ca_gat_mappo__small__seed-42__cfg-6f2181b8e38c__git-e469ac5d152b,ca_gat_mappo,small,42,e469ac5d152b50c21427eecb0c098f60c618f9f3,6f2181b8e38c9454f0e5c0e44c3d52a8d1e1e11d7c4abe30331f6c5c8ef4e824,ppo_epoch,537,34560,,,,,,,,,,,,,,,134,0,134,135,0.0003,0.0003,0.2,0.18415352702140808,PPO clipped-surrogate actor + half-MSE critic,-0.5671069622039795,1.5200856924057007,0.8782351016998291,0.18415352702140808,1.0,0.4827372133731842,4.5967206954956055,signal-watch
ca_gat_mappo__small__seed-42__cfg-6f2181b8e38c__git-e469ac5d152b,ca_gat_mappo,small,42,e469ac5d152b50c21427eecb0c098f60c618f9f3,6f2181b8e38c9454f0e5c0e44c3d52a8d1e1e11d7c4abe30331f6c5c8ef4e824,ppo_epoch,538,34560,,,,,,,,,,,,,,,134,1,134,135,0.0003,0.0003,0.2,0.15708692371845245,PPO clipped-surrogate actor + half-MSE critic,-0.5723869800567627,1.4765665531158447,0.8809369206428528,0.15708692371845245,0.99907386302948,0.4884933531284332,4.097765922546387,signal-watch
ca_gat_mappo__small__seed-42__cfg-6f2181b8e38c__git-e469ac5d152b,ca_gat_mappo,small,42,e469ac5d152b50c21427eecb0c098f60c618f9f3,6f2181b8e38c9454f0e5c0e44c3d52a8d1e1e11d7c4abe30331f6c5c8ef4e824,ppo_epoch,539,34560,,,,,,,,,,,,,,,134,2,134,135,0.0003,0.0003,0.2,0.12446088343858719,PPO clipped-surrogate actor + half-MSE critic,-0.5776548385620117,1.4219295978546143,0.8849074840545654,0.12446088343858719,0.998866081237793,1.6437777280807495,3.3528800010681152,signal-watch
ca_gat_mappo__small__seed-42__cfg-6f2181b8e38c__git-e469ac5d152b,ca_gat_mappo,small,42,e469ac5d152b50c21427eecb0c098f60c618f9f3,6f2181b8e38c9454f0e5c0e44c3d52a8d1e1e11d7c4abe30331f6c5c8ef4e824,ppo_epoch,540,34560,,,,,,,,,,,,,,,134,3,134,135,0.0003,0.0003,0.2,0.09516292810440063,PPO clipped-surrogate actor + half-MSE critic,-0.5796767473220825,1.3674404621124268,0.888055682182312,0.09516292810440063,0.999121367931366,0.5495844483375549,2.4267361164093018,signal-watch
ca_gat_mappo__small__seed-42__cfg-6f2181b8e38c__git-e469ac5d152b,ca_gat_mappo,small,42,e469ac5d152b50c21427eecb0c098f60c618f9f3,6f2181b8e38c9454f0e5c0e44c3d52a8d1e1e11d7c4abe30331f6c5c8ef4e824,ppo_epoch,541,34816,,,,,,,,,,,,,,,135,0,135,136,0.0003,0.0003,0.2,-0.39898496866226196,PPO clipped-surrogate actor + half-MSE critic,-1.0736281871795654,1.36991286277771,1.0313222408294678,-0.39898496866226196,1.0,0.796704888343811,9.67237663269043,signal-watch
ca_gat_mappo__small__seed-42__cfg-6f2181b8e38c__git-e469ac5d152b,ca_gat_mappo,small,42,e469ac5d152b50c21427eecb0c098f60c618f9f3,6f2181b8e38c9454f0e5c0e44c3d52a8d1e1e11d7c4abe30331f6c5c8ef4e824,ppo_epoch,542,34816,,,,,,,,,,,,,,,135,1,135,136,0.0003,0.0003,0.2,-0.4926898777484894,PPO clipped-surrogate actor + half-MSE critic,-1.0769321918487549,1.1890369653701782,1.0276176929473877,-0.4926898777484894,1.0009100437164307,0.7820509076118469,8.146702766418457,signal-watch
ca_gat_mappo__small__seed-42__cfg-6f2181b8e38c__git-e469ac5d152b,ca_gat_mappo,small,42,e469ac5d152b50c21427eecb0c098f60c618f9f3,6f2181b8e38c9454f0e5c0e44c3d52a8d1e1e11d7c4abe30331f6c5c8ef4e824,ppo_epoch,543,34816,,,,,,,,,,,,,,,135,2,135,136,0.0003,0.0003,0.2,-0.596293568611145,PPO clipped-surrogate actor + half-MSE critic,-1.0814608335494995,0.9908033609390259,1.0234425067901611,-0.596293568611145,1.002648115158081,0.6617773771286011,6.063046455383301,signal-watch
ca_gat_mappo__small__seed-42__cfg-6f2181b8e38c__git-e469ac5d152b,ca_gat_mappo,small,42,e469ac5d152b50c21427eecb0c098f60c618f9f3,6f2181b8e38c9454f0e5c0e44c3d52a8d1e1e11d7c4abe30331f6c5c8ef4e824,ppo_epoch,544,34816,,,,,,,,,,,,,,,135,3,135,136,0.0003,0.0003,0.2,-0.6830947399139404,PPO clipped-surrogate actor + half-MSE critic,-1.085813283920288,0.8258164525032043,1.018963098526001,-0.6830947399139404,1.0048245191574097,0.6083819270133972,3.5571675300598145,signal-watch
ca_gat_mappo__small__seed-42__cfg-6f2181b8e38c__git-e469ac5d152b,ca_gat_mappo,small,42,e469ac5d152b50c21427eecb0c098f60c618f9f3,6f2181b8e38c9454f0e5c0e44c3d52a8d1e1e11d7c4abe30331f6c5c8ef4e824,ppo_epoch,545,35072,,,,,,,,,,,,,,,136,0,136,137,0.0003,0.0003,0.2,-0.3020024001598358,PPO clipped-surrogate actor + half-MSE critic,-1.2793684005737305,1.975922703742981,1.059536099433899,-0.3020024001598358,1.0,0.9023687243461609,10.543414115905762,signal-watch
ca_gat_mappo__small__seed-42__cfg-6f2181b8e38c__git-e469ac5d152b,ca_gat_mappo,small,42,e469ac5d152b50c21427eecb0c098f60c618f9f3,6f2181b8e38c9454f0e5c0e44c3d52a8d1e1e11d7c4abe30331f6c5c8ef4e824,ppo_epoch,546,35072,,,,,,,,,,,,,,,136,1,136,137,0.0003,0.0003,0.2,-0.4788292348384857,PPO clipped-surrogate actor + half-MSE critic,-1.284409761428833,1.6323165893554688,1.0577760934829712,-0.4788292348384857,1.0014605522155762,0.9120284914970398,8.263919830322266,signal-watch
ca_gat_mappo__small__seed-42__cfg-6f2181b8e38c__git-e469ac5d152b,ca_gat_mappo,small,42,e469ac5d152b50c21427eecb0c098f60c618f9f3,6f2181b8e38c9454f0e5c0e44c3d52a8d1e1e11d7c4abe30331f6c5c8ef4e824,ppo_epoch,547,35072,,,,,,,,,,,,,,,136,2,136,137,0.0003,0.0003,0.2,-0.6279149055480957,PPO clipped-surrogate actor + half-MSE critic,-1.2918660640716553,1.3490657806396484,1.058176040649414,-0.6279149055480957,1.0032718181610107,0.8287238478660583,5.728734493255615,signal-watch
ca_gat_mappo__small__seed-42__cfg-6f2181b8e38c__git-e469ac5d152b,ca_gat_mappo,small,42,e469ac5d152b50c21427eecb0c098f60c618f9f3,6f2181b8e38c9454f0e5c0e44c3d52a8d1e1e11d7c4abe30331f6c5c8ef4e824,ppo_epoch,548,35072,,,,,,,,,,,,,,,136,3,136,137,0.0003,0.0003,0.2,-0.7220112681388855,PPO clipped-surrogate actor + half-MSE critic,-1.2911105155944824,1.1594074964523315,1.0604524612426758,-0.7220112681388855,1.0068342685699463,1.3494101762771606,3.0173401832580566,signal-watch
ca_gat_mappo__small__seed-42__cfg-6f2181b8e38c__git-e469ac5d152b,ca_gat_mappo,small,42,e469ac5d152b50c21427eecb0c098f60c618f9f3,6f2181b8e38c9454f0e5c0e44c3d52a8d1e1e11d7c4abe30331f6c5c8ef4e824,ppo_epoch,549,35328,,,,,,,,,,,,,,,137,0,137,138,0.0003,0.0003,0.2,-0.2933564782142639,PPO clipped-surrogate actor + half-MSE critic,-0.8966077566146851,1.228377342224121,1.093740701675415,-0.2933564782142639,1.0,1.3685351610183716,8.005536079406738,signal-watch
ca_gat_mappo__small__seed-42__cfg-6f2181b8e38c__git-e469ac5d152b,ca_gat_mappo,small,42,e469ac5d152b50c21427eecb0c098f60c618f9f3,6f2181b8e38c9454f0e5c0e44c3d52a8d1e1e11d7c4abe30331f6c5c8ef4e824,ppo_epoch,550,35328,,,,,,,,,,,,,,,137,1,137,138,0.0003,0.0003,0.2,-0.405776709318161,PPO clipped-surrogate actor + half-MSE critic,-0.8966875076293945,1.0036762952804565,1.0927350521087646,-0.405776709318161,1.0003392696380615,0.6460152268409729,5.287502288818359,signal-watch
ca_gat_mappo__small__seed-42__cfg-6f2181b8e38c__git-e469ac5d152b,ca_gat_mappo,small,42,e469ac5d152b50c21427eecb0c098f60c618f9f3,6f2181b8e38c9454f0e5c0e44c3d52a8d1e1e11d7c4abe30331f6c5c8ef4e824,ppo_epoch,551,35328,,,,,,,,,,,,,,,137,2,137,138,0.0003,0.0003,0.2,-0.47962164878845215,PPO clipped-surrogate actor + half-MSE critic,-0.8977991342544556,0.8581761121749878,1.0910568237304688,-0.47962164878845215,1.0007727146148682,0.9733028411865234,2.1827392578125,signal-watch
ca_gat_mappo__small__seed-42__cfg-6f2181b8e38c__git-e469ac5d152b,ca_gat_mappo,small,42,e469ac5d152b50c21427eecb0c098f60c618f9f3,6f2181b8e38c9454f0e5c0e44c3d52a8d1e1e11d7c4abe30331f6c5c8ef4e824,ppo_epoch,552,35328,,,,,,,,,,,,,,,137,3,137,138,0.0003,0.0003,0.2,-0.48920950293540955,PPO clipped-surrogate actor + half-MSE critic,-0.899333655834198,0.8420329093933105,1.0892298221588135,-0.48920950293540955,1.001729130744934,0.43666213750839233,1.5877635478973389,signal-watch
ca_gat_mappo__small__seed-42__cfg-6f2181b8e38c__git-e469ac5d152b,ca_gat_mappo,small,42,e469ac5d152b50c21427eecb0c098f60c618f9f3,6f2181b8e38c9454f0e5c0e44c3d52a8d1e1e11d7c4abe30331f6c5c8ef4e824,ppo_epoch,553,35584,,,,,,,,,,,,,,,138,0,138,139,0.0003,0.0003,0.2,0.8071457147598267,PPO clipped-surrogate actor + half-MSE critic,-0.28001847863197327,2.1962180137634277,1.0944833755493164,0.8071457147598267,1.0,0.7620750665664673,4.041311264038086,signal-watch
ca_gat_mappo__small__seed-42__cfg-6f2181b8e38c__git-e469ac5d152b,ca_gat_mappo,small,42,e469ac5d152b50c21427eecb0c098f60c618f9f3,6f2181b8e38c9454f0e5c0e44c3d52a8d1e1e11d7c4abe30331f6c5c8ef4e824,ppo_epoch,554,35584,,,,,,,,,,,,,,,138,1,138,139,0.0003,0.0003,0.2,0.7519441843032837,PPO clipped-surrogate actor + half-MSE critic,-0.284373015165329,2.094470500946045,1.0918031930923462,0.7519441843032837,1.00088369846344,0.9208245277404785,2.9838106632232666,signal-watch
ca_gat_mappo__small__seed-42__cfg-6f2181b8e38c__git-e469ac5d152b,ca_gat_mappo,small,42,e469ac5d152b50c21427eecb0c098f60c618f9f3,6f2181b8e38c9454f0e5c0e44c3d52a8d1e1e11d7c4abe30331f6c5c8ef4e824,ppo_epoch,555,35584,,,,,,,,,,,,,,,138,2,138,139,0.0003,0.0003,0.2,0.7108315229415894,PPO clipped-surrogate actor + half-MSE critic,-0.29012632369995117,2.023710012435913,1.0897130966186523,0.7108315229415894,1.0008766651153564,0.7453903555870056,2.5612668991088867,signal-watch
ca_gat_mappo__small__seed-42__cfg-6f2181b8e38c__git-e469ac5d152b,ca_gat_mappo,small,42,e469ac5d152b50c21427eecb0c098f60c618f9f3,6f2181b8e38c9454f0e5c0e44c3d52a8d1e1e11d7c4abe30331f6c5c8ef4e824,ppo_epoch,556,35584,,,,,,,,,,,,,,,138,3,138,139,0.0003,0.0003,0.2,0.6862881183624268,PPO clipped-surrogate actor + half-MSE critic,-0.2966827154159546,1.9876989126205444,1.087860107421875,0.6862881183624268,1.0005754232406616,0.6577186584472656,2.9319682121276855,signal-watch
ca_gat_mappo__small__seed-42__cfg-6f2181b8e38c__git-e469ac5d152b,ca_gat_mappo,small,42,e469ac5d152b50c21427eecb0c098f60c618f9f3,6f2181b8e38c9454f0e5c0e44c3d52a8d1e1e11d7c4abe30331f6c5c8ef4e824,ppo_epoch,557,35840,,,,,,,,,,,,,,,139,0,139,140,0.0003,0.0003,0.2,0.6621085405349731,PPO clipped-surrogate actor + half-MSE critic,0.239729106426239,0.8673200011253357,1.128055453300476,0.6621085405349731,1.0,0.6377350091934204,2.2227983474731445,signal-watch
ca_gat_mappo__small__seed-42__cfg-6f2181b8e38c__git-e469ac5d152b,ca_gat_mappo,small,42,e469ac5d152b50c21427eecb0c098f60c618f9f3,6f2181b8e38c9454f0e5c0e44c3d52a8d1e1e11d7c4abe30331f6c5c8ef4e824,ppo_epoch,558,35840,,,,,,,,,,,,,,,139,1,139,140,0.0003,0.0003,0.2,0.6577329635620117,PPO clipped-surrogate actor + half-MSE critic,0.2366843819618225,0.8645931482315063,1.1247997283935547,0.6577329635620117,1.0001821517944336,0.7470563650131226,2.49165415763855,signal-watch
ca_gat_mappo__small__seed-42__cfg-6f2181b8e38c__git-e469ac5d152b,ca_gat_mappo,small,42,e469ac5d152b50c21427eecb0c098f60c618f9f3,6f2181b8e38c9454f0e5c0e44c3d52a8d1e1e11d7c4abe30331f6c5c8ef4e824,ppo_epoch,559,35840,,,,,,,,,,,,,,,139,2,139,140,0.0003,0.0003,0.2,0.6400738954544067,PPO clipped-surrogate actor + half-MSE critic,0.22965797781944275,0.8432207107543945,1.119445562362671,0.6400738954544067,0.9998853206634521,0.6559813022613525,2.270942449569702,signal-watch
ca_gat_mappo__small__seed-42__cfg-6f2181b8e38c__git-e469ac5d152b,ca_gat_mappo,small,42,e469ac5d152b50c21427eecb0c098f60c618f9f3,6f2181b8e38c9454f0e5c0e44c3d52a8d1e1e11d7c4abe30331f6c5c8ef4e824,ppo_epoch,560,35840,,,,,,,,,,,,,,,139,3,139,140,0.0003,0.0003,0.2,0.6185726523399353,PPO clipped-surrogate actor + half-MSE critic,0.2243739813566208,0.810640811920166,1.1121726036071777,0.6185726523399353,0.9993221759796143,0.7846960425376892,1.6709719896316528,signal-watch
ca_gat_mappo__small__seed-42__cfg-6f2181b8e38c__git-e469ac5d152b,ca_gat_mappo,small,42,e469ac5d152b50c21427eecb0c098f60c618f9f3,6f2181b8e38c9454f0e5c0e44c3d52a8d1e1e11d7c4abe30331f6c5c8ef4e824,ppo_epoch,561,36096,,,,,,,,,,,,,,,140,0,140,141,0.0003,0.0003,0.2,-0.514717161655426,PPO clipped-surrogate actor + half-MSE critic,-1.2717721462249756,1.5306800603866577,0.8285053372383118,-0.514717161655426,1.0,0.7176954746246338,9.369565963745117,signal-watch
ca_gat_mappo__small__seed-42__cfg-6f2181b8e38c__git-e469ac5d152b,ca_gat_mappo,small,42,e469ac5d152b50c21427eecb0c098f60c618f9f3,6f2181b8e38c9454f0e5c0e44c3d52a8d1e1e11d7c4abe30331f6c5c8ef4e824,ppo_epoch,562,36096,,,,,,,,,,,,,,,140,1,140,141,0.0003,0.0003,0.2,-0.5383906960487366,PPO clipped-surrogate actor + half-MSE critic,-1.2726466655731201,1.4850516319274902,0.8269863724708557,-0.5383906960487366,0.9994431138038635,0.6726047396659851,9.068305015563965,signal-watch
ca_gat_mappo__small__seed-42__cfg-6f2181b8e38c__git-e469ac5d152b,ca_gat_mappo,small,42,e469ac5d152b50c21427eecb0c098f60c618f9f3,6f2181b8e38c9454f0e5c0e44c3d52a8d1e1e11d7c4abe30331f6c5c8ef4e824,ppo_epoch,563,36096,,,,,,,,,,,,,,,140,2,140,141,0.0003,0.0003,0.2,-0.5924721956253052,PPO clipped-surrogate actor + half-MSE critic,-1.2757574319839478,1.3831062316894531,0.826790988445282,-0.5924721956253052,1.0004892349243164,0.5458961725234985,8.464811325073242,signal-watch
ca_gat_mappo__small__seed-42__cfg-6f2181b8e38c__git-e469ac5d152b,ca_gat_mappo,small,42,e469ac5d152b50c21427eecb0c098f60c618f9f3,6f2181b8e38c9454f0e5c0e44c3d52a8d1e1e11d7c4abe30331f6c5c8ef4e824,ppo_epoch,564,36096,,,,,,,,,,,,,,,140,3,140,141,0.0003,0.0003,0.2,-0.6664162278175354,PPO clipped-surrogate actor + half-MSE critic,-1.279989242553711,1.2436981201171875,0.8276052474975586,-0.6664162278175354,1.0017505884170532,0.6604060530662537,7.5777435302734375,signal-watch
ca_gat_mappo__small__seed-42__cfg-6f2181b8e38c__git-e469ac5d152b,ca_gat_mappo,small,42,e469ac5d152b50c21427eecb0c098f60c618f9f3,6f2181b8e38c9454f0e5c0e44c3d52a8d1e1e11d7c4abe30331f6c5c8ef4e824,ppo_epoch,565,36352,,,,,,,,,,,,,,,141,0,141,142,0.0003,0.0003,0.2,1.2577980756759644,PPO clipped-surrogate actor + half-MSE critic,0.6113933324813843,1.3102737665176392,0.8732258081436157,1.2577980756759644,1.0,0.5197729468345642,7.121039867401123,signal-watch
ca_gat_mappo__small__seed-42__cfg-6f2181b8e38c__git-e469ac5d152b,ca_gat_mappo,small,42,e469ac5d152b50c21427eecb0c098f60c618f9f3,6f2181b8e38c9454f0e5c0e44c3d52a8d1e1e11d7c4abe30331f6c5c8ef4e824,ppo_epoch,566,36352,,,,,,,,,,,,,,,141,1,141,142,0.0003,0.0003,0.2,1.2419513463974,PPO clipped-surrogate actor + half-MSE critic,0.609769344329834,1.2818464040756226,0.8741201162338257,1.2419513463974,0.9990425705909729,0.5183629393577576,6.9109697341918945,signal-watch
ca_gat_mappo__small__seed-42__cfg-6f2181b8e38c__git-e469ac5d152b,ca_gat_mappo,small,42,e469ac5d152b50c21427eecb0c098f60c618f9f3,6f2181b8e38c9454f0e5c0e44c3d52a8d1e1e11d7c4abe30331f6c5c8ef4e824,ppo_epoch,567,36352,,,,,,,,,,,,,,,141,2,141,142,0.0003,0.0003,0.2,1.2015126943588257,PPO clipped-surrogate actor + half-MSE critic,0.6063501834869385,1.2078282833099365,0.8751631379127502,1.2015126943588257,0.9972413778305054,0.5150324106216431,6.046773433685303,signal-watch
ca_gat_mappo__small__seed-42__cfg-6f2181b8e38c__git-e469ac5d152b,ca_gat_mappo,small,42,e469ac5d152b50c21427eecb0c098f60c618f9f3,6f2181b8e38c9454f0e5c0e44c3d52a8d1e1e11d7c4abe30331f6c5c8ef4e824,ppo_epoch,568,36352,,,,,,,,,,,,,,,141,3,141,142,0.0003,0.0003,0.2,1.1505355834960938,PPO clipped-surrogate actor + half-MSE critic,0.601578950881958,1.115437626838684,0.8762127161026001,1.1505355834960938,0.9946998953819275,0.47929129004478455,4.691490650177002,signal-watch
ca_gat_mappo__small__seed-42__cfg-6f2181b8e38c__git-e469ac5d152b,ca_gat_mappo,small,42,e469ac5d152b50c21427eecb0c098f60c618f9f3,6f2181b8e38c9454f0e5c0e44c3d52a8d1e1e11d7c4abe30331f6c5c8ef4e824,ppo_epoch,569,36608,,,,,,,,,,,,,,,142,0,142,143,0.0003,0.0003,0.2,-0.11159899830818176,PPO clipped-surrogate actor + half-MSE critic,-0.7186629772186279,1.231337070465088,0.8604558110237122,-0.11159899830818176,1.0,0.40814322233200073,5.879539966583252,signal-watch
ca_gat_mappo__small__seed-42__cfg-6f2181b8e38c__git-e469ac5d152b,ca_gat_mappo,small,42,e469ac5d152b50c21427eecb0c098f60c618f9f3,6f2181b8e38c9454f0e5c0e44c3d52a8d1e1e11d7c4abe30331f6c5c8ef4e824,ppo_epoch,570,36608,,,,,,,,,,,,,,,142,1,142,143,0.0003,0.0003,0.2,-0.1346200406551361,PPO clipped-surrogate actor + half-MSE critic,-0.7221639752388,1.1922190189361572,0.8565581440925598,-0.1346200406551361,1.0022284984588623,0.40222615003585815,5.343838691711426,signal-watch
ca_gat_mappo__small__seed-42__cfg-6f2181b8e38c__git-e469ac5d152b,ca_gat_mappo,small,42,e469ac5d152b50c21427eecb0c098f60c618f9f3,6f2181b8e38c9454f0e5c0e44c3d52a8d1e1e11d7c4abe30331f6c5c8ef4e824,ppo_epoch,571,36608,,,,,,,,,,,,,,,142,2,142,143,0.0003,0.0003,0.2,-0.17248287796974182,PPO clipped-surrogate actor + half-MSE critic,-0.7264688014984131,1.1250498294830322,0.8538995981216431,-0.17248287796974182,1.0049145221710205,0.4207160472869873,4.457983016967773,signal-watch
ca_gat_mappo__small__seed-42__cfg-6f2181b8e38c__git-e469ac5d152b,ca_gat_mappo,small,42,e469ac5d152b50c21427eecb0c098f60c618f9f3,6f2181b8e38c9454f0e5c0e44c3d52a8d1e1e11d7c4abe30331f6c5c8ef4e824,ppo_epoch,572,36608,,,,,,,,,,,,,,,142,3,142,143,0.0003,0.0003,0.2,-0.21242040395736694,PPO clipped-surrogate actor + half-MSE critic,-0.7300881743431091,1.0524027347564697,0.8533592224121094,-0.21242040395736694,1.0079271793365479,0.43254560232162476,3.2784266471862793,signal-watch
ca_gat_mappo__small__seed-42__cfg-6f2181b8e38c__git-e469ac5d152b,ca_gat_mappo,small,42,e469ac5d152b50c21427eecb0c098f60c618f9f3,6f2181b8e38c9454f0e5c0e44c3d52a8d1e1e11d7c4abe30331f6c5c8ef4e824,ppo_epoch,573,36864,,,,,,,,,,,,,,,143,0,143,144,0.0003,0.0003,0.2,-0.061760228127241135,PPO clipped-surrogate actor + half-MSE critic,-0.9457656145095825,1.7830424308776855,0.7515828609466553,-0.061760228127241135,1.0,0.6543020009994507,10.277399063110352,signal-watch
ca_gat_mappo__small__seed-42__cfg-6f2181b8e38c__git-e469ac5d152b,ca_gat_mappo,small,42,e469ac5d152b50c21427eecb0c098f60c618f9f3,6f2181b8e38c9454f0e5c0e44c3d52a8d1e1e11d7c4abe30331f6c5c8ef4e824,ppo_epoch,574,36864,,,,,,,,,,,,,,,143,1,143,144,0.0003,0.0003,0.2,-0.11108848452568054,PPO clipped-surrogate actor + half-MSE critic,-0.9479503631591797,1.6887552738189697,0.7515758872032166,-0.11108848452568054,1.0011042356491089,0.6115665435791016,9.33617115020752,signal-watch
ca_gat_mappo__small__seed-42__cfg-6f2181b8e38c__git-e469ac5d152b,ca_gat_mappo,small,42,e469ac5d152b50c21427eecb0c098f60c618f9f3,6f2181b8e38c9454f0e5c0e44c3d52a8d1e1e11d7c4abe30331f6c5c8ef4e824,ppo_epoch,575,36864,,,,,,,,,,,,,,,143,2,143,144,0.0003,0.0003,0.2,-0.18489883840084076,PPO clipped-surrogate actor + half-MSE critic,-0.9517179727554321,1.5486133098602295,0.7487514615058899,-0.18489883840084076,1.0023057460784912,0.6012470722198486,7.885019779205322,signal-watch
ca_gat_mappo__small__seed-42__cfg-6f2181b8e38c__git-e469ac5d152b,ca_gat_mappo,small,42,e469ac5d152b50c21427eecb0c098f60c618f9f3,6f2181b8e38c9454f0e5c0e44c3d52a8d1e1e11d7c4abe30331f6c5c8ef4e824,ppo_epoch,576,36864,,,,,,,,,,,,,,,143,3,143,144,0.0003,0.0003,0.2,-0.26372987031936646,PPO clipped-surrogate actor + half-MSE critic,-0.9562116265296936,1.3998311758041382,0.7433834671974182,-0.26372987031936646,1.0037827491760254,0.5997845530509949,6.0821757316589355,signal-watch
ca_gat_mappo__small__seed-42__cfg-6f2181b8e38c__git-e469ac5d152b,ca_gat_mappo,small,42,e469ac5d152b50c21427eecb0c098f60c618f9f3,6f2181b8e38c9454f0e5c0e44c3d52a8d1e1e11d7c4abe30331f6c5c8ef4e824,ppo_epoch,577,37120,,,,,,,,,,,,,,,144,0,144,145,0.0003,0.0003,0.2,0.5743092894554138,PPO clipped-surrogate actor + half-MSE critic,-0.3247566819190979,1.8129277229309082,0.7397912740707397,0.5743092894554138,1.0,0.7086752653121948,5.344091892242432,signal-watch
ca_gat_mappo__small__seed-42__cfg-6f2181b8e38c__git-e469ac5d152b,ca_gat_mappo,small,42,e469ac5d152b50c21427eecb0c098f60c618f9f3,6f2181b8e38c9454f0e5c0e44c3d52a8d1e1e11d7c4abe30331f6c5c8ef4e824,ppo_epoch,578,37120,,,,,,,,,,,,,,,144,1,144,145,0.0003,0.0003,0.2,0.5037730932235718,PPO clipped-surrogate actor + half-MSE critic,-0.3266882598400116,1.6756047010421753,0.7341022491455078,0.5037730932235718,1.0004379749298096,0.8343043923377991,4.491445064544678,signal-watch
ca_gat_mappo__small__seed-42__cfg-6f2181b8e38c__git-e469ac5d152b,ca_gat_mappo,small,42,e469ac5d152b50c21427eecb0c098f60c618f9f3,6f2181b8e38c9454f0e5c0e44c3d52a8d1e1e11d7c4abe30331f6c5c8ef4e824,ppo_epoch,579,37120,,,,,,,,,,,,,,,144,2,144,145,0.0003,0.0003,0.2,0.43061813712120056,PPO clipped-surrogate actor + half-MSE critic,-0.32981422543525696,1.5354347229003906,0.7284996509552002,0.43061813712120056,1.0016334056854248,0.5996427536010742,3.854529857635498,signal-watch
ca_gat_mappo__small__seed-42__cfg-6f2181b8e38c__git-e469ac5d152b,ca_gat_mappo,small,42,e469ac5d152b50c21427eecb0c098f60c618f9f3,6f2181b8e38c9454f0e5c0e44c3d52a8d1e1e11d7c4abe30331f6c5c8ef4e824,ppo_epoch,580,37120,,,,,,,,,,,,,,,144,3,144,145,0.0003,0.0003,0.2,0.3619253635406494,PPO clipped-surrogate actor + half-MSE critic,-0.3317503333091736,1.4017930030822754,0.722081184387207,0.3619253635406494,1.0022345781326294,0.4393862783908844,3.508111000061035,signal-watch
ca_gat_mappo__small__seed-42__cfg-6f2181b8e38c__git-e469ac5d152b,ca_gat_mappo,small,42,e469ac5d152b50c21427eecb0c098f60c618f9f3,6f2181b8e38c9454f0e5c0e44c3d52a8d1e1e11d7c4abe30331f6c5c8ef4e824,ppo_epoch,581,37376,,,,,,,,,,,,,,,145,0,145,146,0.0003,0.0003,0.2,0.9973504543304443,PPO clipped-surrogate actor + half-MSE critic,0.3891357183456421,1.234992265701294,0.9281385540962219,0.9973504543304443,1.0,1.9413985013961792,3.6355295181274414,signal-watch
ca_gat_mappo__small__seed-42__cfg-6f2181b8e38c__git-e469ac5d152b,ca_gat_mappo,small,42,e469ac5d152b50c21427eecb0c098f60c618f9f3,6f2181b8e38c9454f0e5c0e44c3d52a8d1e1e11d7c4abe30331f6c5c8ef4e824,ppo_epoch,582,37376,,,,,,,,,,,,,,,145,1,145,146,0.0003,0.0003,0.2,0.9716830253601074,PPO clipped-surrogate actor + half-MSE critic,0.3859128952026367,1.1900813579559326,0.927057683467865,0.9716830253601074,0.9996680617332458,0.6141604781150818,3.2159316539764404,signal-watch
ca_gat_mappo__small__seed-42__cfg-6f2181b8e38c__git-e469ac5d152b,ca_gat_mappo,small,42,e469ac5d152b50c21427eecb0c098f60c618f9f3,6f2181b8e38c9454f0e5c0e44c3d52a8d1e1e11d7c4abe30331f6c5c8ef4e824,ppo_epoch,583,37376,,,,,,,,,,,,,,,145,2,145,146,0.0003,0.0003,0.2,0.937038779258728,PPO clipped-surrogate actor + half-MSE critic,0.380744069814682,1.1310794353485107,0.9245064854621887,0.937038779258728,0.9983919262886047,0.6023494601249695,2.6300175189971924,signal-watch
ca_gat_mappo__small__seed-42__cfg-6f2181b8e38c__git-e469ac5d152b,ca_gat_mappo,small,42,e469ac5d152b50c21427eecb0c098f60c618f9f3,6f2181b8e38c9454f0e5c0e44c3d52a8d1e1e11d7c4abe30331f6c5c8ef4e824,ppo_epoch,584,37376,,,,,,,,,,,,,,,145,3,145,146,0.0003,0.0003,0.2,0.9020741581916809,PPO clipped-surrogate actor + half-MSE critic,0.3772144913673401,1.0681428909301758,0.9211782217025757,0.9020741581916809,0.9976191520690918,1.270117163658142,2.0565576553344727,signal-watch
ca_gat_mappo__small__seed-42__cfg-6f2181b8e38c__git-e469ac5d152b,ca_gat_mappo,small,42,e469ac5d152b50c21427eecb0c098f60c618f9f3,6f2181b8e38c9454f0e5c0e44c3d52a8d1e1e11d7c4abe30331f6c5c8ef4e824,ppo_epoch,585,37632,,,,,,,,,,,,,,,146,0,146,147,0.0003,0.0003,0.2,0.23837222158908844,PPO clipped-surrogate actor + half-MSE critic,-0.6339039206504822,1.7593350410461426,0.7391378879547119,0.23837222158908844,1.0,1.0094258785247803,5.060581684112549,signal-watch
ca_gat_mappo__small__seed-42__cfg-6f2181b8e38c__git-e469ac5d152b,ca_gat_mappo,small,42,e469ac5d152b50c21427eecb0c098f60c618f9f3,6f2181b8e38c9454f0e5c0e44c3d52a8d1e1e11d7c4abe30331f6c5c8ef4e824,ppo_epoch,586,37632,,,,,,,,,,,,,,,146,1,146,147,0.0003,0.0003,0.2,0.23705768585205078,PPO clipped-surrogate actor + half-MSE critic,-0.6353502869606018,1.7595196962356567,0.7351883053779602,0.23705768585205078,0.9997740983963013,0.9345213770866394,5.057952880859375,signal-watch
ca_gat_mappo__small__seed-42__cfg-6f2181b8e38c__git-e469ac5d152b,ca_gat_mappo,small,42,e469ac5d152b50c21427eecb0c098f60c618f9f3,6f2181b8e38c9454f0e5c0e44c3d52a8d1e1e11d7c4abe30331f6c5c8ef4e824,ppo_epoch,587,37632,,,,,,,,,,,,,,,146,2,146,147,0.0003,0.0003,0.2,0.21880866587162018,PPO clipped-surrogate actor + half-MSE critic,-0.639052152633667,1.7303593158721924,0.731884241104126,0.21880866587162018,0.9998838901519775,0.843349277973175,4.67267370223999,signal-watch
ca_gat_mappo__small__seed-42__cfg-6f2181b8e38c__git-e469ac5d152b,ca_gat_mappo,small,42,e469ac5d152b50c21427eecb0c098f60c618f9f3,6f2181b8e38c9454f0e5c0e44c3d52a8d1e1e11d7c4abe30331f6c5c8ef4e824,ppo_epoch,588,37632,,,,,,,,,,,,,,,146,3,146,147,0.0003,0.0003,0.2,0.19011083245277405,PPO clipped-surrogate actor + half-MSE critic,-0.6440907120704651,1.6829943656921387,0.7295632362365723,0.19011083245277405,1.0001074075698853,0.7377341389656067,3.9693105220794678,signal-watch
ca_gat_mappo__small__seed-42__cfg-6f2181b8e38c__git-e469ac5d152b,ca_gat_mappo,small,42,e469ac5d152b50c21427eecb0c098f60c618f9f3,6f2181b8e38c9454f0e5c0e44c3d52a8d1e1e11d7c4abe30331f6c5c8ef4e824,ppo_epoch,589,37888,,,,,,,,,,,,,,,147,0,147,148,0.0003,0.0003,0.2,0.27734121680259705,PPO clipped-surrogate actor + half-MSE critic,-0.06655766814947128,0.7038637399673462,0.8032987713813782,0.27734121680259705,1.0,0.6976613998413086,0.7675155997276306,signal-watch
ca_gat_mappo__small__seed-42__cfg-6f2181b8e38c__git-e469ac5d152b,ca_gat_mappo,small,42,e469ac5d152b50c21427eecb0c098f60c618f9f3,6f2181b8e38c9454f0e5c0e44c3d52a8d1e1e11d7c4abe30331f6c5c8ef4e824,ppo_epoch,590,37888,,,,,,,,,,,,,,,147,1,147,148,0.0003,0.0003,0.2,0.27363190054893494,PPO clipped-surrogate actor + half-MSE critic,-0.06761091202497482,0.6984896063804626,0.8001991510391235,0.27363190054893494,1.00087571144104,0.5962397456169128,0.5502276420593262,signal-watch
ca_gat_mappo__small__seed-42__cfg-6f2181b8e38c__git-e469ac5d152b,ca_gat_mappo,small,42,e469ac5d152b50c21427eecb0c098f60c618f9f3,6f2181b8e38c9454f0e5c0e44c3d52a8d1e1e11d7c4abe30331f6c5c8ef4e824,ppo_epoch,591,37888,,,,,,,,,,,,,,,147,2,147,148,0.0003,0.0003,0.2,0.2690342664718628,PPO clipped-surrogate actor + half-MSE critic,-0.07085370272397995,0.6956709623336792,0.7947508692741394,0.2690342664718628,1.0010690689086914,0.6274018883705139,0.9548724293708801,signal-watch
ca_gat_mappo__small__seed-42__cfg-6f2181b8e38c__git-e469ac5d152b,ca_gat_mappo,small,42,e469ac5d152b50c21427eecb0c098f60c618f9f3,6f2181b8e38c9454f0e5c0e44c3d52a8d1e1e11d7c4abe30331f6c5c8ef4e824,ppo_epoch,592,37888,,,,,,,,,,,,,,,147,3,147,148,0.0003,0.0003,0.2,0.2611446678638458,PPO clipped-surrogate actor + half-MSE critic,-0.07570678740739822,0.689457356929779,0.787722647190094,0.2611446678638458,1.0007168054580688,1.0310167074203491,1.0225855112075806,signal-watch
ca_gat_mappo__small__seed-42__cfg-6f2181b8e38c__git-e469ac5d152b,ca_gat_mappo,small,42,e469ac5d152b50c21427eecb0c098f60c618f9f3,6f2181b8e38c9454f0e5c0e44c3d52a8d1e1e11d7c4abe30331f6c5c8ef4e824,ppo_epoch,593,38144,,,,,,,,,,,,,,,148,0,148,149,0.0003,0.0003,0.2,0.16072703897953033,PPO clipped-surrogate actor + half-MSE critic,-0.709276020526886,1.7516918182373047,0.5842846632003784,0.16072703897953033,1.0,0.533312201499939,6.735283374786377,signal-watch
ca_gat_mappo__small__seed-42__cfg-6f2181b8e38c__git-e469ac5d152b,ca_gat_mappo,small,42,e469ac5d152b50c21427eecb0c098f60c618f9f3,6f2181b8e38c9454f0e5c0e44c3d52a8d1e1e11d7c4abe30331f6c5c8ef4e824,ppo_epoch,594,38144,,,,,,,,,,,,,,,148,1,148,149,0.0003,0.0003,0.2,0.14414125680923462,PPO clipped-surrogate actor + half-MSE critic,-0.7100176811218262,1.7199602127075195,0.5821174383163452,0.14414125680923462,0.9986890554428101,0.5042712092399597,6.648900032043457,signal-watch
ca_gat_mappo__small__seed-42__cfg-6f2181b8e38c__git-e469ac5d152b,ca_gat_mappo,small,42,e469ac5d152b50c21427eecb0c098f60c618f9f3,6f2181b8e38c9454f0e5c0e44c3d52a8d1e1e11d7c4abe30331f6c5c8ef4e824,ppo_epoch,595,38144,,,,,,,,,,,,,,,148,2,148,149,0.0003,0.0003,0.2,0.10669128596782684,PPO clipped-surrogate actor + half-MSE critic,-0.712644100189209,1.6503225564956665,0.5825891494750977,0.10669128596782684,0.9975913763046265,0.5154467225074768,6.430022239685059,signal-watch
ca_gat_mappo__small__seed-42__cfg-6f2181b8e38c__git-e469ac5d152b,ca_gat_mappo,small,42,e469ac5d152b50c21427eecb0c098f60c618f9f3,6f2181b8e38c9454f0e5c0e44c3d52a8d1e1e11d7c4abe30331f6c5c8ef4e824,ppo_epoch,596,38144,,,,,,,,,,,,,,,148,3,148,149,0.0003,0.0003,0.2,0.058815304189920425,PPO clipped-surrogate actor + half-MSE critic,-0.7137320637702942,1.556807041168213,0.5856151580810547,0.058815304189920425,0.9968143105506897,0.6678861975669861,6.120765209197998,signal-watch
ca_gat_mappo__small__seed-42__cfg-6f2181b8e38c__git-e469ac5d152b,ca_gat_mappo,small,42,e469ac5d152b50c21427eecb0c098f60c618f9f3,6f2181b8e38c9454f0e5c0e44c3d52a8d1e1e11d7c4abe30331f6c5c8ef4e824,ppo_epoch,597,38400,,,,,,,,,,,,,,,149,0,149,150,0.0003,0.0003,0.2,-0.0582001730799675,PPO clipped-surrogate actor + half-MSE critic,-0.34695470333099365,0.5955826640129089,0.9036800861358643,-0.0582001730799675,1.0,0.41496336460113525,3.208392381668091,signal-watch
ca_gat_mappo__small__seed-42__cfg-6f2181b8e38c__git-e469ac5d152b,ca_gat_mappo,small,42,e469ac5d152b50c21427eecb0c098f60c618f9f3,6f2181b8e38c9454f0e5c0e44c3d52a8d1e1e11d7c4abe30331f6c5c8ef4e824,ppo_epoch,598,38400,,,,,,,,,,,,,,,149,1,149,150,0.0003,0.0003,0.2,-0.06660270690917969,PPO clipped-surrogate actor + half-MSE critic,-0.34780120849609375,0.5805299282073975,0.9066461324691772,-0.06660270690917969,1.0002624988555908,0.45064204931259155,2.809298038482666,signal-watch
ca_gat_mappo__small__seed-42__cfg-6f2181b8e38c__git-e469ac5d152b,ca_gat_mappo,small,42,e469ac5d152b50c21427eecb0c098f60c618f9f3,6f2181b8e38c9454f0e5c0e44c3d52a8d1e1e11d7c4abe30331f6c5c8ef4e824,ppo_epoch,599,38400,,,,,,,,,,,,,,,149,2,149,150,0.0003,0.0003,0.2,-0.08297757059335709,PPO clipped-surrogate actor + half-MSE critic,-0.3498341143131256,0.5519065260887146,0.909672200679779,-0.08297757059335709,1.0010961294174194,0.44503843784332275,1.8442081212997437,signal-watch
ca_gat_mappo__small__seed-42__cfg-6f2181b8e38c__git-e469ac5d152b,ca_gat_mappo,small,42,e469ac5d152b50c21427eecb0c098f60c618f9f3,6f2181b8e38c9454f0e5c0e44c3d52a8d1e1e11d7c4abe30331f6c5c8ef4e824,ppo_epoch,600,38400,,,,,,,,,,,,,,,149,3,149,150,0.0003,0.0003,0.2,-0.09461065381765366,PPO clipped-surrogate actor + half-MSE critic,-0.35115450620651245,0.5313339233398438,0.9123110771179199,-0.09461065381765366,1.0024619102478027,1.1977006196975708,0.6598349809646606,signal-watch
ca_gat_mappo__small__seed-42__cfg-6f2181b8e38c__git-e469ac5d152b,ca_gat_mappo,small,42,e469ac5d152b50c21427eecb0c098f60c618f9f3,6f2181b8e38c9454f0e5c0e44c3d52a8d1e1e11d7c4abe30331f6c5c8ef4e824,ppo_epoch,601,38656,,,,,,,,,,,,,,,150,0,150,151,0.0003,0.0003,0.2,0.9202738404273987,PPO clipped-surrogate actor + half-MSE critic,0.20002567768096924,1.4541261196136475,0.6814887523651123,0.9202738404273987,1.0,0.2800981104373932,4.710790157318115,signal-watch
ca_gat_mappo__small__seed-42__cfg-6f2181b8e38c__git-e469ac5d152b,ca_gat_mappo,small,42,e469ac5d152b50c21427eecb0c098f60c618f9f3,6f2181b8e38c9454f0e5c0e44c3d52a8d1e1e11d7c4abe30331f6c5c8ef4e824,ppo_epoch,602,38656,,,,,,,,,,,,,,,150,1,150,151,0.0003,0.0003,0.2,0.8857602477073669,PPO clipped-surrogate actor + half-MSE critic,0.1993512660264969,1.3864532709121704,0.6817630529403687,0.8857602477073669,1.0000966787338257,0.2779999077320099,4.3387370109558105,signal-watch
ca_gat_mappo__small__seed-42__cfg-6f2181b8e38c__git-e469ac5d152b,ca_gat_mappo,small,42,e469ac5d152b50c21427eecb0c098f60c618f9f3,6f2181b8e38c9454f0e5c0e44c3d52a8d1e1e11d7c4abe30331f6c5c8ef4e824,ppo_epoch,603,38656,,,,,,,,,,,,,,,150,2,150,151,0.0003,0.0003,0.2,0.8428930640220642,PPO clipped-surrogate actor + half-MSE critic,0.19803756475448608,1.3033313751220703,0.6810193657875061,0.8428930640220642,0.9998319149017334,0.30132195353507996,3.8051605224609375,signal-watch
ca_gat_mappo__small__seed-42__cfg-6f2181b8e38c__git-e469ac5d152b,ca_gat_mappo,small,42,e469ac5d152b50c21427eecb0c098f60c618f9f3,6f2181b8e38c9454f0e5c0e44c3d52a8d1e1e11d7c4abe30331f6c5c8ef4e824,ppo_epoch,604,38656,,,,,,,,,,,,,,,150,3,150,151,0.0003,0.0003,0.2,0.798749566078186,PPO clipped-surrogate actor + half-MSE critic,0.19615042209625244,1.2187871932983398,0.6794448494911194,0.798749566078186,0.9995871782302856,0.36953723430633545,3.120417833328247,signal-watch
ca_gat_mappo__small__seed-42__cfg-6f2181b8e38c__git-e469ac5d152b,ca_gat_mappo,small,42,e469ac5d152b50c21427eecb0c098f60c618f9f3,6f2181b8e38c9454f0e5c0e44c3d52a8d1e1e11d7c4abe30331f6c5c8ef4e824,ppo_epoch,605,38912,,,,,,,,,,,,,,,151,0,151,152,0.0003,0.0003,0.2,-0.5641988515853882,PPO clipped-surrogate actor + half-MSE critic,-1.0970823764801025,1.0786776542663574,0.6455273628234863,-0.5641988515853882,1.0,0.2710099220275879,12.461995124816895,signal-watch
ca_gat_mappo__small__seed-42__cfg-6f2181b8e38c__git-e469ac5d152b,ca_gat_mappo,small,42,e469ac5d152b50c21427eecb0c098f60c618f9f3,6f2181b8e38c9454f0e5c0e44c3d52a8d1e1e11d7c4abe30331f6c5c8ef4e824,ppo_epoch,606,38912,,,,,,,,,,,,,,,151,1,151,152,0.0003,0.0003,0.2,-0.52257239818573,PPO clipped-surrogate actor + half-MSE critic,-1.097048044204712,1.1618256568908691,0.6437171101570129,-0.52257239818573,1.000641107559204,0.4244665503501892,13.25243854522705,signal-watch
ca_gat_mappo__small__seed-42__cfg-6f2181b8e38c__git-e469ac5d152b,ca_gat_mappo,small,42,e469ac5d152b50c21427eecb0c098f60c618f9f3,6f2181b8e38c9454f0e5c0e44c3d52a8d1e1e11d7c4abe30331f6c5c8ef4e824,ppo_epoch,607,38912,,,,,,,,,,,,,,,151,2,151,152,0.0003,0.0003,0.2,-0.5205886363983154,PPO clipped-surrogate actor + half-MSE critic,-1.0980124473571777,1.1676853895187378,0.6418858170509338,-0.5205886363983154,1.0016428232192993,0.26503175497055054,13.262603759765625,signal-watch
ca_gat_mappo__small__seed-42__cfg-6f2181b8e38c__git-e469ac5d152b,ca_gat_mappo,small,42,e469ac5d152b50c21427eecb0c098f60c618f9f3,6f2181b8e38c9454f0e5c0e44c3d52a8d1e1e11d7c4abe30331f6c5c8ef4e824,ppo_epoch,608,38912,,,,,,,,,,,,,,,151,3,151,152,0.0003,0.0003,0.2,-0.552060604095459,PPO clipped-surrogate actor + half-MSE critic,-1.0996544361114502,1.1079888343811035,0.6400583982467651,-0.552060604095459,1.0032057762145996,0.24126924574375153,12.65473747253418,signal-watch
ca_gat_mappo__small__seed-42__cfg-6f2181b8e38c__git-e469ac5d152b,ca_gat_mappo,small,42,e469ac5d152b50c21427eecb0c098f60c618f9f3,6f2181b8e38c9454f0e5c0e44c3d52a8d1e1e11d7c4abe30331f6c5c8ef4e824,ppo_epoch,609,39168,,,,,,,,,,,,,,,152,0,152,153,0.0003,0.0003,0.2,-0.32929596304893494,PPO clipped-surrogate actor + half-MSE critic,-2.1686723232269287,3.6932783126831055,0.7262804508209229,-0.32929596304893494,1.0,0.8585619330406189,16.81197166442871,signal-watch
ca_gat_mappo__small__seed-42__cfg-6f2181b8e38c__git-e469ac5d152b,ca_gat_mappo,small,42,e469ac5d152b50c21427eecb0c098f60c618f9f3,6f2181b8e38c9454f0e5c0e44c3d52a8d1e1e11d7c4abe30331f6c5c8ef4e824,ppo_epoch,610,39168,,,,,,,,,,,,,,,152,1,152,153,0.0003,0.0003,0.2,-0.4242655634880066,PPO clipped-surrogate actor + half-MSE critic,-2.1704163551330566,3.5068697929382324,0.7284113764762878,-0.4242655634880066,1.0006879568099976,0.8633662462234497,16.26970863342285,signal-watch
ca_gat_mappo__small__seed-42__cfg-6f2181b8e38c__git-e469ac5d152b,ca_gat_mappo,small,42,e469ac5d152b50c21427eecb0c098f60c618f9f3,6f2181b8e38c9454f0e5c0e44c3d52a8d1e1e11d7c4abe30331f6c5c8ef4e824,ppo_epoch,611,39168,,,,,,,,,,,,,,,152,2,152,153,0.0003,0.0003,0.2,-0.566347599029541,PPO clipped-surrogate actor + half-MSE critic,-2.1750619411468506,3.2320470809936523,0.7309216260910034,-0.566347599029541,1.0022578239440918,0.8913086652755737,15.417877197265625,signal-watch
ca_gat_mappo__small__seed-42__cfg-6f2181b8e38c__git-e469ac5d152b,ca_gat_mappo,small,42,e469ac5d152b50c21427eecb0c098f60c618f9f3,6f2181b8e38c9454f0e5c0e44c3d52a8d1e1e11d7c4abe30331f6c5c8ef4e824,ppo_epoch,612,39168,,,,,,,,,,,,,,,152,3,152,153,0.0003,0.0003,0.2,-0.7415245771408081,PPO clipped-surrogate actor + half-MSE critic,-2.1818437576293945,2.8953099250793457,0.7335769534111023,-0.7415245771408081,1.0045263767242432,0.7960225343704224,14.334124565124512,signal-watch
ca_gat_mappo__small__seed-42__cfg-6f2181b8e38c__git-e469ac5d152b,ca_gat_mappo,small,42,e469ac5d152b50c21427eecb0c098f60c618f9f3,6f2181b8e38c9454f0e5c0e44c3d52a8d1e1e11d7c4abe30331f6c5c8ef4e824,ppo_epoch,613,39424,,,,,,,,,,,,,,,153,0,153,154,0.0003,0.0003,0.2,-0.0932905375957489,PPO clipped-surrogate actor + half-MSE critic,-0.48293596506118774,0.7925822734832764,0.664570689201355,-0.0932905375957489,1.0,1.086593508720398,4.5596723556518555,signal-watch
ca_gat_mappo__small__seed-42__cfg-6f2181b8e38c__git-e469ac5d152b,ca_gat_mappo,small,42,e469ac5d152b50c21427eecb0c098f60c618f9f3,6f2181b8e38c9454f0e5c0e44c3d52a8d1e1e11d7c4abe30331f6c5c8ef4e824,ppo_epoch,614,39424,,,,,,,,,,,,,,,153,1,153,154,0.0003,0.0003,0.2,-0.12997083365917206,PPO clipped-surrogate actor + half-MSE critic,-0.4830873906612396,0.719543993473053,0.6655433177947998,-0.12997083365917206,0.9991278648376465,0.399997353553772,2.9482600688934326,signal-watch
ca_gat_mappo__small__seed-42__cfg-6f2181b8e38c__git-e469ac5d152b,ca_gat_mappo,small,42,e469ac5d152b50c21427eecb0c098f60c618f9f3,6f2181b8e38c9454f0e5c0e44c3d52a8d1e1e11d7c4abe30331f6c5c8ef4e824,ppo_epoch,615,39424,,,,,,,,,,,,,,,153,2,153,154,0.0003,0.0003,0.2,-0.15405629575252533,PPO clipped-surrogate actor + half-MSE critic,-0.483006089925766,0.6712263822555542,0.6663395166397095,-0.15405629575252533,0.9993509650230408,0.7365589737892151,1.042975664138794,signal-watch
ca_gat_mappo__small__seed-42__cfg-6f2181b8e38c__git-e469ac5d152b,ca_gat_mappo,small,42,e469ac5d152b50c21427eecb0c098f60c618f9f3,6f2181b8e38c9454f0e5c0e44c3d52a8d1e1e11d7c4abe30331f6c5c8ef4e824,ppo_epoch,616,39424,,,,,,,,,,,,,,,153,3,153,154,0.0003,0.0003,0.2,-0.1548319011926651,PPO clipped-surrogate actor + half-MSE critic,-0.483912855386734,0.6715033054351807,0.6670702695846558,-0.1548319011926651,0.9995570778846741,0.3950747549533844,1.5632555484771729,signal-watch
ca_gat_mappo__small__seed-42__cfg-6f2181b8e38c__git-e469ac5d152b,ca_gat_mappo,small,42,e469ac5d152b50c21427eecb0c098f60c618f9f3,6f2181b8e38c9454f0e5c0e44c3d52a8d1e1e11d7c4abe30331f6c5c8ef4e824,ppo_epoch,617,39680,,,,,,,,,,,,,,,154,0,154,155,0.0003,0.0003,0.2,0.49632158875465393,PPO clipped-surrogate actor + half-MSE critic,-0.4710795283317566,1.9483070373535156,0.6752390265464783,0.49632158875465393,1.0,0.6695991158485413,5.585007667541504,signal-watch
ca_gat_mappo__small__seed-42__cfg-6f2181b8e38c__git-e469ac5d152b,ca_gat_mappo,small,42,e469ac5d152b50c21427eecb0c098f60c618f9f3,6f2181b8e38c9454f0e5c0e44c3d52a8d1e1e11d7c4abe30331f6c5c8ef4e824,ppo_epoch,618,39680,,,,,,,,,,,,,,,154,1,154,155,0.0003,0.0003,0.2,0.45620617270469666,PPO clipped-surrogate actor + half-MSE critic,-0.4747689366340637,1.8754509687423706,0.6750389337539673,0.45620617270469666,0.9999958276748657,0.6665292978286743,4.640707492828369,signal-watch
ca_gat_mappo__small__seed-42__cfg-6f2181b8e38c__git-e469ac5d152b,ca_gat_mappo,small,42,e469ac5d152b50c21427eecb0c098f60c618f9f3,6f2181b8e38c9454f0e5c0e44c3d52a8d1e1e11d7c4abe30331f6c5c8ef4e824,ppo_epoch,619,39680,,,,,,,,,,,,,,,154,2,154,155,0.0003,0.0003,0.2,0.41148629784584045,PPO clipped-surrogate actor + half-MSE critic,-0.4805360734462738,1.7975279092788696,0.6741570234298706,0.41148629784584045,0.9995815753936768,0.6565951704978943,3.5339250564575195,signal-watch
ca_gat_mappo__small__seed-42__cfg-6f2181b8e38c__git-e469ac5d152b,ca_gat_mappo,small,42,e469ac5d152b50c21427eecb0c098f60c618f9f3,6f2181b8e38c9454f0e5c0e44c3d52a8d1e1e11d7c4abe30331f6c5c8ef4e824,ppo_epoch,620,39680,,,,,,,,,,,,,,,154,3,154,155,0.0003,0.0003,0.2,0.3714284300804138,PPO clipped-surrogate actor + half-MSE critic,-0.48664894700050354,1.7296078205108643,0.6726527214050293,0.3714284300804138,0.9990581274032593,0.7464398145675659,2.7361724376678467,signal-watch
ca_gat_mappo__small__seed-42__cfg-6f2181b8e38c__git-e469ac5d152b,ca_gat_mappo,small,42,e469ac5d152b50c21427eecb0c098f60c618f9f3,6f2181b8e38c9454f0e5c0e44c3d52a8d1e1e11d7c4abe30331f6c5c8ef4e824,ppo_epoch,621,39936,,,,,,,,,,,,,,,155,0,155,156,0.0003,0.0003,0.2,2.670717239379883,PPO clipped-surrogate actor + half-MSE critic,1.2882342338562012,2.781008005142212,0.8020839691162109,2.670717239379883,1.0,0.7064711451530457,12.925153732299805,signal-watch
ca_gat_mappo__small__seed-42__cfg-6f2181b8e38c__git-e469ac5d152b,ca_gat_mappo,small,42,e469ac5d152b50c21427eecb0c098f60c618f9f3,6f2181b8e38c9454f0e5c0e44c3d52a8d1e1e11d7c4abe30331f6c5c8ef4e824,ppo_epoch,622,39936,,,,,,,,,,,,,,,155,1,155,156,0.0003,0.0003,0.2,2.6072354316711426,PPO clipped-surrogate actor + half-MSE critic,1.2849574089050293,2.660604238510132,0.8024160265922546,2.6072354316711426,0.9986838102340698,0.7019446492195129,11.845438003540039,signal-watch
ca_gat_mappo__small__seed-42__cfg-6f2181b8e38c__git-e469ac5d152b,ca_gat_mappo,small,42,e469ac5d152b50c21427eecb0c098f60c618f9f3,6f2181b8e38c9454f0e5c0e44c3d52a8d1e1e11d7c4abe30331f6c5c8ef4e824,ppo_epoch,623,39936,,,,,,,,,,,,,,,155,2,155,156,0.0003,0.0003,0.2,2.52319073677063,PPO clipped-surrogate actor + half-MSE critic,1.2784969806671143,2.5054638385772705,0.8038233518600464,2.52319073677063,0.9964072108268738,0.6894009709358215,10.318061828613281,signal-watch
ca_gat_mappo__small__seed-42__cfg-6f2181b8e38c__git-e469ac5d152b,ca_gat_mappo,small,42,e469ac5d152b50c21427eecb0c098f60c618f9f3,6f2181b8e38c9454f0e5c0e44c3d52a8d1e1e11d7c4abe30331f6c5c8ef4e824,ppo_epoch,624,39936,,,,,,,,,,,,,,,155,3,155,156,0.0003,0.0003,0.2,2.4348442554473877,PPO clipped-surrogate actor + half-MSE critic,1.270907998085022,2.3440022468566895,0.8065015077590942,2.4348442554473877,0.993039608001709,0.6407434344291687,8.577285766601562,signal-watch
ca_gat_mappo__small__seed-42__cfg-6f2181b8e38c__git-e469ac5d152b,ca_gat_mappo,small,42,e469ac5d152b50c21427eecb0c098f60c618f9f3,6f2181b8e38c9454f0e5c0e44c3d52a8d1e1e11d7c4abe30331f6c5c8ef4e824,ppo_epoch,625,40192,,,,,,,,,,,,,,,156,0,156,157,0.0003,0.0003,0.2,-0.18397103250026703,PPO clipped-surrogate actor + half-MSE critic,-0.8245193362236023,1.293973684310913,0.6438544988632202,-0.18397103250026703,1.0,0.29611527919769287,5.486456871032715,signal-watch
ca_gat_mappo__small__seed-42__cfg-6f2181b8e38c__git-e469ac5d152b,ca_gat_mappo,small,42,e469ac5d152b50c21427eecb0c098f60c618f9f3,6f2181b8e38c9454f0e5c0e44c3d52a8d1e1e11d7c4abe30331f6c5c8ef4e824,ppo_epoch,626,40192,,,,,,,,,,,,,,,156,1,156,157,0.0003,0.0003,0.2,-0.2054120898246765,PPO clipped-surrogate actor + half-MSE critic,-0.823715329170227,1.2495886087417603,0.6491070985794067,-0.2054120898246765,0.9994165897369385,0.46782386302948,4.966577529907227,signal-watch
ca_gat_mappo__small__seed-42__cfg-6f2181b8e38c__git-e469ac5d152b,ca_gat_mappo,small,42,e469ac5d152b50c21427eecb0c098f60c618f9f3,6f2181b8e38c9454f0e5c0e44c3d52a8d1e1e11d7c4abe30331f6c5c8ef4e824,ppo_epoch,627,40192,,,,,,,,,,,,,,,156,2,156,157,0.0003,0.0003,0.2,-0.23075486719608307,PPO clipped-surrogate actor + half-MSE critic,-0.8224176168441772,1.1963207721710205,0.6497637033462524,-0.23075486719608307,0.9998577833175659,0.4476754069328308,4.2515177726745605,signal-watch
ca_gat_mappo__small__seed-42__cfg-6f2181b8e38c__git-e469ac5d152b,ca_gat_mappo,small,42,e469ac5d152b50c21427eecb0c098f60c618f9f3,6f2181b8e38c9454f0e5c0e44c3d52a8d1e1e11d7c4abe30331f6c5c8ef4e824,ppo_epoch,628,40192,,,,,,,,,,,,,,,156,3,156,157,0.0003,0.0003,0.2,-0.25563910603523254,PPO clipped-surrogate actor + half-MSE critic,-0.8247232437133789,1.1511132717132568,0.6472498178482056,-0.25563910603523254,1.0009922981262207,0.4258963465690613,3.4785122871398926,signal-watch
ca_gat_mappo__small__seed-42__cfg-6f2181b8e38c__git-e469ac5d152b,ca_gat_mappo,small,42,e469ac5d152b50c21427eecb0c098f60c618f9f3,6f2181b8e38c9454f0e5c0e44c3d52a8d1e1e11d7c4abe30331f6c5c8ef4e824,ppo_epoch,629,40448,,,,,,,,,,,,,,,157,0,157,158,0.0003,0.0003,0.2,1.5107364654541016,PPO clipped-surrogate actor + half-MSE critic,0.7985994815826416,1.4385740756988525,0.7150051593780518,1.5107364654541016,1.0,1.9287275075912476,6.2036967277526855,signal-watch
ca_gat_mappo__small__seed-42__cfg-6f2181b8e38c__git-e469ac5d152b,ca_gat_mappo,small,42,e469ac5d152b50c21427eecb0c098f60c618f9f3,6f2181b8e38c9454f0e5c0e44c3d52a8d1e1e11d7c4abe30331f6c5c8ef4e824,ppo_epoch,630,40448,,,,,,,,,,,,,,,157,1,157,158,0.0003,0.0003,0.2,1.514207363128662,PPO clipped-surrogate actor + half-MSE critic,0.7968345284461975,1.448917269706726,0.7085757851600647,1.514207363128662,0.9976996183395386,0.43198883533477783,6.56878137588501,signal-watch
ca_gat_mappo__small__seed-42__cfg-6f2181b8e38c__git-e469ac5d152b,ca_gat_mappo,small,42,e469ac5d152b50c21427eecb0c098f60c618f9f3,6f2181b8e38c9454f0e5c0e44c3d52a8d1e1e11d7c4abe30331f6c5c8ef4e824,ppo_epoch,631,40448,,,,,,,,,,,,,,,157,2,157,158,0.0003,0.0003,0.2,1.4975255727767944,PPO clipped-surrogate actor + half-MSE critic,0.796688437461853,1.415738821029663,0.7032301425933838,1.4975255727767944,0.996270477771759,0.49930906295776367,6.434112548828125,signal-watch
ca_gat_mappo__small__seed-42__cfg-6f2181b8e38c__git-e469ac5d152b,ca_gat_mappo,small,42,e469ac5d152b50c21427eecb0c098f60c618f9f3,6f2181b8e38c9454f0e5c0e44c3d52a8d1e1e11d7c4abe30331f6c5c8ef4e824,ppo_epoch,632,40448,,,,,,,,,,,,,,,157,3,157,158,0.0003,0.0003,0.2,1.4625519514083862,PPO clipped-surrogate actor + half-MSE critic,0.7947483062744141,1.349644422531128,0.7018557786941528,1.4625519514083862,0.9954124689102173,0.4970414638519287,5.920435905456543,signal-watch
ca_gat_mappo__small__seed-42__cfg-6f2181b8e38c__git-e469ac5d152b,ca_gat_mappo,small,42,e469ac5d152b50c21427eecb0c098f60c618f9f3,6f2181b8e38c9454f0e5c0e44c3d52a8d1e1e11d7c4abe30331f6c5c8ef4e824,ppo_epoch,633,40704,,,,,,,,,,,,,,,158,0,158,159,0.0003,0.0003,0.2,0.20549771189689636,PPO clipped-surrogate actor + half-MSE critic,-0.3042570948600769,1.031477928161621,0.5984158515930176,0.20549771189689636,1.0,0.2599599063396454,3.629940986633301,signal-watch
ca_gat_mappo__small__seed-42__cfg-6f2181b8e38c__git-e469ac5d152b,ca_gat_mappo,small,42,e469ac5d152b50c21427eecb0c098f60c618f9f3,6f2181b8e38c9454f0e5c0e44c3d52a8d1e1e11d7c4abe30331f6c5c8ef4e824,ppo_epoch,634,40704,,,,,,,,,,,,,,,158,1,158,159,0.0003,0.0003,0.2,0.19829297065734863,PPO clipped-surrogate actor + half-MSE critic,-0.3054927885532379,1.0195919275283813,0.601020097732544,0.19829297065734863,0.9994186162948608,0.48549744486808777,3.7270381450653076,signal-watch
ca_gat_mappo__small__seed-42__cfg-6f2181b8e38c__git-e469ac5d152b,ca_gat_mappo,small,42,e469ac5d152b50c21427eecb0c098f60c618f9f3,6f2181b8e38c9454f0e5c0e44c3d52a8d1e1e11d7c4abe30331f6c5c8ef4e824,ppo_epoch,635,40704,,,,,,,,,,,,,,,158,2,158,159,0.0003,0.0003,0.2,0.18813133239746094,PPO clipped-surrogate actor + half-MSE critic,-0.3078160285949707,1.0039784908294678,0.6041880249977112,0.18813133239746094,0.9986245036125183,0.44223445653915405,4.180551052093506,signal-watch
ca_gat_mappo__small__seed-42__cfg-6f2181b8e38c__git-e469ac5d152b,ca_gat_mappo,small,42,e469ac5d152b50c21427eecb0c098f60c618f9f3,6f2181b8e38c9454f0e5c0e44c3d52a8d1e1e11d7c4abe30331f6c5c8ef4e824,ppo_epoch,636,40704,,,,,,,,,,,,,,,158,3,158,159,0.0003,0.0003,0.2,0.17881163954734802,PPO clipped-surrogate actor + half-MSE critic,-0.30565303564071655,0.9810370206832886,0.6053837537765503,0.17881163954734802,0.9965291023254395,0.6909732818603516,4.577747821807861,signal-watch
ca_gat_mappo__small__seed-42__cfg-6f2181b8e38c__git-e469ac5d152b,ca_gat_mappo,small,42,e469ac5d152b50c21427eecb0c098f60c618f9f3,6f2181b8e38c9454f0e5c0e44c3d52a8d1e1e11d7c4abe30331f6c5c8ef4e824,ppo_epoch,637,40960,,,,,,,,,,,,,,,159,0,159,160,0.0003,0.0003,0.2,0.2283615916967392,PPO clipped-surrogate actor + half-MSE critic,-0.40533363819122314,1.2834075689315796,0.8008561134338379,0.2283615916967392,1.0,0.6115446090698242,5.061441421508789,signal-watch
ca_gat_mappo__small__seed-42__cfg-6f2181b8e38c__git-e469ac5d152b,ca_gat_mappo,small,42,e469ac5d152b50c21427eecb0c098f60c618f9f3,6f2181b8e38c9454f0e5c0e44c3d52a8d1e1e11d7c4abe30331f6c5c8ef4e824,ppo_epoch,638,40960,,,,,,,,,,,,,,,159,1,159,160,0.0003,0.0003,0.2,0.20045948028564453,PPO clipped-surrogate actor + half-MSE critic,-0.4059540629386902,1.228882908821106,0.8027915954589844,0.20045948028564453,0.9997711181640625,1.0089890956878662,4.533383846282959,signal-watch
ca_gat_mappo__small__seed-42__cfg-6f2181b8e38c__git-e469ac5d152b,ca_gat_mappo,small,42,e469ac5d152b50c21427eecb0c098f60c618f9f3,6f2181b8e38c9454f0e5c0e44c3d52a8d1e1e11d7c4abe30331f6c5c8ef4e824,ppo_epoch,639,40960,,,,,,,,,,,,,,,159,2,159,160,0.0003,0.0003,0.2,0.16010916233062744,PPO clipped-surrogate actor + half-MSE critic,-0.408011257648468,1.152401089668274,0.8080130815505981,0.16010916233062744,1.0001782178878784,0.5587643384933472,3.6360831260681152,signal-watch
ca_gat_mappo__small__seed-42__cfg-6f2181b8e38c__git-e469ac5d152b,ca_gat_mappo,small,42,e469ac5d152b50c21427eecb0c098f60c618f9f3,6f2181b8e38c9454f0e5c0e44c3d52a8d1e1e11d7c4abe30331f6c5c8ef4e824,ppo_epoch,640,40960,,,,,,,,,,,,,,,159,3,159,160,0.0003,0.0003,0.2,0.11964929848909378,PPO clipped-surrogate actor + half-MSE critic,-0.41016608476638794,1.0759422779083252,0.8155758380889893,0.11964929848909378,1.0002250671386719,9.799631118774414,2.5709948539733887,signal-watch
ca_gat_mappo__small__seed-42__cfg-6f2181b8e38c__git-e469ac5d152b,ca_gat_mappo,small,42,e469ac5d152b50c21427eecb0c098f60c618f9f3,6f2181b8e38c9454f0e5c0e44c3d52a8d1e1e11d7c4abe30331f6c5c8ef4e824,ppo_epoch,641,41216,,,,,,,,,,,,,,,160,0,160,161,0.0003,0.0003,0.2,-0.3107011318206787,PPO clipped-surrogate actor + half-MSE critic,-0.5978264212608337,0.5868438482284546,0.6296641230583191,-0.3107011318206787,1.0,0.5526781678199768,4.737547874450684,signal-watch
ca_gat_mappo__small__seed-42__cfg-6f2181b8e38c__git-e469ac5d152b,ca_gat_mappo,small,42,e469ac5d152b50c21427eecb0c098f60c618f9f3,6f2181b8e38c9454f0e5c0e44c3d52a8d1e1e11d7c4abe30331f6c5c8ef4e824,ppo_epoch,642,41216,,,,,,,,,,,,,,,160,1,160,161,0.0003,0.0003,0.2,-0.3520061671733856,PPO clipped-surrogate actor + half-MSE critic,-0.5992100834846497,0.5070897340774536,0.6340951323509216,-0.3520061671733856,1.0003323554992676,0.5462459325790405,3.76509690284729,signal-watch
ca_gat_mappo__small__seed-42__cfg-6f2181b8e38c__git-e469ac5d152b,ca_gat_mappo,small,42,e469ac5d152b50c21427eecb0c098f60c618f9f3,6f2181b8e38c9454f0e5c0e44c3d52a8d1e1e11d7c4abe30331f6c5c8ef4e824,ppo_epoch,643,41216,,,,,,,,,,,,,,,160,2,160,161,0.0003,0.0003,0.2,-0.39126530289649963,PPO clipped-surrogate actor + half-MSE critic,-0.6013855934143066,0.43301165103912354,0.6385531425476074,-0.39126530289649963,1.0011558532714844,0.5051552057266235,2.482956886291504,signal-watch
ca_gat_mappo__small__seed-42__cfg-6f2181b8e38c__git-e469ac5d152b,ca_gat_mappo,small,42,e469ac5d152b50c21427eecb0c098f60c618f9f3,6f2181b8e38c9454f0e5c0e44c3d52a8d1e1e11d7c4abe30331f6c5c8ef4e824,ppo_epoch,644,41216,,,,,,,,,,,,,,,160,3,160,161,0.0003,0.0003,0.2,-0.41904115676879883,PPO clipped-surrogate actor + half-MSE critic,-0.6040721535682678,0.38289761543273926,0.6417815685272217,-0.41904115676879883,1.0019171237945557,0.841860830783844,1.3069286346435547,signal-watch
ca_gat_mappo__small__seed-42__cfg-6f2181b8e38c__git-e469ac5d152b,ca_gat_mappo,small,42,e469ac5d152b50c21427eecb0c098f60c618f9f3,6f2181b8e38c9454f0e5c0e44c3d52a8d1e1e11d7c4abe30331f6c5c8ef4e824,ppo_epoch,645,41472,,,,,,,,,,,,,,,161,0,161,162,0.0003,0.0003,0.2,0.41668832302093506,PPO clipped-surrogate actor + half-MSE critic,-0.17723697423934937,1.2047028541564941,0.842613697052002,0.41668832302093506,1.0,0.45483654737472534,1.643412709236145,signal-watch
ca_gat_mappo__small__seed-42__cfg-6f2181b8e38c__git-e469ac5d152b,ca_gat_mappo,small,42,e469ac5d152b50c21427eecb0c098f60c618f9f3,6f2181b8e38c9454f0e5c0e44c3d52a8d1e1e11d7c4abe30331f6c5c8ef4e824,ppo_epoch,646,41472,,,,,,,,,,,,,,,161,1,161,162,0.0003,0.0003,0.2,0.40584608912467957,PPO clipped-surrogate actor + half-MSE critic,-0.18047232925891876,1.1895543336868286,0.8458768129348755,0.40584608912467957,0.9995307922363281,0.546249270439148,1.1263906955718994,signal-watch
ca_gat_mappo__small__seed-42__cfg-6f2181b8e38c__git-e469ac5d152b,ca_gat_mappo,small,42,e469ac5d152b50c21427eecb0c098f60c618f9f3,6f2181b8e38c9454f0e5c0e44c3d52a8d1e1e11d7c4abe30331f6c5c8ef4e824,ppo_epoch,647,41472,,,,,,,,,,,,,,,161,2,161,162,0.0003,0.0003,0.2,0.3970611095428467,PPO clipped-surrogate actor + half-MSE critic,-0.18410369753837585,1.179260015487671,0.8465197682380676,0.3970611095428467,0.9988704919815063,0.41181862354278564,1.5414447784423828,signal-watch
ca_gat_mappo__small__seed-42__cfg-6f2181b8e38c__git-e469ac5d152b,ca_gat_mappo,small,42,e469ac5d152b50c21427eecb0c098f60c618f9f3,6f2181b8e38c9454f0e5c0e44c3d52a8d1e1e11d7c4abe30331f6c5c8ef4e824,ppo_epoch,648,41472,,,,,,,,,,,,,,,161,3,161,162,0.0003,0.0003,0.2,0.3893589973449707,PPO clipped-surrogate actor + half-MSE critic,-0.18412256240844727,1.1638529300689697,0.8444892168045044,0.3893589973449707,0.9985069036483765,1.0350576639175415,1.9621977806091309,signal-watch
ca_gat_mappo__small__seed-42__cfg-6f2181b8e38c__git-e469ac5d152b,ca_gat_mappo,small,42,e469ac5d152b50c21427eecb0c098f60c618f9f3,6f2181b8e38c9454f0e5c0e44c3d52a8d1e1e11d7c4abe30331f6c5c8ef4e824,ppo_epoch,649,41728,,,,,,,,,,,,,,,162,0,162,163,0.0003,0.0003,0.2,0.4119258522987366,PPO clipped-surrogate actor + half-MSE critic,0.07120095193386078,0.6970303058624268,0.7790277600288391,0.4119258522987366,1.0,1.699720859527588,1.277580976486206,signal-watch
ca_gat_mappo__small__seed-42__cfg-6f2181b8e38c__git-e469ac5d152b,ca_gat_mappo,small,42,e469ac5d152b50c21427eecb0c098f60c618f9f3,6f2181b8e38c9454f0e5c0e44c3d52a8d1e1e11d7c4abe30331f6c5c8ef4e824,ppo_epoch,650,41728,,,,,,,,,,,,,,,162,1,162,163,0.0003,0.0003,0.2,0.40685921907424927,PPO clipped-surrogate actor + half-MSE critic,0.07101298868656158,0.6872903108596802,0.7798916101455688,0.40685921907424927,0.9998996257781982,0.6727144718170166,1.1524314880371094,signal-watch
ca_gat_mappo__small__seed-42__cfg-6f2181b8e38c__git-e469ac5d152b,ca_gat_mappo,small,42,e469ac5d152b50c21427eecb0c098f60c618f9f3,6f2181b8e38c9454f0e5c0e44c3d52a8d1e1e11d7c4abe30331f6c5c8ef4e824,ppo_epoch,651,41728,,,,,,,,,,,,,,,162,2,162,163,0.0003,0.0003,0.2,0.3986327350139618,PPO clipped-surrogate actor + half-MSE critic,0.06959401071071625,0.6737295389175415,0.7826069593429565,0.3986327350139618,1.0008454322814941,0.3210969865322113,0.7465605735778809,signal-watch
ca_gat_mappo__small__seed-42__cfg-6f2181b8e38c__git-e469ac5d152b,ca_gat_mappo,small,42,e469ac5d152b50c21427eecb0c098f60c618f9f3,6f2181b8e38c9454f0e5c0e44c3d52a8d1e1e11d7c4abe30331f6c5c8ef4e824,ppo_epoch,652,41728,,,,,,,,,,,,,,,162,3,162,163,0.0003,0.0003,0.2,0.3915939927101135,PPO clipped-surrogate actor + half-MSE critic,0.06807180494070053,0.6627762913703918,0.7865950465202332,0.3915939927101135,1.001600980758667,0.24206072092056274,0.480830579996109,signal-watch
ca_gat_mappo__small__seed-42__cfg-6f2181b8e38c__git-e469ac5d152b,ca_gat_mappo,small,42,e469ac5d152b50c21427eecb0c098f60c618f9f3,6f2181b8e38c9454f0e5c0e44c3d52a8d1e1e11d7c4abe30331f6c5c8ef4e824,ppo_epoch,653,41984,,,,,,,,,,,,,,,163,0,163,164,0.0003,0.0003,0.2,0.8150601983070374,PPO clipped-surrogate actor + half-MSE critic,0.2810829281806946,1.0851030349731445,0.8574221134185791,0.8150601983070374,1.0,2.7602853775024414,2.467315673828125,signal-watch
ca_gat_mappo__small__seed-42__cfg-6f2181b8e38c__git-e469ac5d152b,ca_gat_mappo,small,42,e469ac5d152b50c21427eecb0c098f60c618f9f3,6f2181b8e38c9454f0e5c0e44c3d52a8d1e1e11d7c4abe30331f6c5c8ef4e824,ppo_epoch,654,41984,,,,,,,,,,,,,,,163,1,163,164,0.0003,0.0003,0.2,0.7995186448097229,PPO clipped-surrogate actor + half-MSE critic,0.2779344916343689,1.0604164600372314,0.8624064922332764,0.7995186448097229,0.9987001419067383,1.468769907951355,1.5864977836608887,signal-watch
ca_gat_mappo__small__seed-42__cfg-6f2181b8e38c__git-e469ac5d152b,ca_gat_mappo,small,42,e469ac5d152b50c21427eecb0c098f60c618f9f3,6f2181b8e38c9454f0e5c0e44c3d52a8d1e1e11d7c4abe30331f6c5c8ef4e824,ppo_epoch,655,41984,,,,,,,,,,,,,,,163,2,163,164,0.0003,0.0003,0.2,0.7869748473167419,PPO clipped-surrogate actor + half-MSE critic,0.2742508053779602,1.0428476333618164,0.8699787855148315,0.7869748473167419,0.9956667423248291,0.757055401802063,0.7045110464096069,signal-watch
ca_gat_mappo__small__seed-42__cfg-6f2181b8e38c__git-e469ac5d152b,ca_gat_mappo,small,42,e469ac5d152b50c21427eecb0c098f60c618f9f3,6f2181b8e38c9454f0e5c0e44c3d52a8d1e1e11d7c4abe30331f6c5c8ef4e824,ppo_epoch,656,41984,,,,,,,,,,,,,,,163,3,163,164,0.0003,0.0003,0.2,0.7799413204193115,PPO clipped-surrogate actor + half-MSE critic,0.2692648768424988,1.0389783382415771,0.8812717199325562,0.7799413204193115,0.9939043521881104,1.2369022369384766,0.9929024577140808,signal-watch
ca_gat_mappo__small__seed-42__cfg-6f2181b8e38c__git-e469ac5d152b,ca_gat_mappo,small,42,e469ac5d152b50c21427eecb0c098f60c618f9f3,6f2181b8e38c9454f0e5c0e44c3d52a8d1e1e11d7c4abe30331f6c5c8ef4e824,ppo_epoch,657,42240,,,,,,,,,,,,,,,164,0,164,165,0.0003,0.0003,0.2,-0.4093998968601227,PPO clipped-surrogate actor + half-MSE critic,-1.0171089172363281,1.2283154726028442,0.6448723077774048,-0.4093998968601227,1.0,0.3460129499435425,9.013245582580566,signal-watch
ca_gat_mappo__small__seed-42__cfg-6f2181b8e38c__git-e469ac5d152b,ca_gat_mappo,small,42,e469ac5d152b50c21427eecb0c098f60c618f9f3,6f2181b8e38c9454f0e5c0e44c3d52a8d1e1e11d7c4abe30331f6c5c8ef4e824,ppo_epoch,658,42240,,,,,,,,,,,,,,,164,1,164,165,0.0003,0.0003,0.2,-0.45532289147377014,PPO clipped-surrogate actor + half-MSE critic,-1.017435073852539,1.1372681856155396,0.6521902084350586,-0.45532289147377014,1.0005711317062378,1.8640929460525513,8.304543495178223,signal-watch
ca_gat_mappo__small__seed-42__cfg-6f2181b8e38c__git-e469ac5d152b,ca_gat_mappo,small,42,e469ac5d152b50c21427eecb0c098f60c618f9f3,6f2181b8e38c9454f0e5c0e44c3d52a8d1e1e11d7c4abe30331f6c5c8ef4e824,ppo_epoch,659,42240,,,,,,,,,,,,,,,164,2,164,165,0.0003,0.0003,0.2,-0.524625301361084,PPO clipped-surrogate actor + half-MSE critic,-1.018911361694336,1.0017117261886597,0.6569825410842896,-0.524625301361084,1.0019416809082031,0.32354915142059326,7.140313148498535,signal-watch
ca_gat_mappo__small__seed-42__cfg-6f2181b8e38c__git-e469ac5d152b,ca_gat_mappo,small,42,e469ac5d152b50c21427eecb0c098f60c618f9f3,6f2181b8e38c9454f0e5c0e44c3d52a8d1e1e11d7c4abe30331f6c5c8ef4e824,ppo_epoch,660,42240,,,,,,,,,,,,,,,164,3,164,165,0.0003,0.0003,0.2,-0.6011520028114319,PPO clipped-surrogate actor + half-MSE critic,-1.0205837488174438,0.852060854434967,0.6598634719848633,-0.6011520028114319,1.0040068626403809,0.3947776257991791,5.633840560913086,signal-watch
ca_gat_mappo__small__seed-42__cfg-6f2181b8e38c__git-e469ac5d152b,ca_gat_mappo,small,42,e469ac5d152b50c21427eecb0c098f60c618f9f3,6f2181b8e38c9454f0e5c0e44c3d52a8d1e1e11d7c4abe30331f6c5c8ef4e824,ppo_epoch,661,42496,,,,,,,,,,,,,,,165,0,165,166,0.0003,0.0003,0.2,0.1686084270477295,PPO clipped-surrogate actor + half-MSE critic,-0.6788231134414673,1.7129578590393066,0.9047389030456543,0.1686084270477295,1.0,0.846990704536438,6.395528793334961,signal-watch
ca_gat_mappo__small__seed-42__cfg-6f2181b8e38c__git-e469ac5d152b,ca_gat_mappo,small,42,e469ac5d152b50c21427eecb0c098f60c618f9f3,6f2181b8e38c9454f0e5c0e44c3d52a8d1e1e11d7c4abe30331f6c5c8ef4e824,ppo_epoch,662,42496,,,,,,,,,,,,,,,165,1,165,166,0.0003,0.0003,0.2,0.10390458256006241,PPO clipped-surrogate actor + half-MSE critic,-0.6804559826850891,1.5868195295333862,0.9049196839332581,0.10390458256006241,1.000279426574707,1.1654196977615356,4.563681125640869,signal-watch
ca_gat_mappo__small__seed-42__cfg-6f2181b8e38c__git-e469ac5d152b,ca_gat_mappo,small,42,e469ac5d152b50c21427eecb0c098f60c618f9f3,6f2181b8e38c9454f0e5c0e44c3d52a8d1e1e11d7c4abe30331f6c5c8ef4e824,ppo_epoch,663,42496,,,,,,,,,,,,,,,165,2,165,166,0.0003,0.0003,0.2,0.05228962376713753,PPO clipped-surrogate actor + half-MSE critic,-0.6836895942687988,1.4900779724121094,0.9059767127037048,0.05228962376713753,1.000023365020752,1.034409761428833,2.811850070953369,signal-watch
ca_gat_mappo__small__seed-42__cfg-6f2181b8e38c__git-e469ac5d152b,ca_gat_mappo,small,42,e469ac5d152b50c21427eecb0c098f60c618f9f3,6f2181b8e38c9454f0e5c0e44c3d52a8d1e1e11d7c4abe30331f6c5c8ef4e824,ppo_epoch,664,42496,,,,,,,,,,,,,,,165,3,165,166,0.0003,0.0003,0.2,0.02283487468957901,PPO clipped-surrogate actor + half-MSE critic,-0.6890841126441956,1.441957950592041,0.9059988260269165,0.02283487468957901,1.0015603303909302,0.6652789115905762,2.317270040512085,signal-watch
ca_gat_mappo__small__seed-42__cfg-6f2181b8e38c__git-e469ac5d152b,ca_gat_mappo,small,42,e469ac5d152b50c21427eecb0c098f60c618f9f3,6f2181b8e38c9454f0e5c0e44c3d52a8d1e1e11d7c4abe30331f6c5c8ef4e824,ppo_epoch,665,42752,,,,,,,,,,,,,,,166,0,166,167,0.0003,0.0003,0.2,-0.49688398838043213,PPO clipped-surrogate actor + half-MSE critic,-1.0589443445205688,1.1386116743087769,0.7245481014251709,-0.49688398838043213,1.0,0.9693964123725891,9.134949684143066,signal-watch
ca_gat_mappo__small__seed-42__cfg-6f2181b8e38c__git-e469ac5d152b,ca_gat_mappo,small,42,e469ac5d152b50c21427eecb0c098f60c618f9f3,6f2181b8e38c9454f0e5c0e44c3d52a8d1e1e11d7c4abe30331f6c5c8ef4e824,ppo_epoch,666,42752,,,,,,,,,,,,,,,166,1,166,167,0.0003,0.0003,0.2,-0.571198046207428,PPO clipped-surrogate actor + half-MSE critic,-1.0604941844940186,0.9930074214935303,0.7207557559013367,-0.571198046207428,1.0011627674102783,1.793784737586975,7.901353359222412,signal-watch
ca_gat_mappo__small__seed-42__cfg-6f2181b8e38c__git-e469ac5d152b,ca_gat_mappo,small,42,e469ac5d152b50c21427eecb0c098f60c618f9f3,6f2181b8e38c9454f0e5c0e44c3d52a8d1e1e11d7c4abe30331f6c5c8ef4e824,ppo_epoch,667,42752,,,,,,,,,,,,,,,166,2,166,167,0.0003,0.0003,0.2,-0.6637216806411743,PPO clipped-surrogate actor + half-MSE critic,-1.0631086826324463,0.8130969405174255,0.7161502838134766,-0.6637216806411743,1.0018823146820068,0.9715088605880737,6.059947967529297,signal-watch
ca_gat_mappo__small__seed-42__cfg-6f2181b8e38c__git-e469ac5d152b,ca_gat_mappo,small,42,e469ac5d152b50c21427eecb0c098f60c618f9f3,6f2181b8e38c9454f0e5c0e44c3d52a8d1e1e11d7c4abe30331f6c5c8ef4e824,ppo_epoch,668,42752,,,,,,,,,,,,,,,166,3,166,167,0.0003,0.0003,0.2,-0.747712254524231,PPO clipped-surrogate actor + half-MSE critic,-1.0665600299835205,0.6518675088882446,0.7085968255996704,-0.747712254524231,1.0041974782943726,0.8619286417961121,3.8376007080078125,signal-watch
ca_gat_mappo__small__seed-42__cfg-6f2181b8e38c__git-e469ac5d152b,ca_gat_mappo,small,42,e469ac5d152b50c21427eecb0c098f60c618f9f3,6f2181b8e38c9454f0e5c0e44c3d52a8d1e1e11d7c4abe30331f6c5c8ef4e824,ppo_epoch,669,43008,,,,,,,,,,,,,,,167,0,167,168,0.0003,0.0003,0.2,-0.116712287068367,PPO clipped-surrogate actor + half-MSE critic,-0.544683575630188,0.8709045648574829,0.7480994462966919,-0.116712287068367,1.0,0.7672403454780579,5.030006408691406,signal-watch
ca_gat_mappo__small__seed-42__cfg-6f2181b8e38c__git-e469ac5d152b,ca_gat_mappo,small,42,e469ac5d152b50c21427eecb0c098f60c618f9f3,6f2181b8e38c9454f0e5c0e44c3d52a8d1e1e11d7c4abe30331f6c5c8ef4e824,ppo_epoch,670,43008,,,,,,,,,,,,,,,167,1,167,168,0.0003,0.0003,0.2,-0.18658149242401123,PPO clipped-surrogate actor + half-MSE critic,-0.5459228754043579,0.7335041761398315,0.7410711050033569,-0.18658149242401123,1.0005500316619873,0.3764382302761078,2.743237257003784,signal-watch
ca_gat_mappo__small__seed-42__cfg-6f2181b8e38c__git-e469ac5d152b,ca_gat_mappo,small,42,e469ac5d152b50c21427eecb0c098f60c618f9f3,6f2181b8e38c9454f0e5c0e44c3d52a8d1e1e11d7c4abe30331f6c5c8ef4e824,ppo_epoch,671,43008,,,,,,,,,,,,,,,167,2,167,168,0.0003,0.0003,0.2,-0.21929694712162018,PPO clipped-surrogate actor + half-MSE critic,-0.5466175079345703,0.6693642139434814,0.7361547350883484,-0.21929694712162018,0.9987128973007202,0.37456801533699036,0.786497175693512,signal-watch
ca_gat_mappo__small__seed-42__cfg-6f2181b8e38c__git-e469ac5d152b,ca_gat_mappo,small,42,e469ac5d152b50c21427eecb0c098f60c618f9f3,6f2181b8e38c9454f0e5c0e44c3d52a8d1e1e11d7c4abe30331f6c5c8ef4e824,ppo_epoch,672,43008,,,,,,,,,,,,,,,167,3,167,168,0.0003,0.0003,0.2,-0.21629363298416138,PPO clipped-surrogate actor + half-MSE critic,-0.5486205816268921,0.6793603301048279,0.735321044921875,-0.21629363298416138,0.9979469776153564,0.4285573363304138,1.9868543148040771,signal-watch
ca_gat_mappo__small__seed-42__cfg-6f2181b8e38c__git-e469ac5d152b,ca_gat_mappo,small,42,e469ac5d152b50c21427eecb0c098f60c618f9f3,6f2181b8e38c9454f0e5c0e44c3d52a8d1e1e11d7c4abe30331f6c5c8ef4e824,ppo_epoch,673,43264,,,,,,,,,,,,,,,168,0,168,169,0.0003,0.0003,0.2,-0.06946156919002533,PPO clipped-surrogate actor + half-MSE critic,-0.4749966561794281,0.8209959268569946,0.49628758430480957,-0.06946156919002533,1.0,0.30647924542427063,5.775090217590332,signal-watch
ca_gat_mappo__small__seed-42__cfg-6f2181b8e38c__git-e469ac5d152b,ca_gat_mappo,small,42,e469ac5d152b50c21427eecb0c098f60c618f9f3,6f2181b8e38c9454f0e5c0e44c3d52a8d1e1e11d7c4abe30331f6c5c8ef4e824,ppo_epoch,674,43264,,,,,,,,,,,,,,,168,1,168,169,0.0003,0.0003,0.2,-0.11697060614824295,PPO clipped-surrogate actor + half-MSE critic,-0.47623854875564575,0.7284809350967407,0.497252494096756,-0.11697060614824295,1.000109314918518,0.3376336991786957,4.415499687194824,signal-watch
ca_gat_mappo__small__seed-42__cfg-6f2181b8e38c__git-e469ac5d152b,ca_gat_mappo,small,42,e469ac5d152b50c21427eecb0c098f60c618f9f3,6f2181b8e38c9454f0e5c0e44c3d52a8d1e1e11d7c4abe30331f6c5c8ef4e824,ppo_epoch,675,43264,,,,,,,,,,,,,,,168,2,168,169,0.0003,0.0003,0.2,-0.1630549430847168,PPO clipped-surrogate actor + half-MSE critic,-0.4784018099308014,0.6406641602516174,0.49852102994918823,-0.1630549430847168,1.0004069805145264,0.3032608926296234,2.835127353668213,signal-watch
ca_gat_mappo__small__seed-42__cfg-6f2181b8e38c__git-e469ac5d152b,ca_gat_mappo,small,42,e469ac5d152b50c21427eecb0c098f60c618f9f3,6f2181b8e38c9454f0e5c0e44c3d52a8d1e1e11d7c4abe30331f6c5c8ef4e824,ppo_epoch,676,43264,,,,,,,,,,,,,,,168,3,168,169,0.0003,0.0003,0.2,-0.19259290397167206,PPO clipped-surrogate actor + half-MSE critic,-0.4809954762458801,0.5868096351623535,0.5002244114875793,-0.19259290397167206,1.0009125471115112,0.29331547021865845,1.7804570198059082,signal-watch
ca_gat_mappo__small__seed-42__cfg-6f2181b8e38c__git-e469ac5d152b,ca_gat_mappo,small,42,e469ac5d152b50c21427eecb0c098f60c618f9f3,6f2181b8e38c9454f0e5c0e44c3d52a8d1e1e11d7c4abe30331f6c5c8ef4e824,ppo_epoch,677,43520,,,,,,,,,,,,,,,169,0,169,170,0.0003,0.0003,0.2,0.5768558979034424,PPO clipped-surrogate actor + half-MSE critic,0.2882429361343384,0.5928795337677002,0.7826780080795288,0.5768558979034424,1.0,0.35909220576286316,2.619248867034912,signal-watch
ca_gat_mappo__small__seed-42__cfg-6f2181b8e38c__git-e469ac5d152b,ca_gat_mappo,small,42,e469ac5d152b50c21427eecb0c098f60c618f9f3,6f2181b8e38c9454f0e5c0e44c3d52a8d1e1e11d7c4abe30331f6c5c8ef4e824,ppo_epoch,678,43520,,,,,,,,,,,,,,,169,1,169,170,0.0003,0.0003,0.2,0.5789315700531006,PPO clipped-surrogate actor + half-MSE critic,0.28698211908340454,0.5995633602142334,0.7832244634628296,0.5789315700531006,1.000138759613037,0.49590304493904114,3.463955879211426,signal-watch
ca_gat_mappo__small__seed-42__cfg-6f2181b8e38c__git-e469ac5d152b,ca_gat_mappo,small,42,e469ac5d152b50c21427eecb0c098f60c618f9f3,6f2181b8e38c9454f0e5c0e44c3d52a8d1e1e11d7c4abe30331f6c5c8ef4e824,ppo_epoch,679,43520,,,,,,,,,,,,,,,169,2,169,170,0.0003,0.0003,0.2,0.567462146282196,PPO clipped-surrogate actor + half-MSE critic,0.28458502888679504,0.5814410448074341,0.7843441963195801,0.567462146282196,1.0000518560409546,0.28932324051856995,3.6607940196990967,signal-watch
ca_gat_mappo__small__seed-42__cfg-6f2181b8e38c__git-e469ac5d152b,ca_gat_mappo,small,42,e469ac5d152b50c21427eecb0c098f60c618f9f3,6f2181b8e38c9454f0e5c0e44c3d52a8d1e1e11d7c4abe30331f6c5c8ef4e824,ppo_epoch,680,43520,,,,,,,,,,,,,,,169,3,169,170,0.0003,0.0003,0.2,0.5432254076004028,PPO clipped-surrogate actor + half-MSE critic,0.2821800410747528,0.5378041863441467,0.7856722474098206,0.5432254076004028,1.0000966787338257,0.26779788732528687,3.2386481761932373,signal-watch
ca_gat_mappo__small__seed-42__cfg-6f2181b8e38c__git-e469ac5d152b,ca_gat_mappo,small,42,e469ac5d152b50c21427eecb0c098f60c618f9f3,6f2181b8e38c9454f0e5c0e44c3d52a8d1e1e11d7c4abe30331f6c5c8ef4e824,ppo_epoch,681,43776,,,,,,,,,,,,,,,170,0,170,171,0.0003,0.0003,0.2,0.6200265288352966,PPO clipped-surrogate actor + half-MSE critic,0.012992620468139648,1.225962519645691,0.5947335362434387,0.6200265288352966,1.0,0.42184901237487793,0.8096429109573364,signal-watch
ca_gat_mappo__small__seed-42__cfg-6f2181b8e38c__git-e469ac5d152b,ca_gat_mappo,small,42,e469ac5d152b50c21427eecb0c098f60c618f9f3,6f2181b8e38c9454f0e5c0e44c3d52a8d1e1e11d7c4abe30331f6c5c8ef4e824,ppo_epoch,682,43776,,,,,,,,,,,,,,,170,1,170,171,0.0003,0.0003,0.2,0.6116990447044373,PPO clipped-surrogate actor + half-MSE critic,0.011260073632001877,1.2127282619476318,0.5925192832946777,0.6116990447044373,0.9998707175254822,1.9703114032745361,0.7596951723098755,signal-watch
ca_gat_mappo__small__seed-42__cfg-6f2181b8e38c__git-e469ac5d152b,ca_gat_mappo,small,42,e469ac5d152b50c21427eecb0c098f60c618f9f3,6f2181b8e38c9454f0e5c0e44c3d52a8d1e1e11d7c4abe30331f6c5c8ef4e824,ppo_epoch,683,43776,,,,,,,,,,,,,,,170,2,170,171,0.0003,0.0003,0.2,0.5994933843612671,PPO clipped-surrogate actor + half-MSE critic,0.008660275489091873,1.1934599876403809,0.5896840691566467,0.5994933843612671,0.9984868764877319,0.4611663222312927,0.6676037311553955,signal-watch
ca_gat_mappo__small__seed-42__cfg-6f2181b8e38c__git-e469ac5d152b,ca_gat_mappo,small,42,e469ac5d152b50c21427eecb0c098f60c618f9f3,6f2181b8e38c9454f0e5c0e44c3d52a8d1e1e11d7c4abe30331f6c5c8ef4e824,ppo_epoch,684,43776,,,,,,,,,,,,,,,170,3,170,171,0.0003,0.0003,0.2,0.5853235721588135,PPO clipped-surrogate actor + half-MSE critic,0.005061496049165726,1.1722203493118286,0.584810733795166,0.5853235721588135,0.9972074031829834,0.38922715187072754,0.5567240715026855,signal-watch
ca_gat_mappo__small__seed-42__cfg-6f2181b8e38c__git-e469ac5d152b,ca_gat_mappo,small,42,e469ac5d152b50c21427eecb0c098f60c618f9f3,6f2181b8e38c9454f0e5c0e44c3d52a8d1e1e11d7c4abe30331f6c5c8ef4e824,ppo_epoch,685,44032,,,,,,,,,,,,,,,171,0,171,172,0.0003,0.0003,0.2,1.2926359176635742,PPO clipped-surrogate actor + half-MSE critic,-0.10263621062040329,2.8024446964263916,0.5950156450271606,1.2926359176635742,1.0,2.62925386428833,2.3859972953796387,signal-watch
ca_gat_mappo__small__seed-42__cfg-6f2181b8e38c__git-e469ac5d152b,ca_gat_mappo,small,42,e469ac5d152b50c21427eecb0c098f60c618f9f3,6f2181b8e38c9454f0e5c0e44c3d52a8d1e1e11d7c4abe30331f6c5c8ef4e824,ppo_epoch,686,44032,,,,,,,,,,,,,,,171,1,171,172,0.0003,0.0003,0.2,1.2610077857971191,PPO clipped-surrogate actor + half-MSE critic,-0.10984153300523758,2.7534351348876953,0.5868250131607056,1.2610077857971191,0.9996232986450195,0.8760101795196533,2.1374685764312744,signal-watch
ca_gat_mappo__small__seed-42__cfg-6f2181b8e38c__git-e469ac5d152b,ca_gat_mappo,small,42,e469ac5d152b50c21427eecb0c098f60c618f9f3,6f2181b8e38c9454f0e5c0e44c3d52a8d1e1e11d7c4abe30331f6c5c8ef4e824,ppo_epoch,687,44032,,,,,,,,,,,,,,,171,2,171,172,0.0003,0.0003,0.2,1.2208211421966553,PPO clipped-surrogate actor + half-MSE critic,-0.11978910118341446,2.6927390098571777,0.5759222507476807,1.2208211421966553,0.9995948076248169,0.7680209279060364,1.8074084520339966,signal-watch
ca_gat_mappo__small__seed-42__cfg-6f2181b8e38c__git-e469ac5d152b,ca_gat_mappo,small,42,e469ac5d152b50c21427eecb0c098f60c618f9f3,6f2181b8e38c9454f0e5c0e44c3d52a8d1e1e11d7c4abe30331f6c5c8ef4e824,ppo_epoch,688,44032,,,,,,,,,,,,,,,171,3,171,172,0.0003,0.0003,0.2,1.1852946281433105,PPO clipped-surrogate actor + half-MSE critic,-0.12422669678926468,2.630277633666992,0.5617466568946838,1.1852946281433105,0.9995967745780945,2.096019983291626,1.5283184051513672,signal-watch
ca_gat_mappo__small__seed-42__cfg-6f2181b8e38c__git-e469ac5d152b,ca_gat_mappo,small,42,e469ac5d152b50c21427eecb0c098f60c618f9f3,6f2181b8e38c9454f0e5c0e44c3d52a8d1e1e11d7c4abe30331f6c5c8ef4e824,ppo_epoch,689,44288,,,,,,,,,,,,,,,172,0,172,173,0.0003,0.0003,0.2,0.3121632933616638,PPO clipped-surrogate actor + half-MSE critic,-0.7522429823875427,2.1398324966430664,0.5509986877441406,0.3121632933616638,1.0,0.48086848855018616,10.3279447555542,signal-watch
ca_gat_mappo__small__seed-42__cfg-6f2181b8e38c__git-e469ac5d152b,ca_gat_mappo,small,42,e469ac5d152b50c21427eecb0c098f60c618f9f3,6f2181b8e38c9454f0e5c0e44c3d52a8d1e1e11d7c4abe30331f6c5c8ef4e824,ppo_epoch,690,44288,,,,,,,,,,,,,,,172,1,172,173,0.0003,0.0003,0.2,0.24755772948265076,PPO clipped-surrogate actor + half-MSE critic,-0.7564289569854736,2.0188164710998535,0.5421549677848816,0.24755772948265076,1.0003125667572021,0.43732380867004395,9.513426780700684,signal-watch
ca_gat_mappo__small__seed-42__cfg-6f2181b8e38c__git-e469ac5d152b,ca_gat_mappo,small,42,e469ac5d152b50c21427eecb0c098f60c618f9f3,6f2181b8e38c9454f0e5c0e44c3d52a8d1e1e11d7c4abe30331f6c5c8ef4e824,ppo_epoch,691,44288,,,,,,,,,,,,,,,172,2,172,173,0.0003,0.0003,0.2,0.14773258566856384,PPO clipped-surrogate actor + half-MSE critic,-0.7621773481369019,1.8304755687713623,0.5327852964401245,0.14773258566856384,1.0005738735198975,0.6253814697265625,8.140215873718262,signal-watch
ca_gat_mappo__small__seed-42__cfg-6f2181b8e38c__git-e469ac5d152b,ca_gat_mappo,small,42,e469ac5d152b50c21427eecb0c098f60c618f9f3,6f2181b8e38c9454f0e5c0e44c3d52a8d1e1e11d7c4abe30331f6c5c8ef4e824,ppo_epoch,692,44288,,,,,,,,,,,,,,,172,3,172,173,0.0003,0.0003,0.2,0.03636406362056732,PPO clipped-surrogate actor + half-MSE critic,-0.7683272361755371,1.6198434829711914,0.5230442881584167,0.03636406362056732,1.0009407997131348,0.5977483987808228,6.391611576080322,signal-watch
ca_gat_mappo__small__seed-42__cfg-6f2181b8e38c__git-e469ac5d152b,ca_gat_mappo,small,42,e469ac5d152b50c21427eecb0c098f60c618f9f3,6f2181b8e38c9454f0e5c0e44c3d52a8d1e1e11d7c4abe30331f6c5c8ef4e824,ppo_epoch,693,44544,,,,,,,,,,,,,,,173,0,173,174,0.0003,0.0003,0.2,-0.5140904784202576,PPO clipped-surrogate actor + half-MSE critic,-1.6609866619110107,2.302886724472046,0.4547154903411865,-0.5140904784202576,1.0,0.410238116979599,14.054654121398926,signal-watch
ca_gat_mappo__small__seed-42__cfg-6f2181b8e38c__git-e469ac5d152b,ca_gat_mappo,small,42,e469ac5d152b50c21427eecb0c098f60c618f9f3,6f2181b8e38c9454f0e5c0e44c3d52a8d1e1e11d7c4abe30331f6c5c8ef4e824,ppo_epoch,694,44544,,,,,,,,,,,,,,,173,1,173,174,0.0003,0.0003,0.2,-0.6929954290390015,PPO clipped-surrogate actor + half-MSE critic,-1.6637665033340454,1.9504563808441162,0.44571155309677124,-0.6929954290390015,1.001004695892334,0.3912690281867981,11.900162696838379,signal-watch
ca_gat_mappo__small__seed-42__cfg-6f2181b8e38c__git-e469ac5d152b,ca_gat_mappo,small,42,e469ac5d152b50c21427eecb0c098f60c618f9f3,6f2181b8e38c9454f0e5c0e44c3d52a8d1e1e11d7c4abe30331f6c5c8ef4e824,ppo_epoch,695,44544,,,,,,,,,,,,,,,173,2,173,174,0.0003,0.0003,0.2,-0.8618161678314209,PPO clipped-surrogate actor + half-MSE critic,-1.6670489311218262,1.6192289590835571,0.43817460536956787,-0.8618161678314209,1.0022032260894775,0.3605150580406189,9.548127174377441,signal-watch
ca_gat_mappo__small__seed-42__cfg-6f2181b8e38c__git-e469ac5d152b,ca_gat_mappo,small,42,e469ac5d152b50c21427eecb0c098f60c618f9f3,6f2181b8e38c9454f0e5c0e44c3d52a8d1e1e11d7c4abe30331f6c5c8ef4e824,ppo_epoch,696,44544,,,,,,,,,,,,,,,173,3,173,174,0.0003,0.0003,0.2,-1.0028499364852905,PPO clipped-surrogate actor + half-MSE critic,-1.6684731245040894,1.3398618698120117,0.43077248334884644,-1.0028499364852905,1.0035154819488525,0.46756428480148315,7.066713333129883,signal-watch
ca_gat_mappo__small__seed-42__cfg-6f2181b8e38c__git-e469ac5d152b,ca_gat_mappo,small,42,e469ac5d152b50c21427eecb0c098f60c618f9f3,6f2181b8e38c9454f0e5c0e44c3d52a8d1e1e11d7c4abe30331f6c5c8ef4e824,ppo_epoch,697,44800,,,,,,,,,,,,,,,174,0,174,175,0.0003,0.0003,0.2,1.0144102573394775,PPO clipped-surrogate actor + half-MSE critic,0.22686301171779633,1.5859723091125488,0.5438920259475708,1.0144102573394775,1.0,0.5356571078300476,3.1262621879577637,signal-watch
ca_gat_mappo__small__seed-42__cfg-6f2181b8e38c__git-e469ac5d152b,ca_gat_mappo,small,42,e469ac5d152b50c21427eecb0c098f60c618f9f3,6f2181b8e38c9454f0e5c0e44c3d52a8d1e1e11d7c4abe30331f6c5c8ef4e824,ppo_epoch,698,44800,,,,,,,,,,,,,,,174,1,174,175,0.0003,0.0003,0.2,1.0045994520187378,PPO clipped-surrogate actor + half-MSE critic,0.22478187084197998,1.5703456401824951,0.5355211496353149,1.0045994520187378,1.0003019571304321,1.4851566553115845,3.21077823638916,signal-watch
ca_gat_mappo__small__seed-42__cfg-6f2181b8e38c__git-e469ac5d152b,ca_gat_mappo,small,42,e469ac5d152b50c21427eecb0c098f60c618f9f3,6f2181b8e38c9454f0e5c0e44c3d52a8d1e1e11d7c4abe30331f6c5c8ef4e824,ppo_epoch,699,44800,,,,,,,,,,,,,,,174,2,174,175,0.0003,0.0003,0.2,0.9825335741043091,PPO clipped-surrogate actor + half-MSE critic,0.22225989401340485,1.5311198234558105,0.5286191701889038,0.9825335741043091,1.0014193058013916,0.4203343689441681,3.2477638721466064,signal-watch
ca_gat_mappo__small__seed-42__cfg-6f2181b8e38c__git-e469ac5d152b,ca_gat_mappo,small,42,e469ac5d152b50c21427eecb0c098f60c618f9f3,6f2181b8e38c9454f0e5c0e44c3d52a8d1e1e11d7c4abe30331f6c5c8ef4e824,ppo_epoch,700,44800,,,,,,,,,,,,,,,174,3,174,175,0.0003,0.0003,0.2,0.951124370098114,PPO clipped-surrogate actor + half-MSE critic,0.21844741702079773,1.4758069515228271,0.5226577520370483,0.951124370098114,1.0027872323989868,0.8254116773605347,3.0947325229644775,signal-watch
ca_gat_mappo__small__seed-42__cfg-6f2181b8e38c__git-e469ac5d152b,ca_gat_mappo,small,42,e469ac5d152b50c21427eecb0c098f60c618f9f3,6f2181b8e38c9454f0e5c0e44c3d52a8d1e1e11d7c4abe30331f6c5c8ef4e824,ppo_epoch,701,45056,,,,,,,,,,,,,,,175,0,175,176,0.0003,0.0003,0.2,-0.03168021887540817,PPO clipped-surrogate actor + half-MSE critic,-0.4379001557826996,0.8218467831611633,0.4703453779220581,-0.03168021887540817,1.0,0.651981770992279,3.1513259410858154,signal-watch
ca_gat_mappo__small__seed-42__cfg-6f2181b8e38c__git-e469ac5d152b,ca_gat_mappo,small,42,e469ac5d152b50c21427eecb0c098f60c618f9f3,6f2181b8e38c9454f0e5c0e44c3d52a8d1e1e11d7c4abe30331f6c5c8ef4e824,ppo_epoch,702,45056,,,,,,,,,,,,,,,175,1,175,176,0.0003,0.0003,0.2,-0.041640765964984894,PPO clipped-surrogate actor + half-MSE critic,-0.43974795937538147,0.8055213689804077,0.4653491675853729,-0.041640765964984894,0.9997461438179016,0.21992060542106628,2.859905481338501,signal-watch
ca_gat_mappo__small__seed-42__cfg-6f2181b8e38c__git-e469ac5d152b,ca_gat_mappo,small,42,e469ac5d152b50c21427eecb0c098f60c618f9f3,6f2181b8e38c9454f0e5c0e44c3d52a8d1e1e11d7c4abe30331f6c5c8ef4e824,ppo_epoch,703,45056,,,,,,,,,,,,,,,175,2,175,176,0.0003,0.0003,0.2,-0.056699302047491074,PPO clipped-surrogate actor + half-MSE critic,-0.4414490759372711,0.7787266969680786,0.46135762333869934,-0.056699302047491074,1.0000206232070923,0.14703243970870972,2.321723699569702,signal-watch
ca_gat_mappo__small__seed-42__cfg-6f2181b8e38c__git-e469ac5d152b,ca_gat_mappo,small,42,e469ac5d152b50c21427eecb0c098f60c618f9f3,6f2181b8e38c9454f0e5c0e44c3d52a8d1e1e11d7c4abe30331f6c5c8ef4e824,ppo_epoch,704,45056,,,,,,,,,,,,,,,175,3,175,176,0.0003,0.0003,0.2,-0.07026682794094086,PPO clipped-surrogate actor + half-MSE critic,-0.4409635663032532,0.7505465149879456,0.45765212178230286,-0.07026682794094086,1.000262975692749,0.24472106993198395,1.6007660627365112,signal-watch
ca_gat_mappo__small__seed-42__cfg-6f2181b8e38c__git-e469ac5d152b,ca_gat_mappo,small,42,e469ac5d152b50c21427eecb0c098f60c618f9f3,6f2181b8e38c9454f0e5c0e44c3d52a8d1e1e11d7c4abe30331f6c5c8ef4e824,ppo_epoch,705,45312,,,,,,,,,,,,,,,176,0,176,177,0.0003,0.0003,0.2,1.2943469285964966,PPO clipped-surrogate actor + half-MSE critic,0.6479023694992065,1.3006571531295776,0.3883948028087616,1.2943469285964966,1.0,0.13937482237815857,6.440802574157715,signal-watch
ca_gat_mappo__small__seed-42__cfg-6f2181b8e38c__git-e469ac5d152b,ca_gat_mappo,small,42,e469ac5d152b50c21427eecb0c098f60c618f9f3,6f2181b8e38c9454f0e5c0e44c3d52a8d1e1e11d7c4abe30331f6c5c8ef4e824,ppo_epoch,706,45312,,,,,,,,,,,,,,,176,1,176,177,0.0003,0.0003,0.2,1.285659670829773,PPO clipped-surrogate actor + half-MSE critic,0.6479424238204956,1.283124566078186,0.38451239466667175,1.285659670829773,1.000253677368164,0.1380537450313568,6.172336101531982,signal-watch
ca_gat_mappo__small__seed-42__cfg-6f2181b8e38c__git-e469ac5d152b,ca_gat_mappo,small,42,e469ac5d152b50c21427eecb0c098f60c618f9f3,6f2181b8e38c9454f0e5c0e44c3d52a8d1e1e11d7c4abe30331f6c5c8ef4e824,ppo_epoch,707,45312,,,,,,,,,,,,,,,176,2,176,177,0.0003,0.0003,0.2,1.2519643306732178,PPO clipped-surrogate actor + half-MSE critic,0.6478273868560791,1.2158875465393066,0.38067954778671265,1.2519643306732178,1.0002753734588623,0.13689523935317993,4.999512672424316,signal-watch
ca_gat_mappo__small__seed-42__cfg-6f2181b8e38c__git-e469ac5d152b,ca_gat_mappo,small,42,e469ac5d152b50c21427eecb0c098f60c618f9f3,6f2181b8e38c9454f0e5c0e44c3d52a8d1e1e11d7c4abe30331f6c5c8ef4e824,ppo_epoch,708,45312,,,,,,,,,,,,,,,176,3,176,177,0.0003,0.0003,0.2,1.2127532958984375,PPO clipped-surrogate actor + half-MSE critic,0.6475712060928345,1.1379027366638184,0.3769317865371704,1.2127532958984375,1.0000979900360107,0.13577447831630707,3.0984153747558594,signal-watch
ca_gat_mappo__small__seed-42__cfg-6f2181b8e38c__git-e469ac5d152b,ca_gat_mappo,small,42,e469ac5d152b50c21427eecb0c098f60c618f9f3,6f2181b8e38c9454f0e5c0e44c3d52a8d1e1e11d7c4abe30331f6c5c8ef4e824,ppo_epoch,709,45568,,,,,,,,,,,,,,,177,0,177,178,0.0003,0.0003,0.2,-0.10285522043704987,PPO clipped-surrogate actor + half-MSE critic,-0.4008147716522217,0.603701114654541,0.38910043239593506,-0.10285522043704987,1.0,0.26483628153800964,4.0156755447387695,signal-watch
ca_gat_mappo__small__seed-42__cfg-6f2181b8e38c__git-e469ac5d152b,ca_gat_mappo,small,42,e469ac5d152b50c21427eecb0c098f60c618f9f3,6f2181b8e38c9454f0e5c0e44c3d52a8d1e1e11d7c4abe30331f6c5c8ef4e824,ppo_epoch,710,45568,,,,,,,,,,,,,,,177,1,177,178,0.0003,0.0003,0.2,-0.07347865402698517,PPO clipped-surrogate actor + half-MSE critic,-0.4012017250061035,0.6631768941879272,0.3865375518798828,-0.07347865402698517,1.0003104209899902,0.2635466754436493,5.329410076141357,signal-watch
ca_gat_mappo__small__seed-42__cfg-6f2181b8e38c__git-e469ac5d152b,ca_gat_mappo,small,42,e469ac5d152b50c21427eecb0c098f60c618f9f3,6f2181b8e38c9454f0e5c0e44c3d52a8d1e1e11d7c4abe30331f6c5c8ef4e824,ppo_epoch,711,45568,,,,,,,,,,,,,,,177,2,177,178,0.0003,0.0003,0.2,-0.06649348884820938,PPO clipped-surrogate actor + half-MSE critic,-0.4022570252418518,0.6792246103286743,0.3848770260810852,-0.06649348884820938,1.0011777877807617,0.2622711956501007,5.643644332885742,signal-watch
ca_gat_mappo__small__seed-42__cfg-6f2181b8e38c__git-e469ac5d152b,ca_gat_mappo,small,42,e469ac5d152b50c21427eecb0c098f60c618f9f3,6f2181b8e38c9454f0e5c0e44c3d52a8d1e1e11d7c4abe30331f6c5c8ef4e824,ppo_epoch,712,45568,,,,,,,,,,,,,,,177,3,177,178,0.0003,0.0003,0.2,-0.08201408386230469,PPO clipped-surrogate actor + half-MSE critic,-0.40388327836990356,0.6514184474945068,0.38400328159332275,-0.08201408386230469,1.0025111436843872,0.2612566351890564,5.135189056396484,signal-watch
ca_gat_mappo__small__seed-42__cfg-6f2181b8e38c__git-e469ac5d152b,ca_gat_mappo,small,42,e469ac5d152b50c21427eecb0c098f60c618f9f3,6f2181b8e38c9454f0e5c0e44c3d52a8d1e1e11d7c4abe30331f6c5c8ef4e824,ppo_epoch,713,45824,,,,,,,,,,,,,,,178,0,178,179,0.0003,0.0003,0.2,0.635276734828949,PPO clipped-surrogate actor + half-MSE critic,0.3141789436340332,0.6523240804672241,0.5064259767532349,0.635276734828949,1.0,2.4521498680114746,3.886031150817871,signal-watch
ca_gat_mappo__small__seed-42__cfg-6f2181b8e38c__git-e469ac5d152b,ca_gat_mappo,small,42,e469ac5d152b50c21427eecb0c098f60c618f9f3,6f2181b8e38c9454f0e5c0e44c3d52a8d1e1e11d7c4abe30331f6c5c8ef4e824,ppo_epoch,714,45824,,,,,,,,,,,,,,,178,1,178,179,0.0003,0.0003,0.2,0.6163328289985657,PPO clipped-surrogate actor + half-MSE critic,0.31332725286483765,0.6161385774612427,0.5063731670379639,0.6163328289985657,0.9988658428192139,0.386353462934494,3.666846990585327,signal-watch
ca_gat_mappo__small__seed-42__cfg-6f2181b8e38c__git-e469ac5d152b,ca_gat_mappo,small,42,e469ac5d152b50c21427eecb0c098f60c618f9f3,6f2181b8e38c9454f0e5c0e44c3d52a8d1e1e11d7c4abe30331f6c5c8ef4e824,ppo_epoch,715,45824,,,,,,,,,,,,,,,178,2,178,179,0.0003,0.0003,0.2,0.5887618660926819,PPO clipped-surrogate actor + half-MSE critic,0.3124862313270569,0.5626962184906006,0.5072486400604248,0.5887618660926819,0.9980083107948303,2.8381025791168213,3.2350988388061523,signal-watch
ca_gat_mappo__small__seed-42__cfg-6f2181b8e38c__git-e469ac5d152b,ca_gat_mappo,small,42,e469ac5d152b50c21427eecb0c098f60c618f9f3,6f2181b8e38c9454f0e5c0e44c3d52a8d1e1e11d7c4abe30331f6c5c8ef4e824,ppo_epoch,716,45824,,,,,,,,,,,,,,,178,3,178,179,0.0003,0.0003,0.2,0.55815190076828,PPO clipped-surrogate actor + half-MSE critic,0.31123900413513184,0.5039904117584229,0.5082323551177979,0.55815190076828,0.9958670735359192,0.3974190652370453,2.6507232189178467,signal-watch
ca_gat_mappo__small__seed-42__cfg-6f2181b8e38c__git-e469ac5d152b,ca_gat_mappo,small,42,e469ac5d152b50c21427eecb0c098f60c618f9f3,6f2181b8e38c9454f0e5c0e44c3d52a8d1e1e11d7c4abe30331f6c5c8ef4e824,ppo_epoch,717,46080,,,,,,,,,,,,,,,179,0,179,180,0.0003,0.0003,0.2,0.8575007915496826,PPO clipped-surrogate actor + half-MSE critic,0.358353853225708,1.0087792873382568,0.5242710113525391,0.8575007915496826,1.0,0.4951852858066559,3.2974977493286133,signal-watch
ca_gat_mappo__small__seed-42__cfg-6f2181b8e38c__git-e469ac5d152b,ca_gat_mappo,small,42,e469ac5d152b50c21427eecb0c098f60c618f9f3,6f2181b8e38c9454f0e5c0e44c3d52a8d1e1e11d7c4abe30331f6c5c8ef4e824,ppo_epoch,718,46080,,,,,,,,,,,,,,,179,1,179,180,0.0003,0.0003,0.2,0.8454375267028809,PPO clipped-surrogate actor + half-MSE critic,0.3582003116607666,0.9849810600280762,0.5253323316574097,0.8454375267028809,0.9997122287750244,0.4290825426578522,3.0451431274414062,signal-watch
ca_gat_mappo__small__seed-42__cfg-6f2181b8e38c__git-e469ac5d152b,ca_gat_mappo,small,42,e469ac5d152b50c21427eecb0c098f60c618f9f3,6f2181b8e38c9454f0e5c0e44c3d52a8d1e1e11d7c4abe30331f6c5c8ef4e824,ppo_epoch,719,46080,,,,,,,,,,,,,,,179,2,179,180,0.0003,0.0003,0.2,0.8234612941741943,PPO clipped-surrogate actor + half-MSE critic,0.3560366928577423,0.9453262686729431,0.5238538980484009,0.8234612941741943,0.9990071058273315,0.43543392419815063,2.569458484649658,signal-watch
ca_gat_mappo__small__seed-42__cfg-6f2181b8e38c__git-e469ac5d152b,ca_gat_mappo,small,42,e469ac5d152b50c21427eecb0c098f60c618f9f3,6f2181b8e38c9454f0e5c0e44c3d52a8d1e1e11d7c4abe30331f6c5c8ef4e824,ppo_epoch,720,46080,,,,,,,,,,,,,,,179,3,179,180,0.0003,0.0003,0.2,0.7977598309516907,PPO clipped-surrogate actor + half-MSE critic,0.35206013917922974,0.901809573173523,0.5205104351043701,0.7977598309516907,0.9977352023124695,0.4521394670009613,1.945775032043457,signal-watch
ca_gat_mappo__small__seed-42__cfg-6f2181b8e38c__git-e469ac5d152b,ca_gat_mappo,small,42,e469ac5d152b50c21427eecb0c098f60c618f9f3,6f2181b8e38c9454f0e5c0e44c3d52a8d1e1e11d7c4abe30331f6c5c8ef4e824,ppo_epoch,721,46336,,,,,,,,,,,,,,,180,0,180,181,0.0003,0.0003,0.2,0.07658666372299194,PPO clipped-surrogate actor + half-MSE critic,-0.2588810622692108,0.6796057224273682,0.43351370096206665,0.07658666372299194,1.0,0.3532954752445221,2.3802120685577393,signal-watch
ca_gat_mappo__small__seed-42__cfg-6f2181b8e38c__git-e469ac5d152b,ca_gat_mappo,small,42,e469ac5d152b50c21427eecb0c098f60c618f9f3,6f2181b8e38c9454f0e5c0e44c3d52a8d1e1e11d7c4abe30331f6c5c8ef4e824,ppo_epoch,722,46336,,,,,,,,,,,,,,,180,1,180,181,0.0003,0.0003,0.2,0.06156880408525467,PPO clipped-surrogate actor + half-MSE critic,-0.2609492242336273,0.653516948223114,0.42404457926750183,0.06156880408525467,0.9988251328468323,0.22542047500610352,1.3382762670516968,signal-watch
ca_gat_mappo__small__seed-42__cfg-6f2181b8e38c__git-e469ac5d152b,ca_gat_mappo,small,42,e469ac5d152b50c21427eecb0c098f60c618f9f3,6f2181b8e38c9454f0e5c0e44c3d52a8d1e1e11d7c4abe30331f6c5c8ef4e824,ppo_epoch,723,46336,,,,,,,,,,,,,,,180,2,180,181,0.0003,0.0003,0.2,0.05329170078039169,PPO clipped-surrogate actor + half-MSE critic,-0.2629677653312683,0.640769898891449,0.41254836320877075,0.05329170078039169,0.9983335733413696,0.16926486790180206,0.6756584048271179,signal-watch
ca_gat_mappo__small__seed-42__cfg-6f2181b8e38c__git-e469ac5d152b,ca_gat_mappo,small,42,e469ac5d152b50c21427eecb0c098f60c618f9f3,6f2181b8e38c9454f0e5c0e44c3d52a8d1e1e11d7c4abe30331f6c5c8ef4e824,ppo_epoch,724,46336,,,,,,,,,,,,,,,180,3,180,181,0.0003,0.0003,0.2,0.0503765307366848,PPO clipped-surrogate actor + half-MSE critic,-0.26398006081581116,0.6367176175117493,0.4002218246459961,0.0503765307366848,0.9978678822517395,0.13651640713214874,1.244688630104065,signal-watch
ca_gat_mappo__small__seed-42__cfg-6f2181b8e38c__git-e469ac5d152b,ca_gat_mappo,small,42,e469ac5d152b50c21427eecb0c098f60c618f9f3,6f2181b8e38c9454f0e5c0e44c3d52a8d1e1e11d7c4abe30331f6c5c8ef4e824,ppo_epoch,725,46592,,,,,,,,,,,,,,,181,0,181,182,0.0003,0.0003,0.2,-0.556551456451416,PPO clipped-surrogate actor + half-MSE critic,-1.1713032722473145,1.2367076873779297,0.3602023720741272,-0.556551456451416,1.0,0.32830750942230225,9.515509605407715,signal-watch
ca_gat_mappo__small__seed-42__cfg-6f2181b8e38c__git-e469ac5d152b,ca_gat_mappo,small,42,e469ac5d152b50c21427eecb0c098f60c618f9f3,6f2181b8e38c9454f0e5c0e44c3d52a8d1e1e11d7c4abe30331f6c5c8ef4e824,ppo_epoch,726,46592,,,,,,,,,,,,,,,181,1,181,182,0.0003,0.0003,0.2,-0.6070341467857361,PPO clipped-surrogate actor + half-MSE critic,-1.1738792657852173,1.140773057937622,0.35413891077041626,-0.6070341467857361,1.000968098640442,0.3142663836479187,8.95590877532959,signal-watch
ca_gat_mappo__small__seed-42__cfg-6f2181b8e38c__git-e469ac5d152b,ca_gat_mappo,small,42,e469ac5d152b50c21427eecb0c098f60c618f9f3,6f2181b8e38c9454f0e5c0e44c3d52a8d1e1e11d7c4abe30331f6c5c8ef4e824,ppo_epoch,727,46592,,,,,,,,,,,,,,,181,2,181,182,0.0003,0.0003,0.2,-0.6855120658874512,PPO clipped-surrogate actor + half-MSE critic,-1.1775082349777222,0.9909436702728271,0.3475682735443115,-0.6855120658874512,1.002601981163025,0.31513699889183044,8.044987678527832,signal-watch
ca_gat_mappo__small__seed-42__cfg-6f2181b8e38c__git-e469ac5d152b,ca_gat_mappo,small,42,e469ac5d152b50c21427eecb0c098f60c618f9f3,6f2181b8e38c9454f0e5c0e44c3d52a8d1e1e11d7c4abe30331f6c5c8ef4e824,ppo_epoch,728,46592,,,,,,,,,,,,,,,181,3,181,182,0.0003,0.0003,0.2,-0.7736437916755676,PPO clipped-surrogate actor + half-MSE critic,-1.1784882545471191,0.8164902925491333,0.34006667137145996,-0.7736437916755676,1.0043565034866333,2.4409403800964355,6.853365421295166,signal-watch
ca_gat_mappo__small__seed-42__cfg-6f2181b8e38c__git-e469ac5d152b,ca_gat_mappo,small,42,e469ac5d152b50c21427eecb0c098f60c618f9f3,6f2181b8e38c9454f0e5c0e44c3d52a8d1e1e11d7c4abe30331f6c5c8ef4e824,ppo_epoch,729,46848,,,,,,,,,,,,,,,182,0,182,183,0.0003,0.0003,0.2,0.0067079802975058556,PPO clipped-surrogate actor + half-MSE critic,-0.5515005588531494,1.1238486766815186,0.37157994508743286,0.0067079802975058556,1.0,0.23203809559345245,5.411032676696777,signal-watch
ca_gat_mappo__small__seed-42__cfg-6f2181b8e38c__git-e469ac5d152b,ca_gat_mappo,small,42,e469ac5d152b50c21427eecb0c098f60c618f9f3,6f2181b8e38c9454f0e5c0e44c3d52a8d1e1e11d7c4abe30331f6c5c8ef4e824,ppo_epoch,730,46848,,,,,,,,,,,,,,,182,1,182,183,0.0003,0.0003,0.2,-0.04051372781395912,PPO clipped-surrogate actor + half-MSE critic,-0.5523165464401245,1.031036376953125,0.3715369701385498,-0.04051372781395912,0.9995303153991699,0.3579780161380768,4.861688137054443,signal-watch
ca_gat_mappo__small__seed-42__cfg-6f2181b8e38c__git-e469ac5d152b,ca_gat_mappo,small,42,e469ac5d152b50c21427eecb0c098f60c618f9f3,6f2181b8e38c9454f0e5c0e44c3d52a8d1e1e11d7c4abe30331f6c5c8ef4e824,ppo_epoch,731,46848,,,,,,,,,,,,,,,182,2,182,183,0.0003,0.0003,0.2,-0.10148762911558151,PPO clipped-surrogate actor + half-MSE critic,-0.5539306402206421,0.9123284816741943,0.37212318181991577,-0.10148762911558151,0.9993065595626831,0.2361169159412384,4.180295944213867,signal-watch
ca_gat_mappo__small__seed-42__cfg-6f2181b8e38c__git-e469ac5d152b,ca_gat_mappo,small,42,e469ac5d152b50c21427eecb0c098f60c618f9f3,6f2181b8e38c9454f0e5c0e44c3d52a8d1e1e11d7c4abe30331f6c5c8ef4e824,ppo_epoch,732,46848,,,,,,,,,,,,,,,182,3,182,183,0.0003,0.0003,0.2,-0.16476477682590485,PPO clipped-surrogate actor + half-MSE critic,-0.5560576915740967,0.7900515794754028,0.37328749895095825,-0.16476477682590485,0.999302864074707,0.22255878150463104,3.508049488067627,signal-watch
ca_gat_mappo__small__seed-42__cfg-6f2181b8e38c__git-e469ac5d152b,ca_gat_mappo,small,42,e469ac5d152b50c21427eecb0c098f60c618f9f3,6f2181b8e38c9454f0e5c0e44c3d52a8d1e1e11d7c4abe30331f6c5c8ef4e824,ppo_epoch,733,47104,,,,,,,,,,,,,,,183,0,183,184,0.0003,0.0003,0.2,1.1256464719772339,PPO clipped-surrogate actor + half-MSE critic,-0.017600350081920624,2.2952966690063477,0.44015228748321533,1.1256464719772339,1.0,0.6640181541442871,4.675054550170898,signal-watch
ca_gat_mappo__small__seed-42__cfg-6f2181b8e38c__git-e469ac5d152b,ca_gat_mappo,small,42,e469ac5d152b50c21427eecb0c098f60c618f9f3,6f2181b8e38c9454f0e5c0e44c3d52a8d1e1e11d7c4abe30331f6c5c8ef4e824,ppo_epoch,734,47104,,,,,,,,,,,,,,,183,1,183,184,0.0003,0.0003,0.2,1.130181074142456,PPO clipped-surrogate actor + half-MSE critic,-0.02175106108188629,2.3126883506774902,0.4412047266960144,1.130181074142456,0.9993798136711121,0.6506074666976929,5.535604953765869,signal-watch
ca_gat_mappo__small__seed-42__cfg-6f2181b8e38c__git-e469ac5d152b,ca_gat_mappo,small,42,e469ac5d152b50c21427eecb0c098f60c618f9f3,6f2181b8e38c9454f0e5c0e44c3d52a8d1e1e11d7c4abe30331f6c5c8ef4e824,ppo_epoch,735,47104,,,,,,,,,,,,,,,183,2,183,184,0.0003,0.0003,0.2,1.110316514968872,PPO clipped-surrogate actor + half-MSE critic,-0.028019830584526062,2.2854907512664795,0.4409075081348419,1.110316514968872,0.9984551668167114,1.4121006727218628,5.7452616691589355,signal-watch
ca_gat_mappo__small__seed-42__cfg-6f2181b8e38c__git-e469ac5d152b,ca_gat_mappo,small,42,e469ac5d152b50c21427eecb0c098f60c618f9f3,6f2181b8e38c9454f0e5c0e44c3d52a8d1e1e11d7c4abe30331f6c5c8ef4e824,ppo_epoch,736,47104,,,,,,,,,,,,,,,183,3,183,184,0.0003,0.0003,0.2,1.0717989206314087,PPO clipped-surrogate actor + half-MSE critic,-0.02956758439540863,2.2115297317504883,0.43983495235443115,1.0717989206314087,0.9974563121795654,0.6802246570587158,5.365620136260986,signal-watch
ca_gat_mappo__small__seed-42__cfg-6f2181b8e38c__git-e469ac5d152b,ca_gat_mappo,small,42,e469ac5d152b50c21427eecb0c098f60c618f9f3,6f2181b8e38c9454f0e5c0e44c3d52a8d1e1e11d7c4abe30331f6c5c8ef4e824,ppo_epoch,737,47360,,,,,,,,,,,,,,,184,0,184,185,0.0003,0.0003,0.2,-0.14278915524482727,PPO clipped-surrogate actor + half-MSE critic,-0.8187535405158997,1.3597408533096313,0.3906036913394928,-0.14278915524482727,1.0,0.40314048528671265,6.7221760749816895,signal-watch
ca_gat_mappo__small__seed-42__cfg-6f2181b8e38c__git-e469ac5d152b,ca_gat_mappo,small,42,e469ac5d152b50c21427eecb0c098f60c618f9f3,6f2181b8e38c9454f0e5c0e44c3d52a8d1e1e11d7c4abe30331f6c5c8ef4e824,ppo_epoch,738,47360,,,,,,,,,,,,,,,184,1,184,185,0.0003,0.0003,0.2,-0.15158884227275848,PPO clipped-surrogate actor + half-MSE critic,-0.8223941326141357,1.3493530750274658,0.3871254324913025,-0.15158884227275848,1.0009772777557373,0.5398536324501038,6.546282768249512,signal-watch
ca_gat_mappo__small__seed-42__cfg-6f2181b8e38c__git-e469ac5d152b,ca_gat_mappo,small,42,e469ac5d152b50c21427eecb0c098f60c618f9f3,6f2181b8e38c9454f0e5c0e44c3d52a8d1e1e11d7c4abe30331f6c5c8ef4e824,ppo_epoch,739,47360,,,,,,,,,,,,,,,184,2,184,185,0.0003,0.0003,0.2,-0.17933149635791779,PPO clipped-surrogate actor + half-MSE critic,-0.8261534571647644,1.301290512084961,0.38232988119125366,-0.17933149635791779,1.00211763381958,0.2563284933567047,6.117490768432617,signal-watch
ca_gat_mappo__small__seed-42__cfg-6f2181b8e38c__git-e469ac5d152b,ca_gat_mappo,small,42,e469ac5d152b50c21427eecb0c098f60c618f9f3,6f2181b8e38c9454f0e5c0e44c3d52a8d1e1e11d7c4abe30331f6c5c8ef4e824,ppo_epoch,740,47360,,,,,,,,,,,,,,,184,3,184,185,0.0003,0.0003,0.2,-0.2189875841140747,PPO clipped-surrogate actor + half-MSE critic,-0.8282332420349121,1.2260313034057617,0.3769987225532532,-0.2189875841140747,1.0033921003341675,0.24257171154022217,5.479767799377441,signal-watch
ca_gat_mappo__small__seed-42__cfg-6f2181b8e38c__git-e469ac5d152b,ca_gat_mappo,small,42,e469ac5d152b50c21427eecb0c098f60c618f9f3,6f2181b8e38c9454f0e5c0e44c3d52a8d1e1e11d7c4abe30331f6c5c8ef4e824,ppo_epoch,741,47616,,,,,,,,,,,,,,,185,0,185,186,0.0003,0.0003,0.2,-0.309406042098999,PPO clipped-surrogate actor + half-MSE critic,-0.9924335479736328,1.3728206157684326,0.3382791578769684,-0.309406042098999,1.0,0.27416282892227173,8.208723068237305,signal-watch
ca_gat_mappo__small__seed-42__cfg-6f2181b8e38c__git-e469ac5d152b,ca_gat_mappo,small,42,e469ac5d152b50c21427eecb0c098f60c618f9f3,6f2181b8e38c9454f0e5c0e44c3d52a8d1e1e11d7c4abe30331f6c5c8ef4e824,ppo_epoch,742,47616,,,,,,,,,,,,,,,185,1,185,186,0.0003,0.0003,0.2,-0.38725823163986206,PPO clipped-surrogate actor + half-MSE critic,-0.9924375414848328,1.2170262336730957,0.33338120579719543,-0.38725823163986206,0.999762237071991,0.24156711995601654,7.378416061401367,signal-watch
ca_gat_mappo__small__seed-42__cfg-6f2181b8e38c__git-e469ac5d152b,ca_gat_mappo,small,42,e469ac5d152b50c21427eecb0c098f60c618f9f3,6f2181b8e38c9454f0e5c0e44c3d52a8d1e1e11d7c4abe30331f6c5c8ef4e824,ppo_epoch,743,47616,,,,,,,,,,,,,,,185,2,185,186,0.0003,0.0003,0.2,-0.47048404812812805,PPO clipped-surrogate actor + half-MSE critic,-0.9928374290466309,1.0512953996658325,0.32943224906921387,-0.47048404812812805,0.9997156262397766,0.2362770289182663,6.446483135223389,signal-watch
ca_gat_mappo__small__seed-42__cfg-6f2181b8e38c__git-e469ac5d152b,ca_gat_mappo,small,42,e469ac5d152b50c21427eecb0c098f60c618f9f3,6f2181b8e38c9454f0e5c0e44c3d52a8d1e1e11d7c4abe30331f6c5c8ef4e824,ppo_epoch,744,47616,,,,,,,,,,,,,,,185,3,185,186,0.0003,0.0003,0.2,-0.5529255270957947,PPO clipped-surrogate actor + half-MSE critic,-0.9933731555938721,0.8874295949935913,0.3267155885696411,-0.5529255270957947,0.9998661279678345,0.20870475471019745,5.39412784576416,signal-watch
ca_gat_mappo__small__seed-42__cfg-6f2181b8e38c__git-e469ac5d152b,ca_gat_mappo,small,42,e469ac5d152b50c21427eecb0c098f60c618f9f3,6f2181b8e38c9454f0e5c0e44c3d52a8d1e1e11d7c4abe30331f6c5c8ef4e824,ppo_epoch,745,47872,,,,,,,,,,,,,,,186,0,186,187,0.0003,0.0003,0.2,0.16991236805915833,PPO clipped-surrogate actor + half-MSE critic,-0.4414709806442261,1.2312897443771362,0.42615222930908203,0.16991236805915833,1.0,0.34393131732940674,4.146263599395752,signal-watch
ca_gat_mappo__small__seed-42__cfg-6f2181b8e38c__git-e469ac5d152b,ca_gat_mappo,small,42,e469ac5d152b50c21427eecb0c098f60c618f9f3,6f2181b8e38c9454f0e5c0e44c3d52a8d1e1e11d7c4abe30331f6c5c8ef4e824,ppo_epoch,746,47872,,,,,,,,,,,,,,,186,1,186,187,0.0003,0.0003,0.2,0.14083145558834076,PPO clipped-surrogate actor + half-MSE critic,-0.4416327178478241,1.1734395027160645,0.42555832862854004,0.14083145558834076,1.000115990638733,0.3447778820991516,3.2390189170837402,signal-watch
ca_gat_mappo__small__seed-42__cfg-6f2181b8e38c__git-e469ac5d152b,ca_gat_mappo,small,42,e469ac5d152b50c21427eecb0c098f60c618f9f3,6f2181b8e38c9454f0e5c0e44c3d52a8d1e1e11d7c4abe30331f6c5c8ef4e824,ppo_epoch,747,47872,,,,,,,,,,,,,,,186,2,186,187,0.0003,0.0003,0.2,0.10899540781974792,PPO clipped-surrogate actor + half-MSE critic,-0.44269415736198425,1.1118626594543457,0.42417627573013306,0.10899540781974792,1.0005605220794678,0.3419038653373718,2.2282462120056152,signal-watch
ca_gat_mappo__small__seed-42__cfg-6f2181b8e38c__git-e469ac5d152b,ca_gat_mappo,small,42,e469ac5d152b50c21427eecb0c098f60c618f9f3,6f2181b8e38c9454f0e5c0e44c3d52a8d1e1e11d7c4abe30331f6c5c8ef4e824,ppo_epoch,748,47872,,,,,,,,,,,,,,,186,3,186,187,0.0003,0.0003,0.2,0.08434145152568817,PPO clipped-surrogate actor + half-MSE critic,-0.4444744884967804,1.066072702407837,0.4220408797264099,0.08434145152568817,1.001295804977417,0.32940563559532166,1.8596376180648804,signal-watch
ca_gat_mappo__small__seed-42__cfg-6f2181b8e38c__git-e469ac5d152b,ca_gat_mappo,small,42,e469ac5d152b50c21427eecb0c098f60c618f9f3,6f2181b8e38c9454f0e5c0e44c3d52a8d1e1e11d7c4abe30331f6c5c8ef4e824,ppo_epoch,749,48128,,,,,,,,,,,,,,,187,0,187,188,0.0003,0.0003,0.2,-0.3819330036640167,PPO clipped-surrogate actor + half-MSE critic,-0.8242208957672119,0.8926018476486206,0.4013018310070038,-0.3819330036640167,1.0,0.18536056578159332,5.689984321594238,signal-watch
ca_gat_mappo__small__seed-42__cfg-6f2181b8e38c__git-e469ac5d152b,ca_gat_mappo,small,42,e469ac5d152b50c21427eecb0c098f60c618f9f3,6f2181b8e38c9454f0e5c0e44c3d52a8d1e1e11d7c4abe30331f6c5c8ef4e824,ppo_epoch,750,48128,,,,,,,,,,,,,,,187,1,187,188,0.0003,0.0003,0.2,-0.4361446499824524,PPO clipped-surrogate actor + half-MSE critic,-0.8240180015563965,0.7837230563163757,0.39881670475006104,-0.4361446499824524,0.9998880624771118,0.18721148371696472,4.772645950317383,signal-watch
ca_gat_mappo__small__seed-42__cfg-6f2181b8e38c__git-e469ac5d152b,ca_gat_mappo,small,42,e469ac5d152b50c21427eecb0c098f60c618f9f3,6f2181b8e38c9454f0e5c0e44c3d52a8d1e1e11d7c4abe30331f6c5c8ef4e824,ppo_epoch,751,48128,,,,,,,,,,,,,,,187,2,187,188,0.0003,0.0003,0.2,-0.48680683970451355,PPO clipped-surrogate actor + half-MSE critic,-0.8241053223609924,0.6825498342514038,0.3976442813873291,-0.48680683970451355,0.9999074935913086,0.18994808197021484,3.7525973320007324,signal-watch
ca_gat_mappo__small__seed-42__cfg-6f2181b8e38c__git-e469ac5d152b,ca_gat_mappo,small,42,e469ac5d152b50c21427eecb0c098f60c618f9f3,6f2181b8e38c9454f0e5c0e44c3d52a8d1e1e11d7c4abe30331f6c5c8ef4e824,ppo_epoch,752,48128,,,,,,,,,,,,,,,187,3,187,188,0.0003,0.0003,0.2,-0.5301704406738281,PPO clipped-surrogate actor + half-MSE critic,-0.8244584798812866,0.5965293645858765,0.3976636528968811,-0.5301704406738281,1.000057578086853,0.17367984354496002,2.65958309173584,signal-watch
ca_gat_mappo__small__seed-42__cfg-6f2181b8e38c__git-e469ac5d152b,ca_gat_mappo,small,42,e469ac5d152b50c21427eecb0c098f60c618f9f3,6f2181b8e38c9454f0e5c0e44c3d52a8d1e1e11d7c4abe30331f6c5c8ef4e824,ppo_epoch,753,48384,,,,,,,,,,,,,,,188,0,188,189,0.0003,0.0003,0.2,-0.2851044237613678,PPO clipped-surrogate actor + half-MSE critic,-0.7277231812477112,0.8910360336303711,0.2899262309074402,-0.2851044237613678,1.0,0.18558229506015778,6.351778984069824,signal-watch
ca_gat_mappo__small__seed-42__cfg-6f2181b8e38c__git-e469ac5d152b,ca_gat_mappo,small,42,e469ac5d152b50c21427eecb0c098f60c618f9f3,6f2181b8e38c9454f0e5c0e44c3d52a8d1e1e11d7c4abe30331f6c5c8ef4e824,ppo_epoch,754,48384,,,,,,,,,,,,,,,188,1,188,189,0.0003,0.0003,0.2,-0.34919825196266174,PPO clipped-surrogate actor + half-MSE critic,-0.7277090549468994,0.7628368735313416,0.29076212644577026,-0.34919825196266174,1.0000081062316895,0.18583518266677856,4.463767051696777,signal-watch
ca_gat_mappo__small__seed-42__cfg-6f2181b8e38c__git-e469ac5d152b,ca_gat_mappo,small,42,e469ac5d152b50c21427eecb0c098f60c618f9f3,6f2181b8e38c9454f0e5c0e44c3d52a8d1e1e11d7c4abe30331f6c5c8ef4e824,ppo_epoch,755,48384,,,,,,,,,,,,,,,188,2,188,189,0.0003,0.0003,0.2,-0.3945450186729431,PPO clipped-surrogate actor + half-MSE critic,-0.7279672622680664,0.672673761844635,0.2914624810218811,-0.3945450186729431,1.0000804662704468,0.18663522601127625,2.558612585067749,signal-watch
ca_gat_mappo__small__seed-42__cfg-6f2181b8e38c__git-e469ac5d152b,ca_gat_mappo,small,42,e469ac5d152b50c21427eecb0c098f60c618f9f3,6f2181b8e38c9454f0e5c0e44c3d52a8d1e1e11d7c4abe30331f6c5c8ef4e824,ppo_epoch,756,48384,,,,,,,,,,,,,,,188,3,188,189,0.0003,0.0003,0.2,-0.4165478050708771,PPO clipped-surrogate actor + half-MSE critic,-0.7284736633300781,0.629692554473877,0.2920413315296173,-0.4165478050708771,1.0002111196517944,0.1879570186138153,0.663394033908844,signal-watch
ca_gat_mappo__small__seed-42__cfg-6f2181b8e38c__git-e469ac5d152b,ca_gat_mappo,small,42,e469ac5d152b50c21427eecb0c098f60c618f9f3,6f2181b8e38c9454f0e5c0e44c3d52a8d1e1e11d7c4abe30331f6c5c8ef4e824,ppo_epoch,757,48640,,,,,,,,,,,,,,,189,0,189,190,0.0003,0.0003,0.2,0.19307123124599457,PPO clipped-surrogate actor + half-MSE critic,-0.2844162583351135,0.9626985788345337,0.3861793875694275,0.19307123124599457,1.0,0.23051469027996063,2.405226469039917,signal-watch
ca_gat_mappo__small__seed-42__cfg-6f2181b8e38c__git-e469ac5d152b,ca_gat_mappo,small,42,e469ac5d152b50c21427eecb0c098f60c618f9f3,6f2181b8e38c9454f0e5c0e44c3d52a8d1e1e11d7c4abe30331f6c5c8ef4e824,ppo_epoch,758,48640,,,,,,,,,,,,,,,189,1,189,190,0.0003,0.0003,0.2,0.1698964536190033,PPO clipped-surrogate actor + half-MSE critic,-0.2848452031612396,0.9171766042709351,0.38466504216194153,0.1698964536190033,0.9995392560958862,0.22969210147857666,1.0525720119476318,signal-watch
ca_gat_mappo__small__seed-42__cfg-6f2181b8e38c__git-e469ac5d152b,ca_gat_mappo,small,42,e469ac5d152b50c21427eecb0c098f60c618f9f3,6f2181b8e38c9454f0e5c0e44c3d52a8d1e1e11d7c4abe30331f6c5c8ef4e824,ppo_epoch,759,48640,,,,,,,,,,,,,,,189,2,189,190,0.0003,0.0003,0.2,0.16432568430900574,PPO clipped-surrogate actor + half-MSE critic,-0.28561389446258545,0.9075047373771667,0.3812793493270874,0.16432568430900574,0.9990254640579224,0.227334126830101,1.0858343839645386,signal-watch
ca_gat_mappo__small__seed-42__cfg-6f2181b8e38c__git-e469ac5d152b,ca_gat_mappo,small,42,e469ac5d152b50c21427eecb0c098f60c618f9f3,6f2181b8e38c9454f0e5c0e44c3d52a8d1e1e11d7c4abe30331f6c5c8ef4e824,ppo_epoch,760,48640,,,,,,,,,,,,,,,189,3,189,190,0.0003,0.0003,0.2,0.17039558291435242,PPO clipped-surrogate actor + half-MSE critic,-0.2866731286048889,0.921660304069519,0.3761439919471741,0.17039558291435242,0.9984800219535828,0.2235875278711319,1.9892966747283936,signal-watch
ca_gat_mappo__small__seed-42__cfg-6f2181b8e38c__git-e469ac5d152b,ca_gat_mappo,small,42,e469ac5d152b50c21427eecb0c098f60c618f9f3,6f2181b8e38c9454f0e5c0e44c3d52a8d1e1e11d7c4abe30331f6c5c8ef4e824,ppo_epoch,761,48896,,,,,,,,,,,,,,,190,0,190,191,0.0003,0.0003,0.2,0.6541452407836914,PPO clipped-surrogate actor + half-MSE critic,0.41148683428764343,0.49305474758148193,0.38689541816711426,0.6541452407836914,1.0,0.10575427860021591,3.226954221725464,signal-watch
ca_gat_mappo__small__seed-42__cfg-6f2181b8e38c__git-e469ac5d152b,ca_gat_mappo,small,42,e469ac5d152b50c21427eecb0c098f60c618f9f3,6f2181b8e38c9454f0e5c0e44c3d52a8d1e1e11d7c4abe30331f6c5c8ef4e824,ppo_epoch,762,48896,,,,,,,,,,,,,,,190,1,190,191,0.0003,0.0003,0.2,0.6666462421417236,PPO clipped-surrogate actor + half-MSE critic,0.41170191764831543,0.5175168514251709,0.38141071796417236,0.6666462421417236,0.9996955394744873,0.10334083437919617,3.5659801959991455,signal-watch
ca_gat_mappo__small__seed-42__cfg-6f2181b8e38c__git-e469ac5d152b,ca_gat_mappo,small,42,e469ac5d152b50c21427eecb0c098f60c618f9f3,6f2181b8e38c9454f0e5c0e44c3d52a8d1e1e11d7c4abe30331f6c5c8ef4e824,ppo_epoch,763,48896,,,,,,,,,,,,,,,190,2,190,191,0.0003,0.0003,0.2,0.6713278293609619,PPO clipped-surrogate actor + half-MSE critic,0.41181057691574097,0.5265768766403198,0.37711742520332336,0.6713278293609619,0.9994621276855469,0.10165099054574966,3.712324380874634,signal-watch
ca_gat_mappo__small__seed-42__cfg-6f2181b8e38c__git-e469ac5d152b,ca_gat_mappo,small,42,e469ac5d152b50c21427eecb0c098f60c618f9f3,6f2181b8e38c9454f0e5c0e44c3d52a8d1e1e11d7c4abe30331f6c5c8ef4e824,ppo_epoch,764,48896,,,,,,,,,,,,,,,190,3,190,191,0.0003,0.0003,0.2,0.6675694584846497,PPO clipped-surrogate actor + half-MSE critic,0.4118291139602661,0.5189599394798279,0.37396809458732605,0.6675694584846497,0.9992814064025879,0.10052260756492615,3.593172550201416,signal-watch
ca_gat_mappo__small__seed-42__cfg-6f2181b8e38c__git-e469ac5d152b,ca_gat_mappo,small,42,e469ac5d152b50c21427eecb0c098f60c618f9f3,6f2181b8e38c9454f0e5c0e44c3d52a8d1e1e11d7c4abe30331f6c5c8ef4e824,ppo_epoch,765,49152,,,,,,,,,,,,,,,191,0,191,192,0.0003,0.0003,0.2,1.0658345222473145,PPO clipped-surrogate actor + half-MSE critic,0.5041741728782654,1.1305747032165527,0.3627012372016907,1.0658345222473145,1.0,0.3489469289779663,3.7648379802703857,signal-watch
ca_gat_mappo__small__seed-42__cfg-6f2181b8e38c__git-e469ac5d152b,ca_gat_mappo,small,42,e469ac5d152b50c21427eecb0c098f60c618f9f3,6f2181b8e38c9454f0e5c0e44c3d52a8d1e1e11d7c4abe30331f6c5c8ef4e824,ppo_epoch,766,49152,,,,,,,,,,,,,,,191,1,191,192,0.0003,0.0003,0.2,1.0510635375976562,PPO clipped-surrogate actor + half-MSE critic,0.5035886764526367,1.102128267288208,0.3589246869087219,1.0510635375976562,0.9997339248657227,0.34171900153160095,3.3444771766662598,signal-watch
ca_gat_mappo__small__seed-42__cfg-6f2181b8e38c__git-e469ac5d152b,ca_gat_mappo,small,42,e469ac5d152b50c21427eecb0c098f60c618f9f3,6f2181b8e38c9454f0e5c0e44c3d52a8d1e1e11d7c4abe30331f6c5c8ef4e824,ppo_epoch,767,49152,,,,,,,,,,,,,,,191,2,191,192,0.0003,0.0003,0.2,1.033468246459961,PPO clipped-surrogate actor + half-MSE critic,0.5024852752685547,1.0690404176712036,0.3537162244319916,1.033468246459961,0.9992296695709229,0.3266916275024414,2.741685152053833,signal-watch
ca_gat_mappo__small__seed-42__cfg-6f2181b8e38c__git-e469ac5d152b,ca_gat_mappo,small,42,e469ac5d152b50c21427eecb0c098f60c618f9f3,6f2181b8e38c9454f0e5c0e44c3d52a8d1e1e11d7c4abe30331f6c5c8ef4e824,ppo_epoch,768,49152,,,,,,,,,,,,,,,191,3,191,192,0.0003,0.0003,0.2,1.0169533491134644,PPO clipped-surrogate actor + half-MSE critic,0.5010092258453369,1.0388364791870117,0.34740716218948364,1.0169533491134644,0.9985560178756714,0.30599063634872437,2.0497076511383057,signal-watch
ca_gat_mappo__small__seed-42__cfg-6f2181b8e38c__git-e469ac5d152b,ca_gat_mappo,small,42,e469ac5d152b50c21427eecb0c098f60c618f9f3,6f2181b8e38c9454f0e5c0e44c3d52a8d1e1e11d7c4abe30331f6c5c8ef4e824,ppo_epoch,769,49408,,,,,,,,,,,,,,,192,0,192,193,0.0003,0.0003,0.2,0.3734964430332184,PPO clipped-surrogate actor + half-MSE critic,-0.0949363261461258,0.9442672729492188,0.370089590549469,0.3734964430332184,1.0,0.1511128544807434,0.7119654417037964,signal-watch
ca_gat_mappo__small__seed-42__cfg-6f2181b8e38c__git-e469ac5d152b,ca_gat_mappo,small,42,e469ac5d152b50c21427eecb0c098f60c618f9f3,6f2181b8e38c9454f0e5c0e44c3d52a8d1e1e11d7c4abe30331f6c5c8ef4e824,ppo_epoch,770,49408,,,,,,,,,,,,,,,192,1,192,193,0.0003,0.0003,0.2,0.37777554988861084,PPO clipped-surrogate actor + half-MSE critic,-0.09485509991645813,0.9525561332702637,0.3647422194480896,0.37777554988861084,0.9999423027038574,0.1475335657596588,1.2110016345977783,signal-watch
ca_gat_mappo__small__seed-42__cfg-6f2181b8e38c__git-e469ac5d152b,ca_gat_mappo,small,42,e469ac5d152b50c21427eecb0c098f60c618f9f3,6f2181b8e38c9454f0e5c0e44c3d52a8d1e1e11d7c4abe30331f6c5c8ef4e824,ppo_epoch,771,49408,,,,,,,,,,,,,,,192,2,192,193,0.0003,0.0003,0.2,0.3805684447288513,PPO clipped-surrogate actor + half-MSE critic,-0.09491903334856033,0.9582011699676514,0.36131197214126587,0.3805684447288513,1.000074863433838,0.145461767911911,1.460591435432434,signal-watch
ca_gat_mappo__small__seed-42__cfg-6f2181b8e38c__git-e469ac5d152b,ca_gat_mappo,small,42,e469ac5d152b50c21427eecb0c098f60c618f9f3,6f2181b8e38c9454f0e5c0e44c3d52a8d1e1e11d7c4abe30331f6c5c8ef4e824,ppo_epoch,772,49408,,,,,,,,,,,,,,,192,3,192,193,0.0003,0.0003,0.2,0.3806701898574829,PPO clipped-surrogate actor + half-MSE critic,-0.09507230669260025,0.95867520570755,0.35951268672943115,0.3806701898574829,1.0003738403320312,0.15418265759944916,1.4859119653701782,signal-watch
ca_gat_mappo__small__seed-42__cfg-6f2181b8e38c__git-e469ac5d152b,ca_gat_mappo,small,42,e469ac5d152b50c21427eecb0c098f60c618f9f3,6f2181b8e38c9454f0e5c0e44c3d52a8d1e1e11d7c4abe30331f6c5c8ef4e824,ppo_epoch,773,49664,,,,,,,,,,,,,,,193,0,193,194,0.0003,0.0003,0.2,0.016518868505954742,PPO clipped-surrogate actor + half-MSE critic,-0.3572290241718292,0.753010630607605,0.2757423520088196,0.016518868505954742,1.0,0.07256422936916351,2.6884124279022217,signal-watch
ca_gat_mappo__small__seed-42__cfg-6f2181b8e38c__git-e469ac5d152b,ca_gat_mappo,small,42,e469ac5d152b50c21427eecb0c098f60c618f9f3,6f2181b8e38c9454f0e5c0e44c3d52a8d1e1e11d7c4abe30331f6c5c8ef4e824,ppo_epoch,774,49664,,,,,,,,,,,,,,,193,1,193,194,0.0003,0.0003,0.2,0.009196413680911064,PPO clipped-surrogate actor + half-MSE critic,-0.3571698069572449,0.7382444739341736,0.2756016254425049,0.009196413680911064,0.9995632171630859,0.0730338841676712,2.351263999938965,signal-watch
ca_gat_mappo__small__seed-42__cfg-6f2181b8e38c__git-e469ac5d152b,ca_gat_mappo,small,42,e469ac5d152b50c21427eecb0c098f60c618f9f3,6f2181b8e38c9454f0e5c0e44c3d52a8d1e1e11d7c4abe30331f6c5c8ef4e824,ppo_epoch,775,49664,,,,,,,,,,,,,,,193,2,193,194,0.0003,0.0003,0.2,0.000317918136715889,PPO clipped-surrogate actor + half-MSE critic,-0.3571661710739136,0.7204768657684326,0.27543437480926514,0.000317918136715889,0.9991585612297058,0.07335800677537918,1.8705353736877441,signal-watch
ca_gat_mappo__small__seed-42__cfg-6f2181b8e38c__git-e469ac5d152b,ca_gat_mappo,small,42,e469ac5d152b50c21427eecb0c098f60c618f9f3,6f2181b8e38c9454f0e5c0e44c3d52a8d1e1e11d7c4abe30331f6c5c8ef4e824,ppo_epoch,776,49664,,,,,,,,,,,,,,,193,3,193,194,0.0003,0.0003,0.2,-0.00806262344121933,PPO clipped-surrogate actor + half-MSE critic,-0.3572121858596802,0.7038036584854126,0.2752267122268677,-0.00806262344121933,0.9987874031066895,0.07345787435770035,1.2729347944259644,signal-watch
ca_gat_mappo__small__seed-42__cfg-6f2181b8e38c__git-e469ac5d152b,ca_gat_mappo,small,42,e469ac5d152b50c21427eecb0c098f60c618f9f3,6f2181b8e38c9454f0e5c0e44c3d52a8d1e1e11d7c4abe30331f6c5c8ef4e824,ppo_epoch,777,49920,,,,,,,,,,,,,,,194,0,194,195,0.0003,0.0003,0.2,0.3902674913406372,PPO clipped-surrogate actor + half-MSE critic,0.09425864368677139,0.5983337163925171,0.3158016800880432,0.3902674913406372,1.0,0.2226439267396927,0.6921426057815552,signal-watch
ca_gat_mappo__small__seed-42__cfg-6f2181b8e38c__git-e469ac5d152b,ca_gat_mappo,small,42,e469ac5d152b50c21427eecb0c098f60c618f9f3,6f2181b8e38c9454f0e5c0e44c3d52a8d1e1e11d7c4abe30331f6c5c8ef4e824,ppo_epoch,778,49920,,,,,,,,,,,,,,,194,1,194,195,0.0003,0.0003,0.2,0.39378592371940613,PPO clipped-surrogate actor + half-MSE critic,0.09420004487037659,0.605497419834137,0.3162829577922821,0.39378592371940613,1.0000540018081665,0.22450289130210876,1.1169426441192627,signal-watch
ca_gat_mappo__small__seed-42__cfg-6f2181b8e38c__git-e469ac5d152b,ca_gat_mappo,small,42,e469ac5d152b50c21427eecb0c098f60c618f9f3,6f2181b8e38c9454f0e5c0e44c3d52a8d1e1e11d7c4abe30331f6c5c8ef4e824,ppo_epoch,779,49920,,,,,,,,,,,,,,,194,2,194,195,0.0003,0.0003,0.2,0.3959183692932129,PPO clipped-surrogate actor + half-MSE critic,0.09386905282735825,0.6104462146759033,0.3173808455467224,0.3959183692932129,1.0000755786895752,0.22898618876934052,1.3325614929199219,signal-watch
ca_gat_mappo__small__seed-42__cfg-6f2181b8e38c__git-e469ac5d152b,ca_gat_mappo,small,42,e469ac5d152b50c21427eecb0c098f60c618f9f3,6f2181b8e38c9454f0e5c0e44c3d52a8d1e1e11d7c4abe30331f6c5c8ef4e824,ppo_epoch,780,49920,,,,,,,,,,,,,,,194,3,194,195,0.0003,0.0003,0.2,0.3958076238632202,PPO clipped-surrogate actor + half-MSE critic,0.09327482432126999,0.6114470958709717,0.3190748989582062,0.3958076238632202,1.0000696182250977,0.2360215187072754,1.372522234916687,signal-watch
